Latitude (decimal degrees):	61.499
Longitude (decimal degrees):	7.609
Elevation (m):	300
Radiation database:	PVGIS-SARAH3


Slope: 33 deg. (optimum)
Azimuth: 0 deg. 
time,G(i),H_sun,T2m,WS10m,Int
20220101:0011,0.0,0.0,-3.13,0.9,0.0
20220101:0111,0.0,0.0,-3.33,0.9,0.0
20220101:0211,0.0,0.0,-4.04,1.1,0.0
20220101:0311,0.0,0.0,-4.68,1.1,0.0
20220101:0411,0.0,0.0,-5.55,1.03,0.0
20220101:0511,0.0,0.0,-6.32,1.17,0.0
20220101:0611,0.0,0.0,-7.19,1.45,0.0
20220101:0711,0.0,0.0,-12.52,2.0,0.0
20220101:0811,0.0,0.0,-12.14,2.0,0.0
20220101:0911,0.0,0.0,-11.82,1.93,0.0
20220101:1011,3.56,3.91,-10.71,1.79,0.0
20220101:1111,5.34,5.38,-9.81,1.72,0.0
20220101:1211,7.12,5.14,-8.72,1.59,0.0
20220101:1311,2.67,3.2,-8.03,1.66,0.0
20220101:1411,0.0,0.0,-7.46,1.66,0.0
20220101:1511,0.0,0.0,-7.12,1.66,0.0
20220101:1611,0.0,0.0,-6.95,1.79,0.0
20220101:1711,0.0,0.0,-6.64,1.72,0.0
20220101:1811,0.0,0.0,-6.31,1.59,0.0
20220101:1911,0.0,0.0,-6.13,1.38,0.0
20220101:2011,0.0,0.0,-5.81,1.31,0.0
20220101:2111,0.0,0.0,-5.56,1.31,0.0
20220101:2211,0.0,0.0,-4.99,1.24,0.0
20220101:2311,0.0,0.0,-4.18,1.03,0.0
20220102:0011,0.0,0.0,-3.83,0.97,0.0
20220102:0111,0.0,0.0,-3.33,1.03,0.0
20220102:0211,0.0,0.0,-2.82,1.1,0.0
20220102:0311,0.0,0.0,-2.84,1.03,0.0
20220102:0411,0.0,0.0,-2.9,0.97,0.0
20220102:0511,0.0,0.0,-3.09,0.48,0.0
20220102:0611,0.0,0.0,-2.78,0.9,0.0
20220102:0711,0.0,0.0,-2.13,0.9,0.0
20220102:0811,0.0,0.0,-1.98,1.03,0.0
20220102:0911,0.0,0.0,-2.09,1.24,0.0
20220102:1011,3.56,3.98,-2.28,1.17,0.0
20220102:1111,8.9,5.46,-2.58,1.17,0.0
20220102:1211,5.34,5.23,-2.56,1.17,0.0
20220102:1311,2.67,3.3,-2.51,1.17,0.0
20220102:1411,0.0,0.0,-2.67,1.24,0.0
20220102:1511,0.0,0.0,-2.86,1.31,0.0
20220102:1611,0.0,0.0,-2.94,1.31,0.0
20220102:1711,0.0,0.0,-2.96,1.24,0.0
20220102:1811,0.0,0.0,-2.91,1.1,0.0
20220102:1911,0.0,0.0,-3.12,1.17,0.0
20220102:2011,0.0,0.0,-2.95,1.1,0.0
20220102:2111,0.0,0.0,-2.8,1.03,0.0
20220102:2211,0.0,0.0,-2.89,0.9,0.0
20220102:2311,0.0,0.0,-3.08,0.9,0.0
20220103:0011,0.0,0.0,-3.45,0.97,0.0
20220103:0111,0.0,0.0,-3.37,1.03,0.0
20220103:0211,0.0,0.0,-3.39,1.17,0.0
20220103:0311,0.0,0.0,-3.55,1.17,0.0
20220103:0411,0.0,0.0,-3.83,1.17,0.0
20220103:0511,0.0,0.0,-4.2,1.24,0.0
20220103:0611,0.0,0.0,-4.42,1.31,0.0
20220103:0711,0.0,0.0,-2.66,1.24,0.0
20220103:0811,0.0,0.0,-3.12,1.31,0.0
20220103:0911,0.0,0.0,-3.46,1.31,0.0
20220103:1011,15.12,4.05,-4.35,1.38,0.0
20220103:1111,5.34,5.55,-4.37,1.31,0.0
20220103:1211,5.34,5.33,-4.24,1.17,0.0
20220103:1311,2.67,3.41,-3.86,0.83,0.0
20220103:1411,0.0,0.0,-4.29,0.83,0.0
20220103:1511,0.0,0.0,-5.77,1.72,0.0
20220103:1611,0.0,0.0,-5.94,2.28,0.0
20220103:1711,0.0,0.0,-7.08,2.21,0.0
20220103:1811,0.0,0.0,-8.12,1.79,0.0
20220103:1911,0.0,0.0,-8.8,1.52,0.0
20220103:2011,0.0,0.0,-8.09,0.97,0.0
20220103:2111,0.0,0.0,-8.4,0.97,0.0
20220103:2211,0.0,0.0,-8.59,0.97,0.0
20220103:2311,0.0,0.0,-8.69,1.03,0.0
20220104:0011,0.0,0.0,-8.76,1.1,0.0
20220104:0111,0.0,0.0,-8.96,1.17,0.0
20220104:0211,0.0,0.0,-9.24,1.24,0.0
20220104:0311,0.0,0.0,-9.44,1.24,0.0
20220104:0411,0.0,0.0,-9.76,1.31,0.0
20220104:0511,0.0,0.0,-10.14,1.31,0.0
20220104:0611,0.0,0.0,-10.22,1.31,0.0
20220104:0711,0.0,0.0,-11.39,1.45,0.0
20220104:0811,0.0,0.0,-11.44,1.45,0.0
20220104:0911,0.0,0.0,-11.68,1.38,0.0
20220104:1011,9.79,4.14,-12.15,1.38,0.0
20220104:1111,33.81,5.65,-11.96,1.45,0.0
20220104:1211,32.92,5.44,-11.61,1.52,0.0
20220104:1311,2.67,3.53,-11.58,1.52,0.0
20220104:1411,0.0,0.0,-11.48,1.52,0.0
20220104:1511,0.0,0.0,-11.02,1.38,0.0
20220104:1611,0.0,0.0,-10.51,1.17,0.0
20220104:1711,0.0,0.0,-10.53,1.17,0.0
20220104:1811,0.0,0.0,-11.79,1.24,0.0
20220104:1911,0.0,0.0,-10.85,1.59,0.0
20220104:2011,0.0,0.0,-11.2,1.52,0.0
20220104:2111,0.0,0.0,-11.86,1.59,0.0
20220104:2211,0.0,0.0,-12.57,1.66,0.0
20220104:2311,0.0,0.0,-12.4,1.59,0.0
20220105:0011,0.0,0.0,-13.11,1.52,0.0
20220105:0111,0.0,0.0,-14.86,1.66,0.0
20220105:0211,0.0,0.0,-15.28,1.86,0.0
20220105:0311,0.0,0.0,-14.79,1.66,0.0
20220105:0411,0.0,0.0,-14.28,1.59,0.0
20220105:0511,0.0,0.0,-13.78,1.52,0.0
20220105:0611,0.0,0.0,-12.68,1.38,0.0
20220105:0711,0.0,0.0,-12.24,1.24,0.0
20220105:0811,0.0,0.0,-12.57,1.24,0.0
20220105:0911,0.0,0.0,-12.08,1.17,0.0
20220105:1011,3.56,4.23,-12.21,1.17,0.0
20220105:1111,33.81,5.75,-12.52,1.1,0.0
20220105:1211,5.34,5.56,-13.26,1.1,0.0
20220105:1311,3.56,3.66,-12.92,0.97,0.0
20220105:1411,0.0,0.0,-14.14,1.03,0.0
20220105:1511,0.0,0.0,-16.03,1.24,0.0
20220105:1611,0.0,0.0,-14.6,1.17,0.0
20220105:1711,0.0,0.0,-13.16,1.03,0.0
20220105:1811,0.0,0.0,-12.24,0.97,0.0
20220105:1911,0.0,0.0,-12.19,1.1,0.0
20220105:2011,0.0,0.0,-13.28,1.17,0.0
20220105:2111,0.0,0.0,-13.32,1.17,0.0
20220105:2211,0.0,0.0,-13.22,1.1,0.0
20220105:2311,0.0,0.0,-13.17,1.1,0.0
20220106:0011,0.0,0.0,-13.79,1.03,0.0
20220106:0111,0.0,0.0,-12.97,0.97,0.0
20220106:0211,0.0,0.0,-12.42,0.76,0.0
20220106:0311,0.0,0.0,-12.01,0.62,0.0
20220106:0411,0.0,0.0,-11.85,0.55,0.0
20220106:0511,0.0,0.0,-12.21,0.55,0.0
20220106:0611,0.0,0.0,-12.68,0.76,0.0
20220106:0711,0.0,0.0,-14.96,1.17,0.0
20220106:0811,0.0,0.0,-16.01,1.24,0.0
20220106:0911,0.0,0.0,-17.99,1.38,0.0
20220106:1011,4.45,4.32,-17.62,1.38,0.0
20220106:1111,6.23,5.86,-18.32,1.45,0.0
20220106:1211,6.23,5.68,-18.73,1.45,0.0
20220106:1311,3.56,3.79,-18.99,1.59,0.0
20220106:1411,0.0,0.0,-19.31,1.66,0.0
20220106:1511,0.0,0.0,-19.8,1.72,0.0
20220106:1611,0.0,0.0,-19.21,1.72,0.0
20220106:1711,0.0,0.0,-19.0,1.79,0.0
20220106:1811,0.0,0.0,-19.37,1.86,0.0
20220106:1911,0.0,0.0,-18.21,1.86,0.0
20220106:2011,0.0,0.0,-19.01,1.93,0.0
20220106:2111,0.0,0.0,-18.88,2.0,0.0
20220106:2211,0.0,0.0,-18.73,2.07,0.0
20220106:2311,0.0,0.0,-18.39,2.14,0.0
20220107:0011,0.0,0.0,-18.0,2.07,0.0
20220107:0111,0.0,0.0,-17.45,2.0,0.0
20220107:0211,0.0,0.0,-16.19,1.93,0.0
20220107:0311,0.0,0.0,-15.01,1.86,0.0
20220107:0411,0.0,0.0,-14.17,1.86,0.0
20220107:0511,0.0,0.0,-13.47,1.79,0.0
20220107:0611,0.0,0.0,-12.98,1.79,0.0
20220107:0711,0.0,0.0,-12.16,1.72,0.0
20220107:0811,0.0,0.0,-11.91,1.79,0.0
20220107:0911,0.0,0.0,-11.65,1.79,0.0
20220107:1011,4.45,4.43,-11.43,1.72,0.0
20220107:1111,6.23,5.98,-11.15,1.72,0.0
20220107:1211,6.23,5.81,-11.02,1.66,0.0
20220107:1311,3.56,3.93,-10.96,1.66,0.0
20220107:1411,0.0,0.0,-10.96,1.72,0.0
20220107:1511,0.0,0.0,-10.88,1.66,0.0
20220107:1611,0.0,0.0,-10.84,1.59,0.0
20220107:1711,0.0,0.0,-10.8,1.52,0.0
20220107:1811,0.0,0.0,-10.85,1.52,0.0
20220107:1911,0.0,0.0,-10.47,1.59,0.0
20220107:2011,0.0,0.0,-10.67,1.52,0.0
20220107:2111,0.0,0.0,-11.07,1.52,0.0
20220107:2211,0.0,0.0,-11.35,1.52,0.0
20220107:2311,0.0,0.0,-11.97,1.52,0.0
20220108:0011,0.0,0.0,-12.07,1.52,0.0
20220108:0111,0.0,0.0,-12.53,1.52,0.0
20220108:0211,0.0,0.0,-12.87,1.45,0.0
20220108:0311,0.0,0.0,-13.21,1.45,0.0
20220108:0411,0.0,0.0,-13.78,1.59,0.0
20220108:0511,0.0,0.0,-14.46,1.59,0.0
20220108:0611,0.0,0.0,-15.28,1.66,0.0
20220108:0711,0.0,0.0,-13.35,1.52,0.0
20220108:0811,0.0,0.0,-13.91,1.52,0.0
20220108:0911,0.0,0.0,-14.95,1.59,0.0
20220108:1011,6.23,4.54,-15.87,1.66,0.0
20220108:1111,30.25,6.11,-16.18,1.66,0.0
20220108:1211,35.59,5.95,-16.48,1.72,0.0
20220108:1311,3.56,4.08,-17.45,1.72,0.0
20220108:1411,0.0,0.0,-18.92,1.79,0.0
20220108:1511,0.0,0.0,-19.72,1.86,0.0
20220108:1611,0.0,0.0,-19.71,1.86,0.0
20220108:1711,0.0,0.0,-19.75,1.93,0.0
20220108:1811,0.0,0.0,-20.03,1.93,0.0
20220108:1911,0.0,0.0,-14.22,1.72,0.0
20220108:2011,0.0,0.0,-13.74,1.66,0.0
20220108:2111,0.0,0.0,-14.16,1.72,0.0
20220108:2211,0.0,0.0,-14.52,1.79,0.0
20220108:2311,0.0,0.0,-13.99,1.79,0.0
20220109:0011,0.0,0.0,-13.31,1.72,0.0
20220109:0111,0.0,0.0,-12.94,1.72,0.0
20220109:0211,0.0,0.0,-12.69,1.66,0.0
20220109:0311,0.0,0.0,-12.4,1.66,0.0
20220109:0411,0.0,0.0,-12.05,1.59,0.0
20220109:0511,0.0,0.0,-11.91,1.59,0.0
20220109:0611,0.0,0.0,-11.54,1.59,0.0
20220109:0711,0.0,0.0,-10.7,1.59,0.0
20220109:0811,0.0,0.0,-10.69,1.66,0.0
20220109:0911,0.89,1.48,-10.55,1.59,0.0
20220109:1011,17.79,4.66,-10.39,1.52,0.0
20220109:1111,28.47,6.24,-10.16,1.45,0.0
20220109:1211,6.23,6.09,-9.96,1.45,0.0
20220109:1311,3.56,4.23,-9.65,1.38,0.0
20220109:1411,0.0,0.0,-9.55,1.45,0.0
20220109:1511,0.0,0.0,-9.55,1.52,0.0
20220109:1611,0.0,0.0,-9.69,1.45,0.0
20220109:1711,0.0,0.0,-9.78,1.45,0.0
20220109:1811,0.0,0.0,-9.84,1.38,0.0
20220109:1911,0.0,0.0,-8.89,1.24,0.0
20220109:2011,0.0,0.0,-8.58,1.31,0.0
20220109:2111,0.0,0.0,-8.46,1.45,0.0
20220109:2211,0.0,0.0,-8.32,1.45,0.0
20220109:2311,0.0,0.0,-8.24,1.38,0.0
20220110:0011,0.0,0.0,-8.17,1.38,0.0
20220110:0111,0.0,0.0,-7.93,1.38,0.0
20220110:0211,0.0,0.0,-7.9,1.38,0.0
20220110:0311,0.0,0.0,-7.89,1.31,0.0
20220110:0411,0.0,0.0,-7.93,1.31,0.0
20220110:0511,0.0,0.0,-8.01,1.24,0.0
20220110:0611,0.0,0.0,-8.31,1.24,0.0
20220110:0711,0.0,0.0,-8.46,1.38,0.0
20220110:0811,0.0,0.0,-8.55,1.31,0.0
20220110:0911,0.89,1.59,-8.5,1.31,0.0
20220110:1011,4.45,4.79,-8.64,1.38,0.0
20220110:1111,7.12,6.38,-8.55,1.38,0.0
20220110:1211,6.23,6.24,-8.42,1.38,0.0
20220110:1311,4.45,4.39,-8.28,1.31,0.0
20220110:1411,0.0,0.0,-8.45,1.31,0.0
20220110:1511,0.0,0.0,-8.54,1.45,0.0
20220110:1611,0.0,0.0,-8.66,1.45,0.0
20220110:1711,0.0,0.0,-8.91,1.45,0.0
20220110:1811,0.0,0.0,-9.14,1.52,0.0
20220110:1911,0.0,0.0,-8.98,1.52,0.0
20220110:2011,0.0,0.0,-9.05,1.59,0.0
20220110:2111,0.0,0.0,-9.11,1.52,0.0
20220110:2211,0.0,0.0,-9.11,1.52,0.0
20220110:2311,0.0,0.0,-8.98,1.52,0.0
20220111:0011,0.0,0.0,-8.57,1.38,0.0
20220111:0111,0.0,0.0,-8.54,1.38,0.0
20220111:0211,0.0,0.0,-8.16,1.38,0.0
20220111:0311,0.0,0.0,-7.91,1.38,0.0
20220111:0411,0.0,0.0,-7.25,1.24,0.0
20220111:0511,0.0,0.0,-6.96,1.24,0.0
20220111:0611,0.0,0.0,-6.57,1.1,0.0
20220111:0711,0.0,0.0,-5.57,1.1,0.0
20220111:0811,0.0,0.0,-5.24,1.03,0.0
20220111:0911,0.89,1.71,-4.88,0.83,0.0
20220111:1011,19.57,4.92,-4.56,0.55,0.0
20220111:1111,7.12,6.53,-4.01,0.34,0.0
20220111:1211,6.23,6.4,-3.46,0.76,0.0
20220111:1311,4.45,4.56,-3.47,1.1,0.0
20220111:1411,0.0,0.0,-3.63,1.31,0.0
20220111:1511,0.0,0.0,-3.92,1.31,0.0
20220111:1611,0.0,0.0,-4.29,1.03,0.0
20220111:1711,0.0,0.0,-4.52,1.1,0.0
20220111:1811,0.0,0.0,-4.45,1.1,0.0
20220111:1911,0.0,0.0,-5.45,1.03,0.0
20220111:2011,0.0,0.0,-5.13,1.17,0.0
20220111:2111,0.0,0.0,-4.59,1.38,0.0
20220111:2211,0.0,0.0,-4.63,1.59,0.0
20220111:2311,0.0,0.0,-5.62,1.86,0.0
20220112:0011,0.0,0.0,-5.58,1.86,0.0
20220112:0111,0.0,0.0,-5.38,1.86,0.0
20220112:0211,0.0,0.0,-5.23,1.86,0.0
20220112:0311,0.0,0.0,-4.92,1.79,0.0
20220112:0411,0.0,0.0,-4.52,1.72,0.0
20220112:0511,0.0,0.0,-4.25,1.72,0.0
20220112:0611,0.0,0.0,-4.2,1.72,0.0
20220112:0711,0.0,0.0,-3.72,1.86,0.0
20220112:0811,0.0,0.0,-3.24,1.79,0.0
20220112:0911,0.89,1.84,-3.02,1.79,0.0
20220112:1011,4.45,5.06,-3.01,1.79,0.0
20220112:1111,7.12,6.68,-3.18,2.0,0.0
20220112:1211,9.79,6.57,-3.22,2.14,0.0
20220112:1311,5.34,4.73,-3.18,2.28,0.0
20220112:1411,0.0,0.0,-3.02,2.34,0.0
20220112:1511,0.0,0.0,-2.9,2.41,0.0
20220112:1611,0.0,0.0,-2.82,2.48,0.0
20220112:1711,0.0,0.0,-2.56,2.62,0.0
20220112:1811,0.0,0.0,-2.28,2.62,0.0
20220112:1911,0.0,0.0,-1.84,2.41,0.0
20220112:2011,0.0,0.0,-1.59,2.69,0.0
20220112:2111,0.0,0.0,-1.55,2.28,0.0
20220112:2211,0.0,0.0,-0.97,3.03,0.0
20220112:2311,0.0,0.0,-0.6,2.9,0.0
20220113:0011,0.0,0.0,-0.31,2.97,0.0
20220113:0111,0.0,0.0,-0.21,2.9,0.0
20220113:0211,0.0,0.0,-0.1,2.83,0.0
20220113:0311,0.0,0.0,0.01,2.83,0.0
20220113:0411,0.0,0.0,0.22,2.83,0.0
20220113:0511,0.0,0.0,0.29,2.83,0.0
20220113:0611,0.0,0.0,0.39,2.97,0.0
20220113:0711,0.0,0.0,0.49,3.03,0.0
20220113:0811,0.0,0.0,0.54,3.1,0.0
20220113:0911,0.89,1.97,0.41,3.1,0.0
20220113:1011,5.34,5.21,0.28,2.97,0.0
20220113:1111,7.12,6.84,0.29,2.9,0.0
20220113:1211,22.24,6.74,0.16,2.97,0.0
20220113:1311,19.57,4.91,0.13,3.03,0.0
20220113:1411,0.0,0.0,-0.24,2.34,0.0
20220113:1511,0.0,0.0,-0.29,2.83,0.0
20220113:1611,0.0,0.0,-0.28,2.34,0.0
20220113:1711,0.0,0.0,-0.19,2.48,0.0
20220113:1811,0.0,0.0,-0.19,2.55,0.0
20220113:1911,0.0,0.0,0.11,2.97,0.0
20220113:2011,0.0,0.0,0.0,2.97,0.0
20220113:2111,0.0,0.0,-0.02,2.97,0.0
20220113:2211,0.0,0.0,-0.48,4.21,0.0
20220113:2311,0.0,0.0,-1.82,4.55,0.0
20220114:0011,0.0,0.0,-3.14,4.0,0.0
20220114:0111,0.0,0.0,-4.3,4.41,0.0
20220114:0211,0.0,0.0,-5.12,4.07,0.0
20220114:0311,0.0,0.0,-5.53,3.59,0.0
20220114:0411,0.0,0.0,-5.73,3.24,0.0
20220114:0511,0.0,0.0,-5.72,3.03,0.0
20220114:0611,0.0,0.0,-5.79,3.52,0.0
20220114:0711,0.0,0.0,-6.02,2.62,0.0
20220114:0811,0.0,0.0,-6.47,2.48,0.0
20220114:0911,1.78,2.12,-6.35,2.0,0.0
20220114:1011,26.69,5.37,-6.24,2.0,0.0
20220114:1111,17.79,7.01,-6.15,1.93,0.0
20220114:1211,7.12,6.92,-6.13,1.86,0.0
20220114:1311,5.34,5.1,-6.06,1.79,0.0
20220114:1411,0.89,1.69,-6.54,1.72,0.0
20220114:1511,0.0,0.0,-6.99,1.59,0.0
20220114:1611,0.0,0.0,-6.99,1.52,0.0
20220114:1711,0.0,0.0,-6.97,1.45,0.0
20220114:1811,0.0,0.0,-6.7,1.38,0.0
20220114:1911,0.0,0.0,-7.03,1.38,0.0
20220114:2011,0.0,0.0,-6.91,1.24,0.0
20220114:2111,0.0,0.0,-6.82,1.1,0.0
20220114:2211,0.0,0.0,-7.06,1.1,0.0
20220114:2311,0.0,0.0,-7.03,1.1,0.0
20220115:0011,0.0,0.0,-6.45,1.17,0.0
20220115:0111,0.0,0.0,-6.64,1.03,0.0
20220115:0211,0.0,0.0,-6.56,0.97,0.0
20220115:0311,0.0,0.0,-6.79,0.9,0.0
20220115:0411,0.0,0.0,-6.93,0.83,0.0
20220115:0511,0.0,0.0,-7.17,0.9,0.0
20220115:0611,0.0,0.0,-6.73,0.62,0.0
20220115:0711,0.0,0.0,-6.86,0.69,0.0
20220115:0811,0.0,0.0,-6.65,0.55,0.0
20220115:0911,1.78,2.27,-6.71,0.28,0.0
20220115:1011,5.34,5.53,-6.47,0.14,0.0
20220115:1111,34.7,7.19,-6.15,0.28,0.0
20220115:1211,9.79,7.1,-5.7,0.34,0.0
20220115:1311,5.34,5.29,-5.29,0.28,0.0
20220115:1411,0.89,1.89,-5.06,0.34,0.0
20220115:1511,0.0,0.0,-4.93,0.34,0.0
20220115:1611,0.0,0.0,-4.71,0.34,0.0
20220115:1711,0.0,0.0,-4.48,0.34,0.0
20220115:1811,0.0,0.0,-4.35,0.34,0.0
20220115:1911,0.0,0.0,-3.81,0.41,0.0
20220115:2011,0.0,0.0,-3.68,0.48,0.0
20220115:2111,0.0,0.0,-3.74,0.62,0.0
20220115:2211,0.0,0.0,-3.79,0.69,0.0
20220115:2311,0.0,0.0,-3.96,0.69,0.0
20220116:0011,0.0,0.0,-4.13,0.83,0.0
20220116:0111,0.0,0.0,-4.62,0.9,0.0
20220116:0211,0.0,0.0,-5.01,1.1,0.0
20220116:0311,0.0,0.0,-5.05,1.45,0.0
20220116:0411,0.0,0.0,-4.7,1.79,0.0
20220116:0511,0.0,0.0,-4.59,1.93,0.0
20220116:0611,0.0,0.0,-4.38,1.93,0.0
20220116:0711,0.0,0.0,-4.5,1.79,0.0
20220116:0811,0.0,0.0,-4.44,1.66,0.0
20220116:0911,1.78,2.42,-4.72,1.24,0.0
20220116:1011,5.34,5.7,-5.19,1.38,0.0
20220116:1111,11.57,7.37,-5.45,1.66,0.0
20220116:1211,10.68,7.3,-6.27,2.48,0.0
20220116:1311,24.02,5.49,-6.73,2.55,0.0
20220116:1411,2.67,2.09,-6.2,2.9,0.0
20220116:1511,0.0,0.0,-6.47,2.83,0.0
20220116:1611,0.0,0.0,-6.42,2.76,0.0
20220116:1711,0.0,0.0,-6.01,2.97,0.0
20220116:1811,0.0,0.0,-5.55,3.24,0.0
20220116:1911,0.0,0.0,-5.35,4.9,0.0
20220116:2011,0.0,0.0,-6.73,4.14,0.0
20220116:2111,0.0,0.0,-7.72,3.72,0.0
20220116:2211,0.0,0.0,-8.56,3.24,0.0
20220116:2311,0.0,0.0,-9.25,2.83,0.0
20220117:0011,0.0,0.0,-9.65,2.69,0.0
20220117:0111,0.0,0.0,-9.48,2.48,0.0
20220117:0211,0.0,0.0,-9.63,2.55,0.0
20220117:0311,0.0,0.0,-9.54,2.28,0.0
20220117:0411,0.0,0.0,-9.58,2.0,0.0
20220117:0511,0.0,0.0,-9.85,1.93,0.0
20220117:0611,0.0,0.0,-9.42,1.86,0.0
20220117:0711,0.0,0.0,-9.63,1.72,0.0
20220117:0811,0.0,0.0,-9.62,1.66,0.0
20220117:0911,1.78,2.58,-9.27,1.52,0.0
20220117:1011,6.23,5.88,-9.21,1.52,0.0
20220117:1111,8.01,7.56,-9.19,1.52,0.0
20220117:1211,8.01,7.5,-9.14,1.52,0.0
20220117:1311,5.34,5.7,-8.98,1.45,0.0
20220117:1411,1.78,2.3,-8.91,1.31,0.0
20220117:1511,0.0,0.0,-8.99,1.31,0.0
20220117:1611,0.0,0.0,-8.89,1.24,0.0
20220117:1711,0.0,0.0,-8.88,1.17,0.0
20220117:1811,0.0,0.0,-8.61,1.1,0.0
20220117:1911,0.0,0.0,-8.15,0.97,0.0
20220117:2011,0.0,0.0,-7.49,0.83,0.0
20220117:2111,0.0,0.0,-7.33,0.83,0.0
20220117:2211,0.0,0.0,-7.17,0.76,0.0
20220117:2311,0.0,0.0,-7.04,0.62,0.0
20220118:0011,0.0,0.0,-6.91,0.48,0.0
20220118:0111,0.0,0.0,-6.31,0.55,0.0
20220118:0211,0.0,0.0,-6.31,0.48,0.0
20220118:0311,0.0,0.0,-5.72,0.76,0.0
20220118:0411,0.0,0.0,-5.31,0.83,0.0
20220118:0511,0.0,0.0,-5.05,0.97,0.0
20220118:0611,0.0,0.0,-5.26,1.24,0.0
20220118:0711,0.0,0.0,-3.91,0.97,0.0
20220118:0811,0.0,0.0,-3.8,1.03,0.0
20220118:0911,3.56,2.75,-3.66,1.1,0.0
20220118:1011,15.12,6.06,-3.6,1.17,0.0
20220118:1111,10.68,7.75,-3.27,1.17,0.0
20220118:1211,8.01,7.7,-2.92,1.1,0.0
20220118:1311,6.23,5.91,-3.19,1.24,0.0
20220118:1411,1.78,2.51,-3.29,1.31,0.0
20220118:1511,0.0,0.0,-3.15,1.24,0.0
20220118:1611,0.0,0.0,-2.98,1.17,0.0
20220118:1711,0.0,0.0,-3.05,1.24,0.0
20220118:1811,0.0,0.0,-2.78,1.1,0.0
20220118:1911,0.0,0.0,-2.43,1.31,0.0
20220118:2011,0.0,0.0,-2.34,1.24,0.0
20220118:2111,0.0,0.0,-2.6,1.31,0.0
20220118:2211,0.0,0.0,-2.73,1.31,0.0
20220118:2311,0.0,0.0,-3.2,1.52,0.0
20220119:0011,0.0,0.0,-3.53,1.66,0.0
20220119:0111,0.0,0.0,-3.91,1.52,0.0
20220119:0211,0.0,0.0,-4.32,1.66,0.0
20220119:0311,0.0,0.0,-4.24,1.66,0.0
20220119:0411,0.0,0.0,-4.12,1.59,0.0
20220119:0511,0.0,0.0,-4.25,1.59,0.0
20220119:0611,0.0,0.0,-4.3,1.59,0.0
20220119:0711,0.0,0.0,-3.65,1.72,0.0
20220119:0811,0.0,0.0,-3.38,1.59,0.0
20220119:0911,2.67,2.93,-3.42,1.52,0.0
20220119:1011,11.57,6.25,-2.89,1.24,0.0
20220119:1111,14.23,7.95,-3.29,1.52,0.0
20220119:1211,12.46,7.91,-3.5,2.41,0.0
20220119:1311,6.23,6.12,-4.54,2.41,0.0
20220119:1411,1.78,2.73,-5.92,2.69,0.0
20220119:1511,0.0,0.0,-7.57,2.9,0.0
20220119:1611,0.0,0.0,-8.8,2.41,0.0
20220119:1711,0.0,0.0,-10.05,3.17,0.0
20220119:1811,0.0,0.0,-10.84,2.69,0.0
20220119:1911,0.0,0.0,-11.32,2.83,0.0
20220119:2011,0.0,0.0,-12.2,2.48,0.0
20220119:2111,0.0,0.0,-12.26,1.93,0.0
20220119:2211,0.0,0.0,-11.16,1.72,0.0
20220119:2311,0.0,0.0,-11.43,1.66,0.0
20220120:0011,0.0,0.0,-11.13,1.59,0.0
20220120:0111,0.0,0.0,-10.8,1.52,0.0
20220120:0211,0.0,0.0,-10.23,1.86,0.0
20220120:0311,0.0,0.0,-10.27,2.55,0.0
20220120:0411,0.0,0.0,-10.77,2.41,0.0
20220120:0511,0.0,0.0,-11.22,2.41,0.0
20220120:0611,0.0,0.0,-11.65,2.07,0.0
20220120:0711,0.0,0.0,-12.46,2.07,0.0
20220120:0811,0.0,0.0,-12.9,1.86,0.0
20220120:0911,2.67,3.11,-13.04,1.86,0.0
20220120:1011,7.12,6.45,-12.84,1.79,0.0
20220120:1111,8.9,8.16,-12.47,1.59,0.0
20220120:1211,8.9,8.13,-12.17,1.59,0.0
20220120:1311,6.23,6.35,-11.92,1.66,0.0
20220120:1411,2.67,2.96,-11.82,1.72,0.0
20220120:1511,0.0,0.0,-11.88,1.72,0.0
20220120:1611,0.0,0.0,-11.86,1.86,0.0
20220120:1711,0.0,0.0,-11.81,1.79,0.0
20220120:1811,0.0,0.0,-11.61,1.59,0.0
20220120:1911,0.0,0.0,-11.3,1.45,0.0
20220120:2011,0.0,0.0,-11.04,1.38,0.0
20220120:2111,0.0,0.0,-10.76,1.31,0.0
20220120:2211,0.0,0.0,-10.66,1.31,0.0
20220120:2311,0.0,0.0,-10.49,1.24,0.0
20220121:0011,0.0,0.0,-10.08,1.17,0.0
20220121:0111,0.0,0.0,-9.19,1.03,0.0
20220121:0211,0.0,0.0,-9.16,1.03,0.0
20220121:0311,0.0,0.0,-9.01,0.97,0.0
20220121:0411,0.0,0.0,-8.58,0.83,0.0
20220121:0511,0.0,0.0,-8.31,0.9,0.0
20220121:0611,0.0,0.0,-8.22,0.97,0.0
20220121:0711,0.0,0.0,-7.39,1.03,0.0
20220121:0811,0.0,0.0,-6.87,0.9,0.0
20220121:0911,2.67,3.31,-6.55,0.9,0.0
20220121:1011,7.12,6.65,-6.21,0.9,0.0
20220121:1111,8.9,8.38,-5.91,0.9,0.0
20220121:1211,8.9,8.35,-5.57,0.97,0.0
20220121:1311,7.12,6.58,-5.26,0.9,0.0
20220121:1411,2.67,3.19,-4.93,0.9,0.0
20220121:1511,0.0,0.0,-4.77,0.9,0.0
20220121:1611,0.0,0.0,-4.6,0.83,0.0
20220121:1711,0.0,0.0,-4.35,0.76,0.0
20220121:1811,0.0,0.0,-4.16,0.62,0.0
20220121:1911,0.0,0.0,-3.79,0.62,0.0
20220121:2011,0.0,0.0,-3.48,0.55,0.0
20220121:2111,0.0,0.0,-3.23,0.48,0.0
20220121:2211,0.0,0.0,-3.25,0.48,0.0
20220121:2311,0.0,0.0,-3.2,0.48,0.0
20220122:0011,0.0,0.0,-3.19,0.55,0.0
20220122:0111,0.0,0.0,-3.21,0.62,0.0
20220122:0211,0.0,0.0,-3.04,0.62,0.0
20220122:0311,0.0,0.0,-3.08,0.48,0.0
20220122:0411,0.0,0.0,-2.89,0.48,0.0
20220122:0511,0.0,0.0,-2.8,0.55,0.0
20220122:0611,0.0,0.0,-2.57,0.69,0.0
20220122:0711,0.0,0.0,-2.36,0.83,0.0
20220122:0811,0.0,0.0,-2.25,0.9,0.0
20220122:0911,3.56,3.5,-2.15,0.76,0.0
20220122:1011,41.81,6.86,-2.05,0.76,0.0
20220122:1111,9.79,8.6,-1.96,0.76,0.0
20220122:1211,9.79,8.58,-1.81,0.83,0.0
20220122:1311,7.12,6.81,-1.7,0.83,0.0
20220122:1411,2.67,3.42,-1.5,0.83,0.0
20220122:1511,0.0,0.0,-1.37,0.9,0.0
20220122:1611,0.0,0.0,-1.25,1.03,0.0
20220122:1711,0.0,0.0,-1.2,1.03,0.0
20220122:1811,0.0,0.0,-1.42,1.1,0.0
20220122:1911,0.0,0.0,-0.7,1.03,0.0
20220122:2011,0.0,0.0,-0.71,1.17,0.0
20220122:2111,0.0,0.0,-0.83,1.17,0.0
20220122:2211,0.0,0.0,-0.93,1.17,0.0
20220122:2311,0.0,0.0,-0.98,1.17,0.0
20220123:0011,0.0,0.0,-1.12,1.24,0.0
20220123:0111,0.0,0.0,-1.35,1.31,0.0
20220123:0211,0.0,0.0,-1.42,1.31,0.0
20220123:0311,0.0,0.0,-1.52,1.31,0.0
20220123:0411,0.0,0.0,-1.46,1.31,0.0
20220123:0511,0.0,0.0,-1.25,1.17,0.0
20220123:0611,0.0,0.0,-0.93,1.03,0.0
20220123:0711,0.0,0.0,-1.55,1.24,0.0
20220123:0811,0.0,0.0,-1.54,1.24,0.0
20220123:0911,4.45,3.71,-1.56,1.24,0.0
20220123:1011,43.59,7.08,-1.56,1.17,0.0
20220123:1111,38.26,8.83,-1.54,1.17,0.0
20220123:1211,33.81,8.82,-1.55,1.24,0.0
20220123:1311,7.12,7.05,-1.34,1.24,0.0
20220123:1411,2.67,3.66,-1.33,1.31,0.0
20220123:1511,0.0,0.0,-1.5,1.52,0.0
20220123:1611,0.0,0.0,-1.41,1.45,0.0
20220123:1711,0.0,0.0,-1.46,1.52,0.0
20220123:1811,0.0,0.0,-1.4,1.59,0.0
20220123:1911,0.0,0.0,-1.29,1.79,0.0
20220123:2011,0.0,0.0,-1.35,1.86,0.0
20220123:2111,0.0,0.0,-1.35,2.0,0.0
20220123:2211,0.0,0.0,-2.32,2.0,0.0
20220123:2311,0.0,0.0,-2.45,2.14,0.0
20220124:0011,0.0,0.0,-2.32,2.0,0.0
20220124:0111,0.0,0.0,-2.2,2.0,0.0
20220124:0211,0.0,0.0,-2.08,2.0,0.0
20220124:0311,0.0,0.0,-1.96,2.14,0.0
20220124:0411,0.0,0.0,-1.91,2.07,0.0
20220124:0511,0.0,0.0,-1.78,2.34,0.0
20220124:0611,0.0,0.0,-1.72,2.21,0.0
20220124:0711,0.0,0.0,-1.69,2.41,0.0
20220124:0811,0.0,0.0,-1.58,2.14,0.0
20220124:0911,3.56,3.91,-1.54,2.14,0.0
20220124:1011,8.01,7.3,-1.61,1.66,0.0
20220124:1111,10.68,9.06,-1.57,1.93,0.0
20220124:1211,9.79,9.06,-1.58,1.86,0.0
20220124:1311,8.01,7.3,-2.2,2.48,0.0
20220124:1411,3.56,3.91,-3.08,2.28,0.0
20220124:1511,0.0,0.0,-3.63,2.14,0.0
20220124:1611,0.0,0.0,-4.64,2.07,0.0
20220124:1711,0.0,0.0,-4.37,2.07,0.0
20220124:1811,0.0,0.0,-4.14,2.14,0.0
20220124:1911,0.0,0.0,-3.71,2.28,0.0
20220124:2011,0.0,0.0,-3.59,2.28,0.0
20220124:2111,0.0,0.0,-3.57,2.28,0.0
20220124:2211,0.0,0.0,-3.59,2.34,0.0
20220124:2311,0.0,0.0,-3.58,2.07,0.0
20220125:0011,0.0,0.0,-4.22,2.0,0.0
20220125:0111,0.0,0.0,-5.24,1.79,0.0
20220125:0211,0.0,0.0,-5.33,1.59,0.0
20220125:0311,0.0,0.0,-5.38,1.38,0.0
20220125:0411,0.0,0.0,-5.0,1.17,0.0
20220125:0511,0.0,0.0,-5.24,0.97,0.0
20220125:0611,0.0,0.0,-5.51,0.83,0.0
20220125:0711,0.0,0.0,-5.88,1.1,0.0
20220125:0811,0.0,0.0,-6.24,1.17,0.0
20220125:0911,16.01,4.13,-5.77,0.9,0.0
20220125:1011,47.15,7.53,-5.55,0.97,0.0
20220125:1111,58.72,9.3,-5.26,1.03,0.0
20220125:1211,31.14,9.31,-5.19,1.03,0.0
20220125:1311,8.01,7.55,-5.17,1.17,0.0
20220125:1411,3.56,4.16,-5.1,0.97,0.0
20220125:1511,0.0,0.0,-4.98,0.83,0.0
20220125:1611,0.0,0.0,-4.94,0.83,0.0
20220125:1711,0.0,0.0,-5.0,0.9,0.0
20220125:1811,0.0,0.0,-4.88,0.9,0.0
20220125:1911,0.0,0.0,-4.67,1.03,0.0
20220125:2011,0.0,0.0,-4.4,1.17,0.0
20220125:2111,0.0,0.0,-4.22,1.24,0.0
20220125:2211,0.0,0.0,-4.03,1.45,0.0
20220125:2311,0.0,0.0,-3.93,1.59,0.0
20220126:0011,0.0,0.0,-3.89,1.52,0.0
20220126:0111,0.0,0.0,-5.04,1.38,0.0
20220126:0211,0.0,0.0,-5.21,1.66,0.0
20220126:0311,0.0,0.0,-5.45,1.72,0.0
20220126:0411,0.0,0.0,-6.39,1.93,0.0
20220126:0511,0.0,0.0,-6.51,1.93,0.0
20220126:0611,0.0,0.0,-6.69,1.72,0.0
20220126:0711,0.0,0.0,-6.13,1.59,0.0
20220126:0811,0.0,0.0,-6.03,1.66,0.0
20220126:0911,3.56,4.35,-5.51,1.72,0.0
20220126:1011,8.01,7.76,-5.1,1.79,0.0
20220126:1111,10.68,9.55,-4.85,1.66,0.0
20220126:1211,10.68,9.56,-4.51,1.52,0.0
20220126:1311,18.68,7.8,-4.69,1.72,0.0
20220126:1411,3.56,4.41,-4.3,1.86,0.0
20220126:1511,0.0,0.0,-4.52,2.07,0.0
20220126:1611,0.0,0.0,-4.15,2.28,0.0
20220126:1711,0.0,0.0,-4.06,2.14,0.0
20220126:1811,0.0,0.0,-4.13,1.86,0.0
20220126:1911,0.0,0.0,-4.4,1.52,0.0
20220126:2011,0.0,0.0,-4.64,1.1,0.0
20220126:2111,0.0,0.0,-4.52,0.9,0.0
20220126:2211,0.0,0.0,-4.72,1.03,0.0
20220126:2311,0.0,0.0,-4.39,0.97,0.0
20220127:0011,0.0,0.0,-4.25,1.03,0.0
20220127:0111,0.0,0.0,-3.88,0.9,0.0
20220127:0211,0.0,0.0,-3.72,0.83,0.0
20220127:0311,0.0,0.0,-3.82,0.9,0.0
20220127:0411,0.0,0.0,-3.56,0.69,0.0
20220127:0511,0.0,0.0,-3.36,0.34,0.0
20220127:0611,0.0,0.0,-3.34,0.34,0.0
20220127:0711,0.0,0.0,-2.9,0.14,0.0
20220127:0811,0.0,0.0,-2.89,0.76,0.0
20220127:0911,4.45,4.58,-3.86,1.38,0.0
20220127:1011,8.9,8.0,-3.66,1.52,0.0
20220127:1111,11.57,9.8,-3.86,1.72,0.0
20220127:1211,11.57,9.82,-3.98,1.86,0.0
20220127:1311,8.9,8.06,-4.42,2.0,0.0
20220127:1411,4.45,4.67,-4.88,1.86,0.0
20220127:1511,0.0,0.0,-4.94,1.59,0.0
20220127:1611,0.0,0.0,-4.86,1.45,0.0
20220127:1711,0.0,0.0,-5.09,1.38,0.0
20220127:1811,0.0,0.0,-5.79,1.66,0.0
20220127:1911,0.0,0.0,-5.69,1.52,0.0
20220127:2011,0.0,0.0,-5.79,1.66,0.0
20220127:2111,0.0,0.0,-6.33,1.86,0.0
20220127:2211,0.0,0.0,-6.77,1.86,0.0
20220127:2311,0.0,0.0,-7.34,1.86,0.0
20220128:0011,0.0,0.0,-7.44,1.86,0.0
20220128:0111,0.0,0.0,-7.96,2.0,0.0
20220128:0211,0.0,0.0,-8.23,1.93,0.0
20220128:0311,0.0,0.0,-7.26,1.59,0.0
20220128:0411,0.0,0.0,-6.84,1.24,0.0
20220128:0511,0.0,0.0,-6.87,1.1,0.0
20220128:0611,0.0,0.0,-7.05,1.03,0.0
20220128:0711,0.0,0.0,-7.45,0.9,0.0
20220128:0811,0.0,0.0,-7.44,1.1,0.0
20220128:0911,4.45,4.82,-8.07,1.17,0.0
20220128:1011,8.9,8.25,-8.36,1.17,0.0
20220128:1111,11.57,10.05,-8.44,1.1,0.0
20220128:1211,11.57,10.08,-8.47,1.03,0.0
20220128:1311,8.9,8.33,-8.58,1.03,0.0
20220128:1411,4.45,4.94,-8.59,1.03,0.0
20220128:1511,0.0,0.0,-8.39,0.97,0.0
20220128:1611,0.0,0.0,-8.3,0.97,0.0
20220128:1711,0.0,0.0,-8.16,1.03,0.0
20220128:1811,0.0,0.0,-7.86,0.97,0.0
20220128:1911,0.0,0.0,-7.27,1.03,0.0
20220128:2011,0.0,0.0,-6.99,1.03,0.0
20220128:2111,0.0,0.0,-6.39,0.9,0.0
20220128:2211,0.0,0.0,-5.71,0.76,0.0
20220128:2311,0.0,0.0,-5.36,0.76,0.0
20220129:0011,0.0,0.0,-4.95,0.69,0.0
20220129:0111,0.0,0.0,-4.46,0.62,0.0
20220129:0211,0.0,0.0,-4.01,0.48,0.0
20220129:0311,0.0,0.0,-3.66,0.55,0.0
20220129:0411,0.0,0.0,-3.51,0.76,0.0
20220129:0511,0.0,0.0,-3.2,0.69,0.0
20220129:0611,0.0,0.0,-2.93,0.69,0.0
20220129:0711,0.0,0.0,-1.78,0.83,0.0
20220129:0811,0.0,0.0,-1.6,0.97,0.0
20220129:0911,6.23,5.06,-1.94,1.24,0.0
20220129:1011,9.79,8.5,-1.99,1.31,0.0
20220129:1111,11.57,10.32,-1.68,1.17,0.0
20220129:1211,11.57,10.35,-1.33,1.03,0.0
20220129:1311,9.79,8.6,-1.73,1.17,0.0
20220129:1411,5.34,5.21,-2.67,2.0,0.0
20220129:1511,0.0,0.0,-2.77,2.9,0.0
20220129:1611,0.0,0.0,-4.21,2.62,0.0
20220129:1711,0.0,0.0,-5.77,2.83,0.0
20220129:1811,0.0,0.0,-7.26,3.31,0.0
20220129:1911,0.0,0.0,-7.54,2.9,0.0
20220129:2011,0.0,0.0,-8.22,2.34,0.0
20220129:2111,0.0,0.0,-8.09,2.21,0.0
20220129:2211,0.0,0.0,-7.97,1.72,0.0
20220129:2311,0.0,0.0,-7.56,1.52,0.0
20220130:0011,0.0,0.0,-7.19,1.45,0.0
20220130:0111,0.0,0.0,-7.51,1.72,0.0
20220130:0211,0.0,0.0,-7.62,2.14,0.0
20220130:0311,0.0,0.0,-6.21,2.97,0.0
20220130:0411,0.0,0.0,-6.16,3.03,0.0
20220130:0511,0.0,0.0,-6.6,2.83,0.0
20220130:0611,0.0,0.0,-7.74,2.62,0.0
20220130:0711,0.0,0.0,-8.56,2.62,0.0
20220130:0811,0.0,0.0,-8.61,2.28,0.0
20220130:0911,5.34,5.3,-8.53,2.07,0.0
20220130:1011,9.79,8.76,-8.0,1.79,0.0
20220130:1111,12.46,10.59,-7.67,1.59,0.0
20220130:1211,12.46,10.62,-7.42,1.45,0.0
20220130:1311,9.79,8.87,-7.33,1.31,0.0
20220130:1411,5.34,5.48,-7.6,1.1,0.0
20220130:1511,0.0,0.0,-8.02,1.03,0.0
20220130:1611,0.0,0.0,-8.93,0.9,0.0
20220130:1711,0.0,0.0,-9.54,0.83,0.0
20220130:1811,0.0,0.0,-10.05,0.76,0.0
20220130:1911,0.0,0.0,-9.77,0.62,0.0
20220130:2011,0.0,0.0,-10.21,0.69,0.0
20220130:2111,0.0,0.0,-10.89,0.9,0.0
20220130:2211,0.0,0.0,-11.58,1.17,0.0
20220130:2311,0.0,0.0,-12.04,1.38,0.0
20220131:0011,0.0,0.0,-12.53,1.38,0.0
20220131:0111,0.0,0.0,-12.86,1.38,0.0
20220131:0211,0.0,0.0,-13.03,1.45,0.0
20220131:0311,0.0,0.0,-13.6,1.38,0.0
20220131:0411,0.0,0.0,-13.45,1.45,0.0
20220131:0511,0.0,0.0,-13.41,1.38,0.0
20220131:0611,0.0,0.0,-13.38,0.97,0.0
20220131:0711,0.0,0.0,-12.95,0.97,0.0
20220131:0811,0.0,0.0,-12.77,0.83,0.0
20220131:0911,32.92,5.56,-12.17,0.69,0.0
20220131:1011,59.61,9.03,-11.61,0.48,0.0
20220131:1111,74.73,10.86,-10.97,0.34,0.0
20220131:1211,25.8,10.9,-10.76,0.41,0.0
20220131:1311,33.81,9.16,-10.56,0.28,0.0
20220131:1411,23.13,5.76,-10.41,0.21,0.0
20220131:1511,0.0,0.0,-10.46,0.21,0.0
20220131:1611,0.0,0.0,-10.22,0.14,0.0
20220131:1711,0.0,0.0,-9.89,0.55,0.0
20220131:1811,0.0,0.0,-9.62,0.62,0.0
20220131:1911,0.0,0.0,-9.74,0.41,0.0
20220131:2011,0.0,0.0,-9.55,0.34,0.0
20220131:2111,0.0,0.0,-9.37,0.28,0.0
20220131:2211,0.0,0.0,-9.53,0.34,0.0
20220131:2311,0.0,0.0,-9.43,0.34,0.0
20220201:0011,0.0,0.0,-9.56,0.34,0.0
20220201:0111,0.0,0.0,-9.76,0.41,0.0
20220201:0211,0.0,0.0,-10.0,0.62,0.0
20220201:0311,0.0,0.0,-10.22,0.76,0.0
20220201:0411,0.0,0.0,-10.39,0.9,0.0
20220201:0511,0.0,0.0,-10.66,0.97,0.0
20220201:0611,0.0,0.0,-11.28,1.1,0.0
20220201:0711,0.0,0.0,-11.63,1.52,0.0
20220201:0811,0.0,0.0,-11.29,1.59,0.0
20220201:0911,12.46,5.81,-10.94,1.59,0.0
20220201:1011,50.71,9.3,-10.7,1.38,0.0
20220201:1111,64.95,11.14,-10.48,1.24,0.0
20220201:1211,23.13,11.19,-10.09,0.9,0.0
20220201:1311,29.36,9.44,-9.93,0.9,0.0
20220201:1411,9.79,6.04,-9.96,0.97,0.0
20220201:1511,0.0,0.0,-9.94,0.97,0.0
20220201:1611,0.0,0.0,-9.97,1.1,0.0
20220201:1711,0.0,0.0,-10.46,1.31,0.0
20220201:1811,0.0,0.0,-10.78,1.52,0.0
20220201:1911,0.0,0.0,-9.66,1.31,0.0
20220201:2011,0.0,0.0,-9.55,1.31,0.0
20220201:2111,0.0,0.0,-9.18,1.38,0.0
20220201:2211,0.0,0.0,-8.43,1.1,0.0
20220201:2311,0.0,0.0,-7.98,0.97,0.0
20220202:0011,0.0,0.0,-8.15,0.9,0.0
20220202:0111,0.0,0.0,-8.78,0.83,0.0
20220202:0211,0.0,0.0,-8.82,0.69,0.0
20220202:0311,0.0,0.0,-8.96,0.62,0.0
20220202:0411,0.0,0.0,-8.85,0.76,0.0
20220202:0511,0.0,0.0,-8.95,0.83,0.0
20220202:0611,0.0,0.0,-8.89,0.76,0.0
20220202:0711,0.0,0.0,-8.98,0.83,0.0
20220202:0811,0.0,0.0,-9.05,0.97,0.0
20220202:0911,26.69,6.08,-9.01,0.97,0.0
20220202:1011,31.14,9.57,-9.0,0.9,0.0
20220202:1111,0.0,0.0,-9.79,1.52,0.0
20220202:1211,26.69,11.48,-9.48,1.45,0.0
20220202:1311,30.25,9.73,-8.91,0.97,0.0
20220202:1411,6.23,6.32,-8.79,0.83,0.0
20220202:1511,0.0,0.0,-8.52,0.69,0.0
20220202:1611,0.0,0.0,-8.57,0.69,0.0
20220202:1711,0.0,0.0,-8.77,0.55,0.0
20220202:1811,0.0,0.0,-8.78,0.55,0.0
20220202:1911,0.0,0.0,-7.83,1.1,0.0
20220202:2011,0.0,0.0,-7.68,1.03,0.0
20220202:2111,0.0,0.0,-7.67,0.83,0.0
20220202:2211,0.0,0.0,-7.61,0.62,0.0
20220202:2311,0.0,0.0,-8.18,0.28,0.0
20220203:0011,0.0,0.0,-9.14,0.41,0.0
20220203:0111,0.0,0.0,-9.08,0.76,0.0
20220203:0211,0.0,0.0,-9.28,0.97,0.0
20220203:0311,0.0,0.0,-9.6,1.17,0.0
20220203:0411,0.0,0.0,-10.26,1.31,0.0
20220203:0511,0.0,0.0,-10.3,1.52,0.0
20220203:0611,0.0,0.0,-10.23,1.59,0.0
20220203:0711,0.0,0.0,-10.04,1.66,0.0
20220203:0811,0.0,0.0,-9.74,1.52,0.0
20220203:0911,8.01,6.35,-9.45,1.52,0.0
20220203:1011,11.57,9.85,-9.15,1.59,0.0
20220203:1111,32.92,11.71,-8.82,1.45,0.0
20220203:1211,58.72,11.77,-8.57,1.45,0.0
20220203:1311,46.26,10.02,-8.4,1.38,0.0
20220203:1411,40.04,6.61,-8.42,1.45,0.0
20220203:1511,0.89,1.8,-8.35,1.52,0.0
20220203:1611,0.0,0.0,-8.28,1.52,0.0
20220203:1711,0.0,0.0,-8.17,1.52,0.0
20220203:1811,0.0,0.0,-8.03,1.66,0.0
20220203:1911,0.0,0.0,-7.47,1.59,0.0
20220203:2011,0.0,0.0,-7.13,1.66,0.0
20220203:2111,0.0,0.0,-7.25,1.72,0.0
20220203:2211,0.0,0.0,-7.17,1.86,0.0
20220203:2311,0.0,0.0,-6.86,1.72,0.0
20220204:0011,0.0,0.0,-7.07,1.79,0.0
20220204:0111,0.0,0.0,-6.54,1.24,0.0
20220204:0211,0.0,0.0,-6.16,0.76,0.0
20220204:0311,0.0,0.0,-5.99,0.76,0.0
20220204:0411,0.0,0.0,-6.0,1.1,0.0
20220204:0511,0.0,0.0,-6.4,1.59,0.0
20220204:0611,0.0,0.0,-7.43,1.93,0.0
20220204:0711,0.0,0.0,-7.31,2.0,0.0
20220204:0811,0.89,1.72,-7.98,2.0,0.0
20220204:0911,39.15,6.62,-8.53,2.28,0.0
20220204:1011,26.69,10.14,-8.21,2.07,0.0
20220204:1111,15.12,12.01,-7.74,2.97,0.0
20220204:1211,32.92,12.07,-8.4,2.41,0.0
20220204:1311,39.15,10.32,-8.24,2.28,0.0
20220204:1411,33.81,6.91,-8.45,2.55,0.0
20220204:1511,0.89,2.09,-9.4,2.55,0.0
20220204:1611,0.0,0.0,-9.72,2.28,0.0
20220204:1711,0.0,0.0,-9.65,2.14,0.0
20220204:1811,0.0,0.0,-9.84,2.07,0.0
20220204:1911,0.0,0.0,-9.49,2.0,0.0
20220204:2011,0.0,0.0,-9.1,1.93,0.0
20220204:2111,0.0,0.0,-9.0,2.07,0.0
20220204:2211,0.0,0.0,-8.74,2.28,0.0
20220204:2311,0.0,0.0,-9.18,2.34,0.0
20220205:0011,0.0,0.0,-8.85,2.48,0.0
20220205:0111,0.0,0.0,-8.38,2.97,0.0
20220205:0211,0.0,0.0,-9.02,2.62,0.0
20220205:0311,0.0,0.0,-8.95,2.69,0.0
20220205:0411,0.0,0.0,-9.71,2.62,0.0
20220205:0511,0.0,0.0,-9.45,2.9,0.0
20220205:0611,0.0,0.0,-9.75,2.83,0.0
20220205:0711,0.0,0.0,-9.32,2.0,0.0
20220205:0811,0.89,1.99,-8.95,2.34,0.0
20220205:0911,30.25,6.9,-8.87,2.55,0.0
20220205:1011,12.46,10.43,-9.48,2.07,0.0
20220205:1111,15.12,12.3,-9.3,1.86,0.0
20220205:1211,68.51,12.37,-8.77,1.59,0.0
20220205:1311,72.06,10.62,-9.13,1.86,0.0
20220205:1411,30.25,7.2,-8.56,1.45,0.0
20220205:1511,1.78,2.38,-7.99,1.1,0.0
20220205:1611,0.0,0.0,-8.22,1.24,0.0
20220205:1711,0.0,0.0,-8.48,1.38,0.0
20220205:1811,0.0,0.0,-8.54,1.45,0.0
20220205:1911,0.0,0.0,-7.77,1.17,0.0
20220205:2011,0.0,0.0,-7.48,1.03,0.0
20220205:2111,0.0,0.0,-7.71,1.31,0.0
20220205:2211,0.0,0.0,-7.75,1.59,0.0
20220205:2311,0.0,0.0,-8.6,2.28,0.0
20220206:0011,0.0,0.0,-9.56,2.34,0.0
20220206:0111,0.0,0.0,-9.21,2.0,0.0
20220206:0211,0.0,0.0,-9.29,1.86,0.0
20220206:0311,0.0,0.0,-9.92,1.93,0.0
20220206:0411,0.0,0.0,-10.07,2.0,0.0
20220206:0511,0.0,0.0,-9.95,1.72,0.0
20220206:0611,0.0,0.0,-9.56,1.45,0.0
20220206:0711,0.0,0.0,-9.91,1.86,0.0
20220206:0811,1.78,2.26,-9.87,1.79,0.0
20220206:0911,22.24,7.19,-9.3,1.72,0.0
20220206:1011,70.28,10.73,-9.17,1.59,0.0
20220206:1111,85.41,12.61,-8.78,1.45,0.0
20220206:1211,88.97,12.68,-8.83,1.52,0.0
20220206:1311,70.28,10.93,-8.83,1.66,0.0
20220206:1411,32.03,7.5,-8.73,1.66,0.0
20220206:1511,1.78,2.67,-8.37,1.38,0.0
20220206:1611,0.0,0.0,-8.31,1.17,0.0
20220206:1711,0.0,0.0,-8.01,0.97,0.0
20220206:1811,0.0,0.0,-7.92,0.9,0.0
20220206:1911,0.0,0.0,-8.47,1.17,0.0
20220206:2011,0.0,0.0,-8.47,1.24,0.0
20220206:2111,0.0,0.0,-8.76,1.45,0.0
20220206:2211,0.0,0.0,-8.41,1.24,0.0
20220206:2311,0.0,0.0,-8.5,1.31,0.0
20220207:0011,0.0,0.0,-8.55,1.38,0.0
20220207:0111,0.0,0.0,-8.3,1.24,0.0
20220207:0211,0.0,0.0,-8.18,1.17,0.0
20220207:0311,0.0,0.0,-7.68,1.1,0.0
20220207:0411,0.0,0.0,-7.84,1.17,0.0
20220207:0511,0.0,0.0,-7.63,1.03,0.0
20220207:0611,0.0,0.0,-7.52,0.97,0.0
20220207:0711,0.0,0.0,-7.0,0.83,0.0
20220207:0811,3.56,2.54,-6.8,0.76,0.0
20220207:0911,33.81,7.48,-6.38,0.69,0.0
20220207:1011,13.35,11.03,-6.08,0.69,0.0
20220207:1111,16.01,12.92,-5.65,0.62,0.0
20220207:1211,32.92,12.99,-5.24,0.62,0.0
20220207:1311,48.93,11.24,-5.08,0.76,0.0
20220207:1411,31.14,7.81,-5.07,0.83,0.0
20220207:1511,3.56,2.97,-5.14,1.03,0.0
20220207:1611,0.0,0.0,-5.74,1.17,0.0
20220207:1711,0.0,0.0,-6.09,1.24,0.0
20220207:1811,0.0,0.0,-6.23,1.24,0.0
20220207:1911,0.0,0.0,-5.85,1.31,0.0
20220207:2011,0.0,0.0,-6.09,1.45,0.0
20220207:2111,0.0,0.0,-5.82,1.38,0.0
20220207:2211,0.0,0.0,-5.39,1.24,0.0
20220207:2311,0.0,0.0,-5.61,1.31,0.0
20220208:0011,0.0,0.0,-5.42,1.31,0.0
20220208:0111,0.0,0.0,-4.87,1.24,0.0
20220208:0211,0.0,0.0,-5.46,1.45,0.0
20220208:0311,0.0,0.0,-6.04,1.52,0.0
20220208:0411,0.0,0.0,-6.5,1.66,0.0
20220208:0511,0.0,0.0,-6.53,1.86,0.0
20220208:0611,0.0,0.0,-6.88,2.28,0.0
20220208:0711,0.0,0.0,-6.62,1.72,0.0
20220208:0811,1.78,2.82,-6.51,1.79,0.0
20220208:0911,8.9,7.77,-6.93,2.07,0.0
20220208:1011,13.35,11.33,-7.16,2.28,0.0
20220208:1111,16.9,13.23,-7.04,2.48,0.0
20220208:1211,29.36,13.3,-6.8,2.41,0.0
20220208:1311,15.12,11.55,-6.92,2.41,0.0
20220208:1411,11.57,8.11,-6.64,2.41,0.0
20220208:1511,2.67,3.27,-6.53,2.41,0.0
20220208:1611,0.0,0.0,-6.33,2.62,0.0
20220208:1711,0.0,0.0,-6.4,2.55,0.0
20220208:1811,0.0,0.0,-6.74,2.41,0.0
20220208:1911,0.0,0.0,-6.22,2.41,0.0
20220208:2011,0.0,0.0,-6.13,2.34,0.0
20220208:2111,0.0,0.0,-6.08,2.48,0.0
20220208:2211,0.0,0.0,-5.72,2.55,0.0
20220208:2311,0.0,0.0,-5.77,2.62,0.0
20220209:0011,0.0,0.0,-5.69,2.62,0.0
20220209:0111,0.0,0.0,-5.68,2.62,0.0
20220209:0211,0.0,0.0,-5.82,2.48,0.0
20220209:0311,0.0,0.0,-5.98,2.62,0.0
20220209:0411,0.0,0.0,-5.97,2.34,0.0
20220209:0511,0.0,0.0,-5.94,2.48,0.0
20220209:0611,0.0,0.0,-6.07,2.69,0.0
20220209:0711,0.0,0.0,-5.63,3.52,0.0
20220209:0811,2.67,3.11,-6.59,2.55,0.0
20220209:0911,43.59,8.07,-6.99,2.62,0.0
20220209:1011,14.23,11.64,-7.02,3.03,0.0
20220209:1111,38.26,13.55,-6.82,2.34,0.0
20220209:1211,16.9,13.62,-6.86,2.41,0.0
20220209:1311,34.7,11.87,-7.23,2.55,0.0
20220209:1411,24.02,8.42,-6.83,2.41,0.0
20220209:1511,2.67,3.57,-7.01,2.14,0.0
20220209:1611,0.0,0.0,-6.88,1.93,0.0
20220209:1711,0.0,0.0,-6.68,2.0,0.0
20220209:1811,0.0,0.0,-6.5,2.07,0.0
20220209:1911,0.0,0.0,-6.88,2.41,0.0
20220209:2011,0.0,0.0,-7.29,2.69,0.0
20220209:2111,0.0,0.0,-6.95,2.76,0.0
20220209:2211,0.0,0.0,-6.85,2.76,0.0
20220209:2311,0.0,0.0,-6.59,2.9,0.0
20220210:0011,0.0,0.0,-6.74,3.24,0.0
20220210:0111,0.0,0.0,-7.21,2.9,0.0
20220210:0211,0.0,0.0,-7.41,2.55,0.0
20220210:0311,0.0,0.0,-7.53,2.62,0.0
20220210:0411,0.0,0.0,-7.83,2.41,0.0
20220210:0511,0.0,0.0,-8.78,1.79,0.0
20220210:0611,0.0,0.0,-8.66,1.52,0.0
20220210:0711,0.0,0.0,-7.87,1.17,0.0
20220210:0811,2.67,3.41,-7.43,0.9,0.0
20220210:0911,9.79,8.38,-7.27,0.83,0.0
20220210:1011,61.39,11.96,-7.24,0.9,0.0
20220210:1111,17.79,13.87,-7.25,0.97,0.0
20220210:1211,17.79,13.95,-7.15,1.03,0.0
20220210:1311,15.12,12.19,-7.01,0.97,0.0
20220210:1411,9.79,8.74,-7.13,1.03,0.0
20220210:1511,3.56,3.87,-8.0,1.24,0.0
20220210:1611,0.0,0.0,-7.75,1.03,0.0
20220210:1711,0.0,0.0,-7.97,0.97,0.0
20220210:1811,0.0,0.0,-8.2,1.1,0.0
20220210:1911,0.0,0.0,-8.87,1.1,0.0
20220210:2011,0.0,0.0,-9.73,0.83,0.0
20220210:2111,0.0,0.0,-9.72,0.9,0.0
20220210:2211,0.0,0.0,-9.54,0.97,0.0
20220210:2311,0.0,0.0,-9.34,0.9,0.0
20220211:0011,0.0,0.0,-9.92,1.03,0.0
20220211:0111,0.0,0.0,-9.88,0.97,0.0
20220211:0211,0.0,0.0,-10.24,0.97,0.0
20220211:0311,0.0,0.0,-10.28,0.97,0.0
20220211:0411,0.0,0.0,-10.42,0.9,0.0
20220211:0511,0.0,0.0,-10.73,0.9,0.0
20220211:0611,0.0,0.0,-10.97,0.9,0.0
20220211:0711,0.0,0.0,-11.2,0.69,0.0
20220211:0811,5.34,3.71,-11.11,0.76,0.0
20220211:0911,56.05,8.69,-11.16,0.76,0.0
20220211:1011,29.36,12.28,-10.42,0.83,0.0
20220211:1111,17.79,14.19,-10.45,1.31,0.0
20220211:1211,18.68,14.27,-11.07,1.52,0.0
20220211:1311,19.57,12.51,-11.15,1.59,0.0
20220211:1411,14.23,9.05,-10.97,1.52,0.0
20220211:1511,3.56,4.18,-10.63,1.24,0.0
20220211:1611,0.0,0.0,-10.53,1.1,0.0
20220211:1711,0.0,0.0,-10.33,1.17,0.0
20220211:1811,0.0,0.0,-10.14,1.24,0.0
20220211:1911,0.0,0.0,-9.81,1.31,0.0
20220211:2011,0.0,0.0,-9.28,1.24,0.0
20220211:2111,0.0,0.0,-9.21,1.31,0.0
20220211:2211,0.0,0.0,-9.21,1.38,0.0
20220211:2311,0.0,0.0,-8.93,1.31,0.0
20220212:0011,0.0,0.0,-8.65,1.31,0.0
20220212:0111,0.0,0.0,-8.48,1.31,0.0
20220212:0211,0.0,0.0,-8.22,1.24,0.0
20220212:0311,0.0,0.0,-7.71,1.1,0.0
20220212:0411,0.0,0.0,-7.4,0.83,0.0
20220212:0511,0.0,0.0,-7.23,0.76,0.0
20220212:0611,0.0,0.0,-7.11,0.9,0.0
20220212:0711,0.0,0.0,-6.1,1.03,0.0
20220212:0811,4.45,4.01,-5.81,0.97,0.0
20220212:0911,16.9,9.0,-5.4,0.97,0.0
20220212:1011,56.94,12.6,-5.04,0.97,0.0
20220212:1111,18.68,14.52,-4.63,1.03,0.0
20220212:1211,18.68,14.61,-4.42,0.97,0.0
20220212:1311,16.01,12.84,-4.27,0.97,0.0
20220212:1411,10.68,9.37,-4.29,0.97,0.0
20220212:1511,5.34,4.49,-4.39,1.03,0.0
20220212:1611,0.0,0.0,-4.54,1.1,0.0
20220212:1711,0.0,0.0,-4.67,1.17,0.0
20220212:1811,0.0,0.0,-4.8,1.17,0.0
20220212:1911,0.0,0.0,-4.27,1.17,0.0
20220212:2011,0.0,0.0,-4.29,1.24,0.0
20220212:2111,0.0,0.0,-4.07,1.17,0.0
20220212:2211,0.0,0.0,-3.9,1.17,0.0
20220212:2311,0.0,0.0,-3.71,1.17,0.0
20220213:0011,0.0,0.0,-3.66,1.1,0.0
20220213:0111,0.0,0.0,-3.69,0.97,0.0
20220213:0211,0.0,0.0,-3.64,0.9,0.0
20220213:0311,0.0,0.0,-3.27,0.97,0.0
20220213:0411,0.0,0.0,-3.16,1.17,0.0
20220213:0511,0.0,0.0,-3.13,1.17,0.0
20220213:0611,0.0,0.0,-3.12,1.1,0.0
20220213:0711,0.0,0.0,-2.93,1.24,0.0
20220213:0811,6.23,4.32,-3.14,1.1,0.0
20220213:0911,57.83,9.32,-3.05,1.03,0.0
20220213:1011,16.01,12.93,-2.86,1.03,0.0
20220213:1111,18.68,14.86,-3.24,1.31,0.0
20220213:1211,18.68,14.94,-3.88,1.38,0.0
20220213:1311,76.51,13.17,-4.2,1.52,0.0
20220213:1411,10.68,9.69,-3.46,1.31,0.0
20220213:1511,8.01,4.8,-2.97,1.03,0.0
20220213:1611,0.0,0.0,-3.05,0.97,0.0
20220213:1711,0.0,0.0,-3.21,0.69,0.0
20220213:1811,0.0,0.0,-3.46,0.34,0.0
20220213:1911,0.0,0.0,-3.47,0.34,0.0
20220213:2011,0.0,0.0,-3.71,0.55,0.0
20220213:2111,0.0,0.0,-3.69,0.76,0.0
20220213:2211,0.0,0.0,-3.76,0.9,0.0
20220213:2311,0.0,0.0,-3.89,1.03,0.0
20220214:0011,0.0,0.0,-3.93,1.17,0.0
20220214:0111,0.0,0.0,-4.03,1.24,0.0
20220214:0211,0.0,0.0,-3.9,1.24,0.0
20220214:0311,0.0,0.0,-3.79,1.24,0.0
20220214:0411,0.0,0.0,-4.34,1.38,0.0
20220214:0511,0.0,0.0,-4.12,1.38,0.0
20220214:0611,0.0,0.0,-3.96,1.38,0.0
20220214:0711,0.0,0.0,-4.43,1.45,0.0
20220214:0811,9.79,4.63,-4.26,1.45,0.0
20220214:0911,21.35,9.64,-4.24,1.45,0.0
20220214:1011,16.01,13.26,-4.12,1.45,0.0
20220214:1111,76.51,15.2,-4.15,1.59,0.0
20220214:1211,68.51,15.28,-4.17,1.66,0.0
20220214:1311,94.31,13.5,-4.35,1.66,0.0
20220214:1411,65.84,10.02,-4.98,1.79,0.0
20220214:1511,8.01,5.11,-5.29,1.79,0.0
20220214:1611,0.0,0.0,-5.84,1.93,0.0
20220214:1711,0.0,0.0,-6.22,1.93,0.0
20220214:1811,0.0,0.0,-6.42,1.86,0.0
20220214:1911,0.0,0.0,-6.74,1.86,0.0
20220214:2011,0.0,0.0,-6.76,1.66,0.0
20220214:2111,0.0,0.0,-6.79,1.52,0.0
20220214:2211,0.0,0.0,-7.0,1.52,0.0
20220214:2311,0.0,0.0,-7.13,1.45,0.0
20220215:0011,0.0,0.0,-7.25,1.45,0.0
20220215:0111,0.0,0.0,-7.39,1.38,0.0
20220215:0211,0.0,0.0,-7.47,1.31,0.0
20220215:0311,0.0,0.0,-7.69,1.31,0.0
20220215:0411,0.0,0.0,-7.57,1.1,0.0
20220215:0511,0.0,0.0,-7.51,1.03,0.0
20220215:0611,0.0,0.0,-7.19,0.83,0.0
20220215:0711,0.0,0.0,-6.54,0.48,0.0
20220215:0811,8.01,4.95,-6.59,0.48,0.0
20220215:0911,39.15,9.97,-6.61,0.62,0.0
20220215:1011,16.9,13.6,-6.37,0.62,0.0
20220215:1111,20.46,15.54,-6.09,0.76,0.0
20220215:1211,20.46,15.62,-6.51,1.1,0.0
20220215:1311,21.35,13.83,-6.47,1.31,0.0
20220215:1411,22.24,10.34,-6.47,1.45,0.0
20220215:1511,10.68,5.43,-6.34,1.31,0.0
20220215:1611,0.0,0.0,-5.71,1.1,0.0
20220215:1711,0.0,0.0,-5.89,1.03,0.0
20220215:1811,0.0,0.0,-6.0,0.9,0.0
20220215:1911,0.0,0.0,-7.1,0.97,0.0
20220215:2011,0.0,0.0,-8.32,1.24,0.0
20220215:2111,0.0,0.0,-7.76,1.31,0.0
20220215:2211,0.0,0.0,-7.63,1.38,0.0
20220215:2311,0.0,0.0,-7.43,1.31,0.0
20220216:0011,0.0,0.0,-7.49,1.24,0.0
20220216:0111,0.0,0.0,-7.3,1.17,0.0
20220216:0211,0.0,0.0,-7.13,1.1,0.0
20220216:0311,0.0,0.0,-6.99,1.03,0.0
20220216:0411,0.0,0.0,-7.13,1.03,0.0
20220216:0511,0.0,0.0,-6.92,1.03,0.0
20220216:0611,0.0,0.0,-7.23,1.1,0.0
20220216:0711,0.0,0.0,-10.25,1.38,0.0
20220216:0811,13.35,5.27,-10.27,1.38,0.0
20220216:0911,24.91,10.3,-9.09,1.31,0.0
20220216:1011,72.06,13.94,-8.15,1.24,0.0
20220216:1111,20.46,15.88,-7.1,1.1,0.0
20220216:1211,20.46,15.96,-6.56,0.97,0.0
20220216:1311,83.63,14.17,-5.74,0.83,0.0
20220216:1411,29.36,10.67,-5.49,0.69,0.0
20220216:1511,19.57,5.74,-5.43,0.69,0.0
20220216:1611,0.0,0.0,-5.7,0.69,0.0
20220216:1711,0.0,0.0,-6.2,0.69,0.0
20220216:1811,0.0,0.0,-6.68,0.83,0.0
20220216:1911,0.0,0.0,-9.12,1.24,0.0
20220216:2011,0.0,0.0,-9.39,1.24,0.0
20220216:2111,0.0,0.0,-9.56,1.24,0.0
20220216:2211,0.0,0.0,-9.9,1.24,0.0
20220216:2311,0.0,0.0,-10.37,1.24,0.0
20220217:0011,0.0,0.0,-10.77,1.24,0.0
20220217:0111,0.0,0.0,-10.79,1.17,0.0
20220217:0211,0.0,0.0,-10.71,1.03,0.0
20220217:0311,0.0,0.0,-10.51,0.97,0.0
20220217:0411,0.0,0.0,-10.06,0.83,0.0
20220217:0511,0.0,0.0,-9.38,0.55,0.0
20220217:0611,0.0,0.0,-8.76,0.28,0.0
20220217:0711,0.0,0.0,-8.04,0.14,0.0
20220217:0811,16.9,5.6,-7.77,0.48,0.0
20220217:0911,54.27,10.64,-7.76,0.76,0.0
20220217:1011,71.17,14.28,-7.81,0.97,0.0
20220217:1111,39.15,16.23,-7.75,0.97,0.0
20220217:1211,30.25,16.31,-8.33,1.45,0.0
20220217:1311,101.42,14.51,-8.59,1.52,0.0
20220217:1411,29.36,11.0,-8.4,1.38,0.0
20220217:1511,11.57,6.06,-8.22,1.24,0.0
20220217:1611,0.0,0.0,-7.71,1.03,0.0
20220217:1711,0.0,0.0,-7.69,0.76,0.0
20220217:1811,0.0,0.0,-7.63,0.62,0.0
20220217:1911,0.0,0.0,-7.96,0.34,0.0
20220217:2011,0.0,0.0,-7.88,0.28,0.0
20220217:2111,0.0,0.0,-7.92,0.41,0.0
20220217:2211,0.0,0.0,-7.7,0.55,0.0
20220217:2311,0.0,0.0,-7.57,0.69,0.0
20220218:0011,0.0,0.0,-7.56,0.62,0.0
20220218:0111,0.0,0.0,-7.51,0.69,0.0
20220218:0211,0.0,0.0,-7.31,0.83,0.0
20220218:0311,0.0,0.0,-7.71,1.03,0.0
20220218:0411,0.0,0.0,-7.6,1.03,0.0
20220218:0511,0.0,0.0,-7.73,0.97,0.0
20220218:0611,0.0,0.0,-7.98,0.97,0.0
20220218:0711,0.0,0.0,-7.32,1.17,0.0
20220218:0811,13.35,5.93,-7.42,1.1,0.0
20220218:0911,46.26,10.98,-7.51,1.17,0.0
20220218:1011,18.68,14.63,-8.71,1.59,0.0
20220218:1111,22.24,16.58,-7.42,1.17,0.0
20220218:1211,22.24,16.66,-7.28,0.83,0.0
20220218:1311,18.68,14.86,-7.08,0.55,0.0
20220218:1411,15.12,11.34,-7.24,0.55,0.0
20220218:1511,14.23,6.39,-7.73,0.83,0.0
20220218:1611,0.0,0.0,-8.43,1.1,0.0
20220218:1711,0.0,0.0,-8.92,1.1,0.0
20220218:1811,0.0,0.0,-9.62,1.24,0.0
20220218:1911,0.0,0.0,-10.66,1.24,0.0
20220218:2011,0.0,0.0,-12.28,1.38,0.0
20220218:2111,0.0,0.0,-13.89,1.45,0.0
20220218:2211,0.0,0.0,-14.73,1.45,0.0
20220218:2311,0.0,0.0,-14.91,1.45,0.0
20220219:0011,0.0,0.0,-15.13,1.45,0.0
20220219:0111,0.0,0.0,-15.11,1.38,0.0
20220219:0211,0.0,0.0,-15.35,1.31,0.0
20220219:0311,0.0,0.0,-15.47,1.17,0.0
20220219:0411,0.0,0.0,-15.23,0.97,0.0
20220219:0511,0.0,0.0,-14.49,0.76,0.0
20220219:0611,0.0,0.0,-13.89,0.69,0.0
20220219:0711,0.0,0.0,-11.54,0.14,0.0
20220219:0811,18.68,6.26,-10.77,0.55,0.0
20220219:0911,29.36,11.32,-10.28,0.62,0.0
20220219:1011,91.64,14.98,-9.97,0.83,0.0
20220219:1111,27.58,16.94,-10.08,1.17,0.0
20220219:1211,85.41,17.02,-10.09,1.38,0.0
20220219:1311,19.57,15.2,-9.52,0.97,0.0
20220219:1411,48.04,11.67,-9.29,0.76,0.0
20220219:1511,40.93,6.71,-9.38,0.83,0.0
20220219:1611,0.0,0.0,-9.6,0.83,0.0
20220219:1711,0.0,0.0,-9.81,0.83,0.0
20220219:1811,0.0,0.0,-9.9,0.9,0.0
20220219:1911,0.0,0.0,-10.3,1.03,0.0
20220219:2011,0.0,0.0,-10.72,0.97,0.0
20220219:2111,0.0,0.0,-10.59,1.1,0.0
20220219:2211,0.0,0.0,-10.53,1.1,0.0
20220219:2311,0.0,0.0,-10.44,1.1,0.0
20220220:0011,0.0,0.0,-10.56,1.17,0.0
20220220:0111,0.0,0.0,-10.37,1.1,0.0
20220220:0211,0.0,0.0,-10.31,1.1,0.0
20220220:0311,0.0,0.0,-10.2,1.03,0.0
20220220:0411,0.0,0.0,-10.13,0.9,0.0
20220220:0511,0.0,0.0,-10.01,0.9,0.0
20220220:0611,0.0,0.0,-10.12,0.69,0.0
20220220:0711,0.0,0.0,-9.03,0.9,0.0
20220220:0811,9.79,6.6,-9.55,0.83,0.0
20220220:0911,68.51,11.67,-9.59,1.1,0.0
20220220:1011,19.57,15.34,-9.82,1.31,0.0
20220220:1111,36.48,17.3,-10.28,1.52,0.0
20220220:1211,37.37,17.37,-10.11,1.59,0.0
20220220:1311,88.97,15.55,-10.0,1.66,0.0
20220220:1411,37.37,12.01,-10.11,1.72,0.0
20220220:1511,31.14,7.03,-10.2,1.79,0.0
20220220:1611,0.0,0.0,-10.31,1.72,0.0
20220220:1711,0.0,0.0,-10.52,1.72,0.0
20220220:1811,0.0,0.0,-10.72,1.79,0.0
20220220:1911,0.0,0.0,-10.65,1.79,0.0
20220220:2011,0.0,0.0,-10.53,1.79,0.0
20220220:2111,0.0,0.0,-10.51,1.79,0.0
20220220:2211,0.0,0.0,-10.47,1.79,0.0
20220220:2311,0.0,0.0,-10.39,1.66,0.0
20220221:0011,0.0,0.0,-10.02,1.59,0.0
20220221:0111,0.0,0.0,-9.71,1.38,0.0
20220221:0211,0.0,0.0,-9.26,1.24,0.0
20220221:0311,0.0,0.0,-8.91,1.1,0.0
20220221:0411,0.0,0.0,-8.71,1.03,0.0
20220221:0511,0.0,0.0,-8.61,0.97,0.0
20220221:0611,0.0,0.0,-8.7,0.9,0.0
20220221:0711,0.0,0.0,-10.2,1.24,0.0
20220221:0811,24.02,6.94,-8.91,1.03,0.0
20220221:0911,29.36,12.02,-7.66,0.9,0.0
20220221:1011,36.48,15.7,-6.73,0.83,0.0
20220221:1111,33.81,17.66,-6.09,0.9,0.0
20220221:1211,23.13,17.73,-5.64,0.97,0.0
20220221:1311,20.46,15.9,-5.41,1.1,0.0
20220221:1411,17.79,12.35,-5.22,1.03,0.0
20220221:1511,16.86,7.36,-5.23,1.03,0.0
20220221:1611,0.0,0.0,-5.43,1.1,0.0
20220221:1711,0.0,0.0,-5.76,1.38,0.0
20220221:1811,0.0,0.0,-6.46,1.59,0.0
20220221:1911,0.0,0.0,-6.58,1.59,0.0
20220221:2011,0.0,0.0,-6.81,1.66,0.0
20220221:2111,0.0,0.0,-6.99,1.52,0.0
20220221:2211,0.0,0.0,-7.26,1.31,0.0
20220221:2311,0.0,0.0,-7.76,1.03,0.0
20220222:0011,0.0,0.0,-8.31,0.83,0.0
20220222:0111,0.0,0.0,-8.8,0.76,0.0
20220222:0211,0.0,0.0,-9.25,0.69,0.0
20220222:0311,0.0,0.0,-9.66,0.76,0.0
20220222:0411,0.0,0.0,-10.42,0.9,0.0
20220222:0511,0.0,0.0,-11.37,1.1,0.0
20220222:0611,0.0,0.0,-12.45,1.31,0.0
20220222:0711,0.0,0.0,-13.36,1.45,0.0
20220222:0811,24.91,7.29,-12.72,1.31,0.0
20220222:0911,53.38,12.37,-11.49,1.24,0.0
20220222:1011,110.32,16.06,-10.59,1.24,0.0
20220222:1111,24.02,18.02,-9.92,1.31,0.0
20220222:1211,97.86,18.09,-9.16,1.17,0.0
20220222:1311,117.44,16.26,-8.87,1.17,0.0
20220222:1411,72.95,12.69,-8.83,1.1,0.0
20220222:1511,115.83,7.69,-8.61,0.9,0.0
20220222:1611,0.0,0.0,-8.81,0.76,0.0
20220222:1711,0.0,0.0,-8.91,0.69,0.0
20220222:1811,0.0,0.0,-8.97,0.62,0.0
20220222:1911,0.0,0.0,-9.3,0.69,0.0
20220222:2011,0.0,0.0,-9.16,0.62,0.0
20220222:2111,0.0,0.0,-8.87,0.62,0.0
20220222:2211,0.0,0.0,-8.77,0.55,0.0
20220222:2311,0.0,0.0,-8.53,0.55,0.0
20220223:0011,0.0,0.0,-8.14,0.48,0.0
20220223:0111,0.0,0.0,-8.24,0.48,0.0
20220223:0211,0.0,0.0,-8.38,0.48,0.0
20220223:0311,0.0,0.0,-8.82,0.48,0.0
20220223:0411,0.0,0.0,-8.55,0.55,0.0
20220223:0511,0.0,0.0,-8.41,0.76,0.0
20220223:0611,0.0,0.0,-8.37,0.83,0.0
20220223:0711,0.0,0.0,-7.3,1.17,0.0
20220223:0811,13.35,7.63,-7.12,1.31,0.0
20220223:0911,33.81,12.73,-6.97,1.45,0.0
20220223:1011,104.09,16.42,-7.34,1.66,0.0
20220223:1111,119.22,18.39,-6.96,1.52,0.0
20220223:1211,46.26,18.46,-6.93,1.59,0.0
20220223:1311,103.2,16.61,-6.68,1.45,0.0
20220223:1411,30.25,13.03,-6.93,1.52,0.0
20220223:1511,20.6,8.01,-6.7,1.59,0.0
20220223:1611,0.89,1.93,-6.63,1.72,0.0
20220223:1711,0.0,0.0,-6.05,1.59,0.0
20220223:1811,0.0,0.0,-4.62,1.31,0.0
20220223:1911,0.0,0.0,-5.53,1.86,0.0
20220223:2011,0.0,0.0,-5.99,1.86,0.0
20220223:2111,0.0,0.0,-6.79,2.28,0.0
20220223:2211,0.0,0.0,-6.91,1.86,0.0
20220223:2311,0.0,0.0,-7.3,1.86,0.0
20220224:0011,0.0,0.0,-7.3,1.72,0.0
20220224:0111,0.0,0.0,-7.87,1.79,0.0
20220224:0211,0.0,0.0,-8.2,1.86,0.0
20220224:0311,0.0,0.0,-8.14,1.72,0.0
20220224:0411,0.0,0.0,-8.56,1.79,0.0
20220224:0511,0.0,0.0,-8.51,1.72,0.0
20220224:0611,0.0,0.0,-8.84,1.72,0.0
20220224:0711,0.89,1.83,-8.62,1.66,0.0
20220224:0811,32.92,7.99,-8.07,1.52,0.0
20220224:0911,19.57,13.09,-7.91,1.59,0.0
20220224:1011,36.48,16.79,-8.04,1.72,0.0
20220224:1111,121.89,18.76,-8.29,1.93,0.0
20220224:1211,107.65,18.82,-8.05,1.93,0.0
20220224:1311,103.2,16.97,-7.86,2.14,0.0
20220224:1411,16.9,13.37,-8.48,1.93,0.0
20220224:1511,57.94,8.34,-8.6,2.14,0.0
20220224:1611,1.78,2.25,-8.09,1.86,0.0
20220224:1711,0.0,0.0,-8.27,1.72,0.0
20220224:1811,0.0,0.0,-7.04,1.31,0.0
20220224:1911,0.0,0.0,-7.04,1.38,0.0
20220224:2011,0.0,0.0,-6.97,1.31,0.0
20220224:2111,0.0,0.0,-6.89,1.1,0.0
20220224:2211,0.0,0.0,-7.01,0.97,0.0
20220224:2311,0.0,0.0,-7.28,0.83,0.0
20220225:0011,0.0,0.0,-7.53,0.55,0.0
20220225:0111,0.0,0.0,-7.69,0.41,0.0
20220225:0211,0.0,0.0,-7.82,0.34,0.0
20220225:0311,0.0,0.0,-7.94,0.34,0.0
20220225:0411,0.0,0.0,-8.06,0.28,0.0
20220225:0511,0.0,0.0,-8.15,0.28,0.0
20220225:0611,0.0,0.0,-8.17,0.76,0.0
20220225:0711,4.45,2.18,-6.69,0.9,0.0
20220225:0811,53.38,8.34,-6.8,0.9,0.0
20220225:0911,16.9,13.46,-6.75,0.97,0.0
20220225:1011,22.24,17.16,-6.16,1.24,0.0
20220225:1111,25.8,19.13,-5.94,1.24,0.0
20220225:1211,25.8,19.19,-5.73,1.31,0.0
20220225:1311,23.13,17.33,-5.57,1.52,0.0
20220225:1411,16.9,13.72,-5.59,1.38,0.0
20220225:1511,10.3,8.67,-5.82,1.17,0.0
20220225:1611,1.78,2.57,-6.3,1.03,0.0
20220225:1711,0.0,0.0,-7.02,0.97,0.0
20220225:1811,0.0,0.0,-7.65,0.9,0.0
20220225:1911,0.0,0.0,-7.51,0.76,0.0
20220225:2011,0.0,0.0,-7.9,0.83,0.0
20220225:2111,0.0,0.0,-8.21,0.69,0.0
20220225:2211,0.0,0.0,-8.67,0.62,0.0
20220225:2311,0.0,0.0,-10.06,0.76,0.0
20220226:0011,0.0,0.0,-11.19,0.83,0.0
20220226:0111,0.0,0.0,-10.43,0.97,0.0
20220226:0211,0.0,0.0,-10.18,0.97,0.0
20220226:0311,0.0,0.0,-9.85,0.97,0.0
20220226:0411,0.0,0.0,-9.54,0.9,0.0
20220226:0511,0.0,0.0,-8.95,0.9,0.0
20220226:0611,0.0,0.0,-8.7,0.9,0.0
20220226:0711,1.78,2.53,-8.78,0.97,0.0
20220226:0811,9.79,8.7,-8.28,1.03,0.0
20220226:0911,41.81,13.82,-7.53,0.97,0.0
20220226:1011,23.13,17.53,-6.59,0.83,0.0
20220226:1111,142.35,19.51,-5.96,0.76,0.0
20220226:1211,25.8,19.56,-5.53,0.76,0.0
20220226:1311,23.13,17.69,-5.0,0.76,0.0
20220226:1411,17.79,14.06,-4.41,0.69,0.0
20220226:1511,11.24,9.01,-4.09,0.69,0.0
20220226:1611,2.67,2.89,-3.78,0.76,0.0
20220226:1711,0.0,0.0,-3.53,0.76,0.0
20220226:1811,0.0,0.0,-3.22,0.76,0.0
20220226:1911,0.0,0.0,-2.96,0.76,0.0
20220226:2011,0.0,0.0,-2.95,0.76,0.0
20220226:2111,0.0,0.0,-3.03,0.76,0.0
20220226:2211,0.0,0.0,-3.33,0.69,0.0
20220226:2311,0.0,0.0,-3.59,0.69,0.0
20220227:0011,0.0,0.0,-3.69,0.76,0.0
20220227:0111,0.0,0.0,-3.87,0.83,0.0
20220227:0211,0.0,0.0,-3.86,0.76,0.0
20220227:0311,0.0,0.0,-3.81,0.76,0.0
20220227:0411,0.0,0.0,-3.73,0.76,0.0
20220227:0511,0.0,0.0,-3.91,0.76,0.0
20220227:0611,0.0,0.0,-4.13,0.76,0.0
20220227:0711,1.78,2.89,-4.43,0.9,0.0
20220227:0811,54.27,9.06,-4.34,0.9,0.0
20220227:0911,25.8,14.19,-3.69,0.9,0.0
20220227:1011,51.6,17.91,-2.65,0.76,0.0
20220227:1111,26.69,19.89,-1.73,0.76,0.0
20220227:1211,26.69,19.93,-1.33,1.03,0.0
20220227:1311,24.02,18.05,-1.4,0.9,0.0
20220227:1411,18.68,14.41,-1.69,0.76,0.0
20220227:1511,14.05,9.34,-2.18,0.69,0.0
20220227:1611,2.67,3.21,-2.68,0.55,0.0
20220227:1711,0.0,0.0,-3.32,0.76,0.0
20220227:1811,0.0,0.0,-3.89,0.9,0.0
20220227:1911,0.0,0.0,-3.89,1.03,0.0
20220227:2011,0.0,0.0,-4.37,1.1,0.0
20220227:2111,0.0,0.0,-4.81,1.24,0.0
20220227:2211,0.0,0.0,-5.28,1.38,0.0
20220227:2311,0.0,0.0,-5.71,1.45,0.0
20220228:0011,0.0,0.0,-6.11,1.45,0.0
20220228:0111,0.0,0.0,-6.46,1.52,0.0
20220228:0211,0.0,0.0,-6.68,1.45,0.0
20220228:0311,0.0,0.0,-6.82,1.45,0.0
20220228:0411,0.0,0.0,-6.89,1.45,0.0
20220228:0511,0.0,0.0,-6.84,1.45,0.0
20220228:0611,0.0,0.0,-6.82,1.38,0.0
20220228:0711,2.67,3.24,-8.03,1.66,0.0
20220228:0811,10.68,9.43,-7.84,1.59,0.0
20220228:0911,18.68,14.57,-7.39,1.59,0.0
20220228:1011,131.67,18.29,-6.31,1.52,0.0
20220228:1111,54.27,20.27,-5.38,1.45,0.0
20220228:1211,88.08,20.31,-4.65,1.31,0.0
20220228:1311,98.75,18.41,-4.31,1.24,0.0
20220228:1411,18.68,14.76,-4.52,1.24,0.0
20220228:1511,391.67,9.67,-4.71,1.24,0.0
20220228:1611,2.67,3.53,-5.12,1.24,0.0
20220228:1711,0.0,0.0,-5.59,1.31,0.0
20220228:1811,0.0,0.0,-5.79,1.38,0.0
20220228:1911,0.0,0.0,-6.28,1.45,0.0
20220228:2011,0.0,0.0,-7.29,1.59,0.0
20220228:2111,0.0,0.0,-6.72,1.38,0.0
20220228:2211,0.0,0.0,-6.84,1.38,0.0
20220228:2311,0.0,0.0,-6.44,1.31,0.0
20220301:0011,0.0,0.0,-5.68,1.17,0.0
20220301:0111,0.0,0.0,-5.57,0.97,0.0
20220301:0211,0.0,0.0,-5.24,0.69,0.0
20220301:0311,0.0,0.0,-4.76,0.28,0.0
20220301:0411,0.0,0.0,-4.3,0.9,0.0
20220301:0511,0.0,0.0,-4.24,1.1,0.0
20220301:0611,0.0,0.0,-4.52,1.17,0.0
20220301:0711,2.67,3.6,-4.69,1.66,0.0
20220301:0811,48.93,9.79,-5.23,1.72,0.0
20220301:0911,18.68,14.94,-6.07,1.86,0.0
20220301:1011,24.02,18.67,-6.8,2.07,0.0
20220301:1111,27.58,20.65,-6.63,2.0,0.0
20220301:1211,27.58,20.68,-6.61,2.28,0.0
20220301:1311,116.55,18.77,-6.59,2.28,0.0
20220301:1411,24.91,15.11,-6.36,2.21,0.0
20220301:1511,62.55,10.01,-6.21,2.62,0.0
20220301:1611,6.23,3.85,-6.77,2.28,0.0
20220301:1711,0.0,0.0,-6.76,2.14,0.0
20220301:1811,0.0,0.0,-6.93,2.14,0.0
20220301:1911,0.0,0.0,-6.58,2.14,0.0
20220301:2011,0.0,0.0,-6.37,2.0,0.0
20220301:2111,0.0,0.0,-6.12,2.0,0.0
20220301:2211,0.0,0.0,-5.7,1.86,0.0
20220301:2311,0.0,0.0,-5.23,1.72,0.0
20220302:0011,0.0,0.0,-4.5,1.52,0.0
20220302:0111,0.0,0.0,-4.55,1.52,0.0
20220302:0211,0.0,0.0,-4.83,1.52,0.0
20220302:0311,0.0,0.0,-4.97,1.45,0.0
20220302:0411,0.0,0.0,-5.01,1.38,0.0
20220302:0511,0.0,0.0,-5.23,1.31,0.0
20220302:0611,0.0,0.0,-4.99,0.9,0.0
20220302:0711,5.34,3.96,-4.67,0.9,0.0
20220302:0811,11.57,10.16,-4.84,0.76,0.0
20220302:0911,19.57,15.32,-4.44,0.83,0.0
20220302:1011,30.25,19.05,-3.95,0.97,0.0
20220302:1111,28.47,21.03,-3.6,1.1,0.0
20220302:1211,28.47,21.06,-3.38,1.17,0.0
20220302:1311,24.91,19.14,-3.19,1.17,0.0
20220302:1411,107.65,15.46,-3.06,1.1,0.0
20220302:1511,361.07,10.34,-3.11,0.83,0.0
20220302:1611,3.56,4.17,-3.7,0.76,0.0
20220302:1711,0.0,0.0,-4.5,0.76,0.0
20220302:1811,0.0,0.0,-5.79,0.9,0.0
20220302:1911,0.0,0.0,-5.25,0.9,0.0
20220302:2011,0.0,0.0,-5.87,0.97,0.0
20220302:2111,0.0,0.0,-6.54,1.03,0.0
20220302:2211,0.0,0.0,-8.32,1.45,0.0
20220302:2311,0.0,0.0,-10.13,1.59,0.0
20220303:0011,0.0,0.0,-11.57,1.79,0.0
20220303:0111,0.0,0.0,-12.12,1.86,0.0
20220303:0211,0.0,0.0,-12.64,1.86,0.0
20220303:0311,0.0,0.0,-13.11,1.86,0.0
20220303:0411,0.0,0.0,-13.21,1.79,0.0
20220303:0511,0.0,0.0,-11.99,1.72,0.0
20220303:0611,0.0,0.0,-10.54,1.66,0.0
20220303:0711,14.23,4.33,-9.43,1.52,0.0
20220303:0811,32.03,10.53,-8.29,1.52,0.0
20220303:0911,100.53,15.7,-6.91,1.38,0.0
20220303:1011,56.05,19.44,-5.38,1.24,0.0
20220303:1111,29.36,21.42,-4.22,1.17,0.0
20220303:1211,29.36,21.44,-3.55,1.03,0.0
20220303:1311,26.69,19.51,-3.16,0.9,0.0
20220303:1411,48.04,15.81,-3.23,0.9,0.0
20220303:1511,13.11,10.68,-3.92,1.03,0.0
20220303:1611,4.45,4.49,-4.82,1.17,0.0
20220303:1711,0.0,0.0,-5.83,1.31,0.0
20220303:1811,0.0,0.0,-6.63,1.38,0.0
20220303:1911,0.0,0.0,-7.19,1.38,0.0
20220303:2011,0.0,0.0,-7.12,1.38,0.0
20220303:2111,0.0,0.0,-7.17,1.45,0.0
20220303:2211,0.0,0.0,-7.43,1.52,0.0
20220303:2311,0.0,0.0,-7.6,1.59,0.0
20220304:0011,0.0,0.0,-7.61,1.52,0.0
20220304:0111,0.0,0.0,-7.47,1.45,0.0
20220304:0211,0.0,0.0,-7.43,1.45,0.0
20220304:0311,0.0,0.0,-7.42,1.38,0.0
20220304:0411,0.0,0.0,-7.47,1.38,0.0
20220304:0511,0.0,0.0,-7.48,1.31,0.0
20220304:0611,0.0,0.0,-7.45,1.31,0.0
20220304:0711,15.12,4.7,-8.53,1.31,0.0
20220304:0811,73.84,10.91,-8.06,1.24,0.0
20220304:0911,21.35,16.08,-7.12,1.17,0.0
20220304:1011,46.26,19.82,-6.0,1.1,0.0
20220304:1111,47.15,21.8,-5.05,1.03,0.0
20220304:1211,47.15,21.82,-4.43,0.9,0.0
20220304:1311,26.69,19.87,-4.15,0.9,0.0
20220304:1411,21.35,16.16,-4.32,0.9,0.0
20220304:1511,14.05,11.01,-4.93,0.97,0.0
20220304:1611,4.45,4.82,-5.61,1.03,0.0
20220304:1711,0.0,0.0,-6.45,1.1,0.0
20220304:1811,0.0,0.0,-7.15,1.17,0.0
20220304:1911,0.0,0.0,-8.11,1.31,0.0
20220304:2011,0.0,0.0,-8.14,1.24,0.0
20220304:2111,0.0,0.0,-8.07,1.24,0.0
20220304:2211,0.0,0.0,-8.05,1.17,0.0
20220304:2311,0.0,0.0,-8.12,1.1,0.0
20220305:0011,0.0,0.0,-8.25,1.03,0.0
20220305:0111,0.0,0.0,-8.5,0.97,0.0
20220305:0211,0.0,0.0,-8.59,0.9,0.0
20220305:0311,0.0,0.0,-8.81,0.9,0.0
20220305:0411,0.0,0.0,-9.08,0.9,0.0
20220305:0511,0.0,0.0,-9.27,0.9,0.0
20220305:0611,0.0,0.0,-9.37,0.83,0.0
20220305:0711,4.45,5.07,-9.98,0.9,0.0
20220305:0811,77.4,11.28,-9.57,0.76,0.0
20220305:0911,73.84,16.46,-8.95,0.69,0.0
20220305:1011,129.0,20.21,-8.35,0.55,0.0
20220305:1111,166.37,22.19,-7.79,0.34,0.0
20220305:1211,30.25,22.2,-7.31,0.21,0.0
20220305:1311,34.7,20.24,-7.06,0.14,0.0
20220305:1411,116.55,16.51,-7.1,0.21,0.0
20220305:1511,124.13,11.35,-7.55,0.07,0.0
20220305:1611,4.45,5.14,-7.99,0.28,0.0
20220305:1711,0.0,0.0,-8.42,0.34,0.0
20220305:1811,0.0,0.0,-8.71,0.34,0.0
20220305:1911,0.0,0.0,-8.21,0.07,0.0
20220305:2011,0.0,0.0,-7.94,0.14,0.0
20220305:2111,0.0,0.0,-7.74,0.14,0.0
20220305:2211,0.0,0.0,-7.63,0.41,0.0
20220305:2311,0.0,0.0,-7.52,0.55,0.0
20220306:0011,0.0,0.0,-7.48,0.55,0.0
20220306:0111,0.0,0.0,-7.3,0.62,0.0
20220306:0211,0.0,0.0,-7.21,0.76,0.0
20220306:0311,0.0,0.0,-6.92,0.83,0.0
20220306:0411,0.0,0.0,-6.86,0.83,0.0
20220306:0511,0.0,0.0,-6.76,0.83,0.0
20220306:0611,0.0,0.0,-6.78,0.76,0.0
20220306:0711,5.34,5.44,-7.01,0.76,0.0
20220306:0811,42.7,11.66,-7.31,0.76,0.0
20220306:0911,56.94,16.85,-6.65,0.83,0.0
20220306:1011,65.84,20.6,-6.0,0.97,0.0
20220306:1111,68.51,22.58,-5.57,1.1,0.0
20220306:1211,30.25,22.59,-5.74,1.38,0.0
20220306:1311,27.58,20.61,-5.13,1.24,0.0
20220306:1411,56.94,16.87,-4.97,1.1,0.0
20220306:1511,14.99,11.68,-4.93,0.97,0.0
20220306:1611,5.34,5.46,-5.04,0.97,0.0
20220306:1711,0.0,0.0,-5.17,0.83,0.0
20220306:1811,0.0,0.0,-5.8,0.55,0.0
20220306:1911,0.0,0.0,-5.73,0.55,0.0
20220306:2011,0.0,0.0,-5.64,0.55,0.0
20220306:2111,0.0,0.0,-5.59,0.55,0.0
20220306:2211,0.0,0.0,-5.68,0.62,0.0
20220306:2311,0.0,0.0,-5.63,0.55,0.0
20220307:0011,0.0,0.0,-5.62,0.55,0.0
20220307:0111,0.0,0.0,-5.43,0.55,0.0
20220307:0211,0.0,0.0,-5.29,0.48,0.0
20220307:0311,0.0,0.0,-5.2,0.41,0.0
20220307:0411,0.0,0.0,-5.1,0.34,0.0
20220307:0511,0.0,0.0,-5.04,0.34,0.0
20220307:0611,0.0,0.0,-5.19,0.14,0.0
20220307:0711,8.01,5.81,-4.73,0.41,0.0
20220307:0811,74.73,12.04,-4.68,0.34,0.0
20220307:0911,123.67,17.24,-4.22,0.48,0.0
20220307:1011,76.51,20.99,-3.94,0.62,0.0
20220307:1111,31.14,22.97,-3.56,0.76,0.0
20220307:1211,169.93,22.97,-3.25,0.76,0.0
20220307:1311,71.17,20.98,-3.05,0.83,0.0
20220307:1411,122.78,17.22,-2.94,0.69,0.0
20220307:1511,381.16,12.02,-3.07,0.48,0.0
20220307:1611,8.01,5.79,-3.37,0.21,0.0
20220307:1711,0.0,0.0,-3.79,0.34,0.0
20220307:1811,0.0,0.0,-4.3,0.62,0.0
20220307:1911,0.0,0.0,-5.16,0.76,0.0
20220307:2011,0.0,0.0,-5.45,0.9,0.0
20220307:2111,0.0,0.0,-5.77,0.97,0.0
20220307:2211,0.0,0.0,-6.04,0.97,0.0
20220307:2311,0.0,0.0,-6.16,1.03,0.0
20220308:0011,0.0,0.0,-6.16,1.1,0.0
20220308:0111,0.0,0.0,-6.14,1.1,0.0
20220308:0211,0.0,0.0,-6.29,1.1,0.0
20220308:0311,0.0,0.0,-6.45,1.17,0.0
20220308:0411,0.0,0.0,-6.56,1.24,0.0
20220308:0511,0.0,0.0,-6.66,1.31,0.0
20220308:0611,0.0,0.0,-6.72,1.38,0.0
20220308:0711,6.23,6.19,-7.57,1.45,0.0
20220308:0811,15.12,12.43,-6.91,1.38,0.0
20220308:0911,23.13,17.63,-5.74,1.31,0.0
20220308:1011,29.36,21.39,-4.24,1.31,0.0
20220308:1111,32.03,23.37,-2.89,1.24,0.0
20220308:1211,48.93,23.36,-1.98,1.17,0.0
20220308:1311,47.15,21.35,-1.3,1.17,0.0
20220308:1411,44.48,17.57,-1.36,1.17,0.0
20220308:1511,15.92,12.36,-2.04,1.31,0.0
20220308:1611,6.23,6.11,-2.87,1.38,0.0
20220308:1711,0.0,0.0,-3.9,1.52,0.0
20220308:1811,0.0,0.0,-4.76,1.66,0.0
20220308:1911,0.0,0.0,-4.01,1.66,0.0
20220308:2011,0.0,0.0,-4.81,1.72,0.0
20220308:2111,0.0,0.0,-5.46,1.86,0.0
20220308:2211,0.0,0.0,-5.81,1.93,0.0
20220308:2311,0.0,0.0,-6.01,1.93,0.0
20220309:0011,0.0,0.0,-6.1,1.86,0.0
20220309:0111,0.0,0.0,-6.31,1.86,0.0
20220309:0211,0.0,0.0,-6.22,1.72,0.0
20220309:0311,0.0,0.0,-6.09,1.66,0.0
20220309:0411,0.0,0.0,-6.06,1.72,0.0
20220309:0511,0.0,0.0,-6.03,1.79,0.0
20220309:0611,0.0,0.0,-5.99,1.86,0.0
20220309:0711,7.12,6.57,-7.38,1.86,0.0
20220309:0811,16.01,12.81,-7.51,1.86,0.0
20220309:0911,24.02,18.02,-6.61,1.86,0.0
20220309:1011,29.36,21.78,-5.17,1.72,0.0
20220309:1111,72.95,23.76,-3.83,1.66,0.0
20220309:1211,49.82,23.74,-3.11,1.52,0.0
20220309:1311,48.93,21.73,-2.75,1.52,0.0
20220309:1411,44.48,17.93,-2.9,1.52,0.0
20220309:1511,15.92,12.69,-3.35,1.59,0.0
20220309:1611,6.23,6.43,-3.83,1.66,0.0
20220309:1711,0.0,0.0,-4.48,1.72,0.0
20220309:1811,0.0,0.0,-5.18,1.72,0.0
20220309:1911,0.0,0.0,-5.55,1.79,0.0
20220309:2011,0.0,0.0,-5.83,1.72,0.0
20220309:2111,0.0,0.0,-6.14,1.79,0.0
20220309:2211,0.0,0.0,-6.41,1.72,0.0
20220309:2311,0.0,0.0,-6.6,1.72,0.0
20220310:0011,0.0,0.0,-6.7,1.72,0.0
20220310:0111,0.0,0.0,-6.84,1.66,0.0
20220310:0211,0.0,0.0,-6.55,1.59,0.0
20220310:0311,0.0,0.0,-6.1,1.52,0.0
20220310:0411,0.0,0.0,-5.73,1.38,0.0
20220310:0511,0.0,0.0,-5.4,1.24,0.0
20220310:0611,0.0,0.0,-4.97,1.17,0.0
20220310:0711,7.12,6.94,-4.11,1.03,0.0
20220310:0811,40.04,13.2,-3.58,0.97,0.0
20220310:0911,132.56,18.41,-2.74,0.97,0.0
20220310:1011,29.36,22.18,-2.06,0.97,0.0
20220310:1111,32.92,24.16,-1.59,0.97,0.0
20220310:1211,32.03,24.13,-1.04,1.03,0.0
20220310:1311,32.03,22.1,-0.72,1.03,0.0
20220310:1411,23.13,18.28,-0.92,0.97,0.0
20220310:1511,433.41,13.03,-1.37,1.03,0.0
20220310:1611,24.91,6.76,-1.97,1.1,0.0
20220310:1711,0.0,0.0,-2.47,1.24,0.0
20220310:1811,0.0,0.0,-3.29,1.38,0.0
20220310:1911,0.0,0.0,-2.76,1.38,0.0
20220310:2011,0.0,0.0,-3.32,1.45,0.0
20220310:2111,0.0,0.0,-3.87,1.52,0.0
20220310:2211,0.0,0.0,-4.43,1.52,0.0
20220310:2311,0.0,0.0,-5.1,1.59,0.0
20220311:0011,0.0,0.0,-5.65,1.66,0.0
20220311:0111,0.0,0.0,-6.0,1.66,0.0
20220311:0211,0.0,0.0,-6.9,1.72,0.0
20220311:0311,0.0,0.0,-8.65,1.86,0.0
20220311:0411,0.0,0.0,-9.68,1.93,0.0
20220311:0511,0.0,0.0,-10.39,2.0,0.0
20220311:0611,0.0,0.0,-10.83,2.07,0.0
20220311:0711,16.9,7.33,-10.78,2.07,0.0
20220311:0811,94.31,13.58,-10.38,2.14,0.0
20220311:0911,84.52,18.8,-9.22,1.93,0.0
20220311:1011,128.11,22.58,-7.41,1.79,0.0
20220311:1111,161.92,24.55,-5.78,1.72,0.0
20220311:1211,74.73,24.52,-4.73,1.72,0.0
20220311:1311,37.37,22.47,-3.84,1.66,0.0
20220311:1411,24.91,18.63,-3.73,1.66,0.0
20220311:1511,34.65,13.37,-3.66,1.66,0.0
20220311:1611,14.23,7.08,-4.42,1.79,0.0
20220311:1711,0.0,0.0,-5.32,1.93,0.0
20220311:1811,0.0,0.0,-6.26,2.0,0.0
20220311:1911,0.0,0.0,-5.96,2.0,0.0
20220311:2011,0.0,0.0,-8.14,2.07,0.0
20220311:2111,0.0,0.0,-8.86,2.07,0.0
20220311:2211,0.0,0.0,-9.22,2.07,0.0
20220311:2311,0.0,0.0,-9.4,2.07,0.0
20220312:0011,0.0,0.0,-9.71,2.14,0.0
20220312:0111,0.0,0.0,-10.09,2.14,0.0
20220312:0211,0.0,0.0,-10.27,2.14,0.0
20220312:0311,0.0,0.0,-10.67,2.21,0.0
20220312:0411,0.0,0.0,-11.07,2.21,0.0
20220312:0511,0.0,0.0,-11.54,2.28,0.0
20220312:0611,0.0,0.0,-11.66,2.28,0.0
20220312:0711,8.01,7.71,-11.43,2.34,0.0
20220312:0811,17.79,13.97,-10.4,2.28,0.0
20220312:0911,25.8,19.2,-8.83,2.14,0.0
20220312:1011,31.14,22.98,-7.43,2.14,0.0
20220312:1111,51.6,24.95,-6.24,2.14,0.0
20220312:1211,50.71,24.9,-5.3,2.07,0.0
20220312:1311,48.93,22.84,-5.0,2.07,0.0
20220312:1411,24.91,18.99,-4.8,2.07,0.0
20220312:1511,40.27,13.7,-4.88,2.0,0.0
20220312:1611,24.91,7.4,-5.23,1.93,0.0
20220312:1711,0.0,0.0,-5.79,2.0,0.0
20220312:1811,0.0,0.0,-6.02,1.93,0.0
20220312:1911,0.0,0.0,-4.97,1.86,0.0
20220312:2011,0.0,0.0,-4.93,1.79,0.0
20220312:2111,0.0,0.0,-4.99,1.72,0.0
20220312:2211,0.0,0.0,-5.21,1.66,0.0
20220312:2311,0.0,0.0,-5.55,1.66,0.0
20220313:0011,0.0,0.0,-6.35,1.72,0.0
20220313:0111,0.0,0.0,-6.74,1.79,0.0
20220313:0211,0.0,0.0,-6.35,1.66,0.0
20220313:0311,0.0,0.0,-6.05,1.72,0.0
20220313:0411,0.0,0.0,-6.76,1.72,0.0
20220313:0511,0.0,0.0,-6.94,1.79,0.0
20220313:0611,0.0,0.0,-6.97,1.79,0.0
20220313:0711,51.6,8.09,-6.67,1.86,0.0
20220313:0811,17.79,14.36,-5.97,1.72,0.0
20220313:0911,121.0,19.59,-5.28,1.72,0.0
20220313:1011,153.91,23.38,-4.46,1.79,0.0
20220313:1111,52.49,25.35,-3.84,1.79,0.0
20220313:1211,130.78,25.29,-3.53,1.86,0.0
20220313:1311,170.82,23.21,-3.3,1.79,0.0
20220313:1411,140.57,19.34,-3.18,1.72,0.0
20220313:1511,63.69,14.04,-3.22,1.66,0.0
20220313:1611,21.35,7.72,-3.76,1.72,0.0
20220313:1711,0.0,0.0,-4.11,1.72,0.0
20220313:1811,0.0,0.0,-4.43,1.79,0.0
20220313:1911,0.0,0.0,-3.24,1.66,0.0
20220313:2011,0.0,0.0,-3.63,1.72,0.0
20220313:2111,0.0,0.0,-3.64,1.66,0.0
20220313:2211,0.0,0.0,-4.16,1.72,0.0
20220313:2311,0.0,0.0,-4.7,1.72,0.0
20220314:0011,0.0,0.0,-5.17,1.79,0.0
20220314:0111,0.0,0.0,-5.92,1.86,0.0
20220314:0211,0.0,0.0,-6.03,1.86,0.0
20220314:0311,0.0,0.0,-6.09,1.79,0.0
20220314:0411,0.0,0.0,-6.46,1.79,0.0
20220314:0511,0.0,0.0,-6.59,1.79,0.0
20220314:0611,0.0,0.0,-6.53,1.79,0.0
20220314:0711,45.37,8.48,-5.79,1.79,0.0
20220314:0811,67.62,14.75,-5.16,1.72,0.0
20220314:0911,48.93,19.99,-3.8,1.52,0.0
20220314:1011,51.6,23.78,-2.78,1.45,0.0
20220314:1111,135.23,25.75,-1.88,1.38,0.0
20220314:1211,152.14,25.68,-1.2,1.38,0.0
20220314:1311,172.6,23.59,-0.76,1.38,0.0
20220314:1411,141.46,19.69,-0.55,1.31,0.0
20220314:1511,467.15,14.38,-0.72,1.31,0.0
20220314:1611,48.04,8.05,-1.17,1.31,0.0
20220314:1711,0.0,0.0,-1.77,1.31,0.0
20220314:1811,0.0,0.0,-2.48,1.38,0.0
20220314:1911,0.0,0.0,-2.89,1.38,0.0
20220314:2011,0.0,0.0,-3.32,1.45,0.0
20220314:2111,0.0,0.0,-3.7,1.52,0.0
20220314:2211,0.0,0.0,-4.04,1.59,0.0
20220314:2311,0.0,0.0,-4.31,1.52,0.0
20220315:0011,0.0,0.0,-4.64,1.59,0.0
20220315:0111,0.0,0.0,-5.09,1.59,0.0
20220315:0211,0.0,0.0,-5.28,1.59,0.0
20220315:0311,0.0,0.0,-5.45,1.52,0.0
20220315:0411,0.0,0.0,-5.53,1.52,0.0
20220315:0511,0.0,0.0,-5.71,1.52,0.0
20220315:0611,0.89,1.95,-5.87,1.52,0.0
20220315:0711,30.25,8.86,-5.86,1.59,0.0
20220315:0811,43.59,15.14,-5.6,1.52,0.0
20220315:0911,137.9,20.39,-4.36,1.31,0.0
20220315:1011,32.92,24.18,-3.12,1.17,0.0
20220315:1111,125.44,26.15,-2.25,1.03,0.0
20220315:1211,35.59,26.07,-1.57,0.97,0.0
20220315:1311,32.03,23.96,-1.13,0.83,0.0
20220315:1411,147.69,20.05,-0.96,0.83,0.0
20220315:1511,473.47,14.71,-1.06,0.62,0.0
20220315:1611,52.49,8.37,-1.44,0.55,0.0
20220315:1711,0.0,0.0,-2.04,0.62,0.0
20220315:1811,0.0,0.0,-2.58,0.69,0.0
20220315:1911,0.0,0.0,-2.99,0.76,0.0
20220315:2011,0.0,0.0,-2.96,0.76,0.0
20220315:2111,0.0,0.0,-3.13,0.83,0.0
20220315:2211,0.0,0.0,-3.46,0.97,0.0
20220315:2311,0.0,0.0,-3.72,1.03,0.0
20220316:0011,0.0,0.0,-4.22,0.97,0.0
20220316:0111,0.0,0.0,-4.73,1.03,0.0
20220316:0211,0.0,0.0,-4.96,1.17,0.0
20220316:0311,0.0,0.0,-5.4,1.24,0.0
20220316:0411,0.0,0.0,-5.87,1.31,0.0
20220316:0511,0.0,0.0,-6.14,1.38,0.0
20220316:0611,1.78,2.34,-6.31,1.45,0.0
20220316:0711,44.48,9.25,-5.93,1.45,0.0
20220316:0811,105.87,15.54,-5.1,1.38,0.0
20220316:0911,118.33,20.79,-4.19,1.31,0.0
20220316:1011,176.16,24.58,-2.95,1.17,0.0
20220316:1111,59.61,26.55,-2.15,1.03,0.0
20220316:1211,35.59,26.46,-1.71,0.97,0.0
20220316:1311,72.95,24.33,-1.46,0.97,0.0
20220316:1411,44.48,20.4,-1.35,1.03,0.0
20220316:1511,70.24,15.05,-1.28,1.03,0.0
20220316:1611,39.15,8.69,-1.36,1.1,0.0
20220316:1711,0.89,1.75,-1.42,1.17,0.0
20220316:1811,0.0,0.0,-1.51,1.17,0.0
20220316:1911,0.0,0.0,-1.72,1.17,0.0
20220316:2011,0.0,0.0,-1.75,1.17,0.0
20220316:2111,0.0,0.0,-1.79,1.1,0.0
20220316:2211,0.0,0.0,-1.91,1.1,0.0
20220316:2311,0.0,0.0,-1.98,1.17,0.0
20220317:0011,0.0,0.0,-2.22,1.38,0.0
20220317:0111,0.0,0.0,-2.3,1.31,0.0
20220317:0211,0.0,0.0,-2.51,1.31,0.0
20220317:0311,0.0,0.0,-2.96,1.38,0.0
20220317:0411,0.0,0.0,-3.53,1.45,0.0
20220317:0511,0.0,0.0,-3.78,1.45,0.0
20220317:0611,1.78,2.72,-3.81,1.45,0.0
20220317:0711,29.36,9.63,-3.08,1.38,0.0
20220317:0811,44.48,15.93,-3.24,1.45,0.0
20220317:0911,33.81,21.19,-3.14,1.59,0.0
20220317:1011,33.81,24.98,-2.9,1.66,0.0
20220317:1111,36.48,26.94,-2.84,1.59,0.0
20220317:1211,36.48,26.85,-2.73,1.66,0.0
20220317:1311,32.92,24.7,-2.64,1.52,0.0
20220317:1411,27.58,20.75,-2.7,1.45,0.0
20220317:1511,19.67,15.38,-2.56,1.17,0.0
20220317:1611,9.79,9.01,-2.21,0.97,0.0
20220317:1711,0.89,2.06,-2.56,0.97,0.0
20220317:1811,0.0,0.0,-2.77,0.97,0.0
20220317:1911,0.0,0.0,-2.75,0.97,0.0
20220317:2011,0.0,0.0,-2.77,0.97,0.0
20220317:2111,0.0,0.0,-2.7,1.1,0.0
20220317:2211,0.0,0.0,-2.71,1.24,0.0
20220317:2311,0.0,0.0,-2.8,1.17,0.0
20220318:0011,0.0,0.0,-2.87,1.03,0.0
20220318:0111,0.0,0.0,-3.44,1.24,0.0
20220318:0211,0.0,0.0,-4.29,1.38,0.0
20220318:0311,0.0,0.0,-3.99,1.24,0.0
20220318:0411,0.0,0.0,-4.1,1.24,0.0
20220318:0511,0.0,0.0,-4.24,1.17,0.0
20220318:0611,2.67,3.1,-4.34,0.97,0.0
20220318:0711,53.38,10.02,-4.97,0.41,0.0
20220318:0811,116.55,16.32,-5.56,1.45,0.0
20220318:0911,64.06,21.59,-5.48,1.59,0.0
20220318:1011,64.06,25.39,-5.05,1.59,0.0
20220318:1111,48.04,27.34,-4.86,1.93,0.0
20220318:1211,37.37,27.24,-4.47,2.14,0.0
20220318:1311,72.95,25.08,-4.39,2.28,0.0
20220318:1411,27.58,21.11,-4.32,2.14,0.0
20220318:1511,167.77,15.71,-4.64,1.86,0.0
20220318:1611,59.61,9.33,-4.24,1.45,0.0
20220318:1711,1.78,2.37,-3.8,1.17,0.0
20220318:1811,0.0,0.0,-3.45,1.24,0.0
20220318:1911,0.0,0.0,-3.73,0.97,0.0
20220318:2011,0.0,0.0,-3.78,0.83,0.0
20220318:2111,0.0,0.0,-3.81,0.83,0.0
20220318:2211,0.0,0.0,-3.79,0.83,0.0
20220318:2311,0.0,0.0,-3.96,0.83,0.0
20220319:0011,0.0,0.0,-4.22,0.69,0.0
20220319:0111,0.0,0.0,-4.09,0.62,0.0
20220319:0211,0.0,0.0,-4.26,0.62,0.0
20220319:0311,0.0,0.0,-4.26,0.69,0.0
20220319:0411,0.0,0.0,-4.29,0.55,0.0
20220319:0511,0.0,0.0,-4.32,0.48,0.0
20220319:0611,11.57,3.49,-4.3,0.41,0.0
20220319:0711,34.7,10.41,-3.94,0.41,0.0
20220319:0811,72.06,16.72,-2.93,0.48,0.0
20220319:0911,51.6,21.99,-1.93,0.55,0.0
20220319:1011,192.17,25.79,-1.13,0.62,0.0
20220319:1111,112.1,27.74,-0.19,0.55,0.0
20220319:1211,206.41,27.63,0.65,0.48,0.0
20220319:1311,102.31,25.45,1.25,0.41,0.0
20220319:1411,79.18,21.46,1.63,0.48,0.0
20220319:1511,488.43,16.05,1.61,0.62,0.0
20220319:1611,32.03,9.65,1.29,0.76,0.0
20220319:1711,1.78,2.69,0.65,0.9,0.0
20220319:1811,0.0,0.0,-0.15,1.1,0.0
20220319:1911,0.0,0.0,-1.12,1.24,0.0
20220319:2011,0.0,0.0,-1.42,1.38,0.0
20220319:2111,0.0,0.0,-1.56,1.52,0.0
20220319:2211,0.0,0.0,-1.52,1.52,0.0
20220319:2311,0.0,0.0,-1.23,1.52,0.0
20220320:0011,0.0,0.0,-0.86,1.52,0.0
20220320:0111,0.0,0.0,-0.98,1.59,0.0
20220320:0211,0.0,0.0,-0.84,1.59,0.0
20220320:0311,0.0,0.0,-0.76,1.59,0.0
20220320:0411,0.0,0.0,-0.69,1.59,0.0
20220320:0511,0.0,0.0,-0.59,1.59,0.0
20220320:0611,13.35,3.87,-0.6,1.59,0.0
20220320:0711,34.7,10.8,-2.41,1.72,0.0
20220320:0811,46.26,17.11,-1.87,1.66,0.0
20220320:0911,77.4,22.39,-0.1,1.52,0.0
20220320:1011,35.59,26.19,1.42,1.45,0.0
20220320:1111,38.26,28.14,2.52,1.38,0.0
20220320:1211,38.26,28.01,3.34,1.31,0.0
20220320:1311,53.38,25.82,3.71,1.24,0.0
20220320:1411,50.71,21.81,3.66,1.17,0.0
20220320:1511,496.29,16.38,3.15,1.1,0.0
20220320:1611,32.92,9.97,2.51,1.1,0.0
20220320:1711,1.78,3.0,1.6,1.17,0.0
20220320:1811,0.0,0.0,0.43,1.24,0.0
20220320:1911,0.0,0.0,-0.4,1.24,0.0
20220320:2011,0.0,0.0,-1.21,1.24,0.0
20220320:2111,0.0,0.0,-1.87,1.24,0.0
20220320:2211,0.0,0.0,-2.47,1.24,0.0
20220320:2311,0.0,0.0,-3.12,1.31,0.0
20220321:0011,0.0,0.0,-3.79,1.38,0.0
20220321:0111,0.0,0.0,-4.28,1.45,0.0
20220321:0211,0.0,0.0,-4.81,1.52,0.0
20220321:0311,0.0,0.0,-5.3,1.52,0.0
20220321:0411,0.0,0.0,-5.64,1.59,0.0
20220321:0511,0.0,0.0,-5.87,1.59,0.0
20220321:0611,22.24,4.26,-5.98,1.59,0.0
20220321:0711,33.81,11.19,-6.82,1.66,0.0
20220321:0811,101.42,17.5,-5.64,1.59,0.0
20220321:0911,83.63,22.79,-4.24,1.38,0.0
20220321:1011,149.47,26.6,-3.0,1.24,0.0
20220321:1111,215.3,28.54,-2.03,1.17,0.0
20220321:1211,216.19,28.4,-1.42,1.1,0.0
20220321:1311,146.8,26.19,-1.07,1.1,0.0
20220321:1411,50.71,22.16,-0.95,1.1,0.0
20220321:1511,515.01,16.71,-1.16,1.03,0.0
20220321:1611,32.03,10.29,-1.84,1.1,0.0
20220321:1711,15.12,3.31,-2.65,1.24,0.0
20220321:1811,0.0,0.0,-3.35,1.31,0.0
20220321:1911,0.0,0.0,-4.09,1.38,0.0
20220321:2011,0.0,0.0,-4.26,1.45,0.0
20220321:2111,0.0,0.0,-4.26,1.45,0.0
20220321:2211,0.0,0.0,-4.3,1.45,0.0
20220321:2311,0.0,0.0,-4.48,1.45,0.0
20220322:0011,0.0,0.0,-4.71,1.38,0.0
20220322:0111,0.0,0.0,-5.12,1.31,0.0
20220322:0211,0.0,0.0,-5.44,1.31,0.0
20220322:0311,0.0,0.0,-5.83,1.24,0.0
20220322:0411,0.0,0.0,-6.08,1.1,0.0
20220322:0511,0.0,0.0,-6.36,0.9,0.0
20220322:0611,4.45,4.64,-6.54,0.76,0.0
20220322:0711,56.05,11.57,-6.09,0.62,0.0
20220322:0811,95.2,17.9,-4.89,0.0,0.0
20220322:0911,168.15,23.19,-4.33,0.62,0.0
20220322:1011,197.51,27.0,-3.87,0.9,0.0
20220322:1111,117.44,28.94,-3.55,1.03,0.0
20220322:1211,147.69,28.79,-3.23,1.03,0.0
20220322:1311,161.03,26.56,-3.05,0.97,0.0
20220322:1411,104.09,22.51,-2.88,0.97,0.0
20220322:1511,375.08,17.04,-2.76,0.9,0.0
20220322:1611,65.84,10.61,-2.75,0.55,0.0
20220322:1711,4.45,3.62,-3.27,0.21,0.0
20220322:1811,0.0,0.0,-3.96,0.41,0.0
20220322:1911,0.0,0.0,-4.55,0.62,0.0
20220322:2011,0.0,0.0,-5.17,0.76,0.0
20220322:2111,0.0,0.0,-5.67,0.83,0.0
20220322:2211,0.0,0.0,-6.05,0.9,0.0
20220322:2311,0.0,0.0,-7.26,1.1,0.0
20220323:0011,0.0,0.0,-8.14,1.24,0.0
20220323:0111,0.0,0.0,-8.01,1.17,0.0
20220323:0211,0.0,0.0,-7.6,1.1,0.0
20220323:0311,0.0,0.0,-8.25,1.17,0.0
20220323:0411,0.0,0.0,-8.29,1.24,0.0
20220323:0511,0.0,0.0,-7.84,1.24,0.0
20220323:0611,18.68,5.03,-7.34,1.17,0.0
20220323:0711,37.37,11.96,-7.79,1.17,0.0
20220323:0811,79.18,18.29,-5.4,0.97,0.0
20220323:0911,152.14,23.59,-3.14,0.62,0.0
20220323:1011,179.72,27.4,-1.64,0.21,0.0
20220323:1111,218.86,29.34,-0.95,0.34,0.0
20220323:1211,175.27,29.18,-0.51,0.62,0.0
20220323:1311,55.16,26.93,-0.25,0.69,0.0
20220323:1411,85.41,22.86,-0.2,0.62,0.0
20220323:1511,504.68,17.37,-0.23,0.34,0.0
20220323:1611,35.59,10.92,-0.52,0.21,0.0
20220323:1711,14.23,3.93,-0.74,0.28,0.0
20220323:1811,0.0,0.0,-0.92,0.34,0.0
20220323:1911,0.0,0.0,-0.92,0.28,0.0
20220323:2011,0.0,0.0,-1.11,0.41,0.0
20220323:2111,0.0,0.0,-1.28,0.41,0.0
20220323:2211,0.0,0.0,-1.65,0.41,0.0
20220323:2311,0.0,0.0,-1.83,0.41,0.0
20220324:0011,0.0,0.0,-1.96,0.41,0.0
20220324:0111,0.0,0.0,-2.08,0.34,0.0
20220324:0211,0.0,0.0,-2.12,0.28,0.0
20220324:0311,0.0,0.0,-2.17,0.28,0.0
20220324:0411,0.0,0.0,-2.25,0.28,0.0
20220324:0511,0.0,0.0,-2.3,0.28,0.0
20220324:0611,4.45,5.41,-2.4,0.34,0.0
20220324:0711,16.9,12.35,-1.19,0.41,0.0
20220324:0811,129.89,18.68,-1.08,0.48,0.0
20220324:0911,32.03,23.98,-1.27,1.1,0.0
20220324:1011,55.16,27.8,-1.72,1.59,0.0
20220324:1111,73.84,29.74,-0.99,1.52,0.0
20220324:1211,40.04,29.56,-0.9,1.52,0.0
20220324:1311,195.73,27.3,-0.67,1.59,0.0
20220324:1411,75.62,23.2,-0.86,1.59,0.0
20220324:1511,183.13,17.7,-0.69,1.24,0.0
20220324:1611,64.95,11.24,-0.81,1.24,0.0
20220324:1711,3.56,4.24,-0.37,0.76,0.0
20220324:1811,0.0,0.0,-0.45,0.69,0.0
20220324:1911,0.0,0.0,-0.23,0.55,0.0
20220324:2011,0.0,0.0,-0.14,0.62,0.0
20220324:2111,0.0,0.0,-0.11,0.83,0.0
20220324:2211,0.0,0.0,-0.12,0.97,0.0
20220324:2311,0.0,0.0,-0.18,1.03,0.0
20220325:0011,0.0,0.0,-0.34,1.31,0.0
20220325:0111,0.0,0.0,-1.46,1.52,0.0
20220325:0211,0.0,0.0,-1.7,1.59,0.0
20220325:0311,0.0,0.0,-1.89,1.52,0.0
20220325:0411,0.0,0.0,-1.82,1.38,0.0
20220325:0511,0.0,0.0,-1.73,1.31,0.0
20220325:0611,21.35,5.8,-1.84,1.45,0.0
20220325:0711,40.04,12.74,-1.12,1.45,0.0
20220325:0811,137.01,19.08,-1.18,1.66,0.0
20220325:0911,177.94,24.38,-0.92,1.59,0.0
20220325:1011,46.26,28.2,-0.52,1.72,0.0
20220325:1111,72.06,30.14,-0.32,1.66,0.0
20220325:1211,40.93,29.95,0.07,1.79,0.0
20220325:1311,175.27,27.66,0.37,2.14,0.0
20220325:1411,54.27,23.55,0.38,1.93,0.0
20220325:1511,506.28,18.03,-0.66,1.86,0.0
20220325:1611,37.37,11.55,-0.37,1.79,0.0
20220325:1711,16.9,4.55,-0.53,1.45,0.0
20220325:1811,0.0,0.0,-0.88,1.59,0.0
20220325:1911,0.0,0.0,-1.32,1.66,0.0
20220325:2011,0.0,0.0,-1.55,1.66,0.0
20220325:2111,0.0,0.0,-2.31,1.52,0.0
20220325:2211,0.0,0.0,-2.93,1.59,0.0
20220325:2311,0.0,0.0,-3.89,1.66,0.0
20220326:0011,0.0,0.0,-4.46,1.72,0.0
20220326:0111,0.0,0.0,-4.68,1.79,0.0
20220326:0211,0.0,0.0,-5.13,1.72,0.0
20220326:0311,0.0,0.0,-5.45,1.52,0.0
20220326:0411,0.0,0.0,-5.45,1.52,0.0
20220326:0511,0.0,0.0,-5.3,1.45,0.0
20220326:0611,18.68,6.18,-5.16,1.45,0.0
20220326:0711,88.97,13.12,-5.44,1.38,0.0
20220326:0811,104.98,19.47,-5.3,1.38,0.0
20220326:0911,79.18,24.78,-4.73,1.31,0.0
20220326:1011,210.85,28.61,-3.95,1.17,0.0
20220326:1111,140.57,30.53,-2.92,0.9,0.0
20220326:1211,85.41,30.33,-2.06,0.76,0.0
20220326:1311,72.95,28.03,-1.57,0.76,0.0
20220326:1411,153.91,23.9,-1.83,0.9,0.0
20220326:1511,451.88,18.36,-1.78,0.97,0.0
20220326:1611,56.94,11.87,-1.82,0.97,0.0
20220326:1711,5.34,4.86,-1.85,0.97,0.0
20220326:1811,0.0,0.0,-1.63,0.83,0.0
20220326:1911,0.0,0.0,-1.33,0.83,0.0
20220326:2011,0.0,0.0,-1.47,0.9,0.0
20220326:2111,0.0,0.0,-1.51,0.83,0.0
20220326:2211,0.0,0.0,-1.86,0.9,0.0
20220326:2311,0.0,0.0,-1.93,0.9,0.0
20220327:0011,0.0,0.0,-2.25,0.97,0.0
20220327:0111,0.0,0.0,-2.68,1.03,0.0
20220327:0211,0.0,0.0,-2.85,1.03,0.0
20220327:0311,0.0,0.0,-3.14,1.17,0.0
20220327:0411,0.0,0.0,-3.41,1.52,0.0
20220327:0511,0.0,0.0,-3.4,1.24,0.0
20220327:0611,28.47,6.56,-3.29,1.31,0.0
20220327:0711,77.4,13.51,-2.82,1.31,0.0
20220327:0811,72.95,19.86,-2.56,1.38,0.0
20220327:0911,185.05,25.18,-1.89,1.59,0.0
20220327:1011,213.52,29.01,-1.11,1.72,0.0
20220327:1111,228.65,30.93,-0.69,1.86,0.0
20220327:1211,118.33,30.72,-0.56,2.34,0.0
20220327:1311,38.26,28.39,-0.48,2.48,0.0
20220327:1411,32.03,24.24,-0.34,2.55,0.0
20220327:1511,80.55,18.68,-0.26,2.55,0.0
20220327:1611,79.18,12.18,-0.23,2.62,0.0
20220327:1711,18.68,5.17,-0.46,2.21,0.0
20220327:1811,0.0,0.0,-0.7,2.21,0.0
20220327:1911,0.0,0.0,-0.8,2.28,0.0
20220327:2011,0.0,0.0,-0.85,2.34,0.0
20220327:2111,0.0,0.0,-0.9,2.34,0.0
20220327:2211,0.0,0.0,-0.95,2.34,0.0
20220327:2311,0.0,0.0,-0.98,2.28,0.0
20220328:0011,0.0,0.0,-0.95,2.21,0.0
20220328:0111,0.0,0.0,-1.08,2.34,0.0
20220328:0211,0.0,0.0,-1.04,2.48,0.0
20220328:0311,0.0,0.0,-1.3,2.48,0.0
20220328:0411,0.0,0.0,-1.99,3.31,0.0
20220328:0511,0.0,0.0,-2.84,3.03,0.0
20220328:0611,24.02,6.94,-3.92,3.03,0.0
20220328:0711,40.93,13.9,-4.51,2.55,0.0
20220328:0811,583.94,20.25,-4.7,2.55,0.0
20220328:0911,52.49,25.58,-4.09,2.55,0.0
20220328:1011,209.96,29.4,-3.69,2.21,0.0
20220328:1111,232.21,31.33,-3.35,2.14,0.0
20220328:1211,180.6,31.1,-3.1,2.55,0.0
20220328:1311,176.16,28.76,-3.35,2.62,0.0
20220328:1411,141.46,24.58,-3.8,2.48,0.0
20220328:1511,536.88,19.01,-4.48,2.07,0.0
20220328:1611,37.37,12.49,-5.49,1.93,0.0
20220328:1711,19.57,5.47,-6.45,1.79,0.0
20220328:1811,0.0,0.0,-6.44,1.45,0.0
20220328:1911,0.0,0.0,-5.94,1.03,0.0
20220328:2011,0.0,0.0,-6.27,1.1,0.0
20220328:2111,0.0,0.0,-6.69,1.1,0.0
20220328:2211,0.0,0.0,-6.89,1.1,0.0
20220328:2311,0.0,0.0,-7.06,1.03,0.0
20220329:0011,0.0,0.0,-7.44,1.03,0.0
20220329:0111,0.0,0.0,-7.74,0.97,0.0
20220329:0211,0.0,0.0,-8.07,0.97,0.0
20220329:0311,0.0,0.0,-8.31,0.76,0.0
20220329:0411,0.0,0.0,-9.12,0.97,0.0
20220329:0511,0.0,0.0,-9.35,0.76,0.0
20220329:0611,8.01,7.33,-9.16,0.62,0.0
20220329:0711,35.59,14.28,-8.73,1.24,0.0
20220329:0811,29.03,20.64,-8.8,1.31,0.0
20220329:0911,81.48,25.97,-8.19,1.17,0.0
20220329:1011,40.93,29.8,-7.2,1.17,0.0
20220329:1111,51.6,31.72,-6.88,1.17,0.0
20220329:1211,180.6,31.48,-6.5,1.17,0.0
20220329:1311,80.07,29.12,-6.6,1.17,0.0
20220329:1411,33.81,24.93,-6.68,1.17,0.0
20220329:1511,56.19,19.33,-7.34,1.17,0.0
20220329:1611,82.99,12.81,-7.62,1.1,0.0
20220329:1711,31.14,5.78,-6.95,0.76,0.0
20220329:1811,0.0,0.0,-7.23,0.76,0.0
20220329:1911,0.0,0.0,-7.94,0.62,0.0
20220329:2011,0.0,0.0,-8.33,0.69,0.0
20220329:2111,0.0,0.0,-8.77,0.83,0.0
20220329:2211,0.0,0.0,-9.2,0.97,0.0
20220329:2311,0.0,0.0,-9.6,1.03,0.0
20220330:0011,0.0,0.0,-9.97,1.1,0.0
20220330:0111,0.0,0.0,-10.32,1.1,0.0
20220330:0211,0.0,0.0,-10.87,1.1,0.0
20220330:0311,0.0,0.0,-11.35,1.1,0.0
20220330:0411,0.0,0.0,-11.8,1.17,0.0
20220330:0511,0.0,0.0,-12.29,1.24,0.0
20220330:0611,19.57,7.71,-12.46,1.17,0.0
20220330:0711,43.08,14.66,-12.6,1.24,0.0
20220330:0811,66.5,21.03,-11.13,1.1,0.0
20220330:0911,66.5,26.37,-9.74,1.1,0.0
20220330:1011,228.65,30.2,-8.65,1.1,0.0
20220330:1111,242.88,32.11,-8.04,1.1,0.0
20220330:1211,239.32,31.86,-8.06,1.17,0.0
20220330:1311,925.08,29.48,-7.97,1.31,0.0
20220330:1411,153.91,25.27,-7.96,1.38,0.0
20220330:1511,449.23,19.66,-7.54,1.31,0.0
20220330:1611,142.23,13.12,-7.0,0.97,0.0
20220330:1711,13.35,6.08,-7.53,0.76,0.0
20220330:1811,0.0,0.0,-8.3,0.76,0.0
20220330:1911,0.0,0.0,-9.24,0.83,0.0
20220330:2011,0.0,0.0,-9.86,0.9,0.0
20220330:2111,0.0,0.0,-10.51,1.03,0.0
20220330:2211,0.0,0.0,-11.12,1.1,0.0
20220330:2311,0.0,0.0,-11.48,1.17,0.0
20220331:0011,0.0,0.0,-11.67,1.17,0.0
20220331:0111,0.0,0.0,-11.74,1.17,0.0
20220331:0211,0.0,0.0,-11.73,1.24,0.0
20220331:0311,0.0,0.0,-11.69,1.17,0.0
20220331:0411,0.0,0.0,-11.58,1.17,0.0
20220331:0511,0.0,0.0,-11.65,1.24,0.0
20220331:0611,26.69,8.08,-11.74,1.24,0.0
20220331:0711,270.15,15.05,-12.83,1.1,0.0
20220331:0811,228.02,21.42,-12.2,1.17,0.0
20220331:0911,809.3,26.76,-10.8,1.17,0.0
20220331:1011,80.07,30.6,-9.28,1.1,0.0
20220331:1111,87.19,32.51,-8.31,1.1,0.0
20220331:1211,136.12,32.24,-7.43,1.1,0.0
20220331:1311,189.44,29.84,-7.1,1.17,0.0
20220331:1411,169.04,25.61,-6.7,1.31,0.0
20220331:1511,58.07,19.98,-5.97,1.17,0.0
20220331:1611,322.4,13.42,-6.09,0.9,0.0
20220331:1711,9.79,6.38,-6.6,0.76,0.0
20220331:1811,0.0,0.0,-7.47,0.76,0.0
20220331:1911,0.0,0.0,-8.78,0.9,0.0
20220331:2011,0.0,0.0,-9.4,0.97,0.0
20220331:2111,0.0,0.0,-9.95,1.1,0.0
20220331:2211,0.0,0.0,-10.46,1.1,0.0
20220331:2311,0.0,0.0,-10.89,1.17,0.0
20220401:0011,0.0,0.0,-11.32,1.17,0.0
20220401:0111,0.0,0.0,-11.73,1.24,0.0
20220401:0211,0.0,0.0,-12.04,1.24,0.0
20220401:0311,0.0,0.0,-12.24,1.31,0.0
20220401:0411,0.0,0.0,-12.38,1.31,0.0
20220401:0511,0.0,0.0,-12.44,1.31,0.0
20220401:0611,33.81,8.46,-12.79,1.31,0.0
20220401:0711,374.46,15.43,-14.45,1.31,0.0
20220401:0811,29.97,21.81,-12.15,1.24,0.0
20220401:0911,610.35,27.15,-10.21,1.1,0.0
20220401:1011,229.54,30.99,-9.06,1.1,0.0
20220401:1111,203.74,32.9,-8.3,1.03,0.0
20220401:1211,82.74,32.62,-7.38,1.03,0.0
20220401:1311,394.35,30.2,-6.86,1.1,0.0
20220401:1411,68.51,25.94,-6.59,1.1,0.0
20220401:1511,547.24,20.3,-6.53,1.1,0.0
20220401:1611,313.79,13.73,-6.76,0.83,0.0
20220401:1711,26.69,6.69,-7.36,0.83,0.0
20220401:1811,0.0,0.0,-8.22,0.9,0.0
20220401:1911,0.0,0.0,-9.33,0.97,0.0
20220401:2011,0.0,0.0,-10.12,1.1,0.0
20220401:2111,0.0,0.0,-10.76,1.17,0.0
20220401:2211,0.0,0.0,-11.34,1.17,0.0
20220401:2311,0.0,0.0,-11.81,1.24,0.0
20220402:0011,0.0,0.0,-12.2,1.24,0.0
20220402:0111,0.0,0.0,-12.38,1.24,0.0
20220402:0211,0.0,0.0,-12.53,1.24,0.0
20220402:0311,0.0,0.0,-12.65,1.24,0.0
20220402:0411,0.0,0.0,-12.72,1.17,0.0
20220402:0511,0.89,1.7,-13.05,1.17,0.0
20220402:0611,56.05,8.84,-13.45,1.24,0.0
20220402:0711,354.31,15.81,-13.35,1.03,0.0
20220402:0811,320.84,22.19,-11.43,0.9,0.0
20220402:0911,294.08,27.54,-9.44,0.97,0.0
20220402:1011,184.16,31.38,-8.17,1.03,0.0
20220402:1111,237.54,33.29,-7.47,1.1,0.0
20220402:1211,230.43,33.0,-7.1,1.1,0.0
20220402:1311,350.28,30.56,-6.88,1.24,0.0
20220402:1411,193.06,26.28,-6.47,1.17,0.0
20220402:1511,86.16,20.61,-5.94,1.1,0.0
20220402:1611,95.25,14.04,-6.02,0.9,0.0
20220402:1711,24.02,6.99,-6.23,0.83,0.0
20220402:1811,0.0,0.0,-6.6,0.76,0.0
20220402:1911,0.0,0.0,-6.61,0.83,0.0
20220402:2011,0.0,0.0,-6.74,0.9,0.0
20220402:2111,0.0,0.0,-6.85,0.9,0.0
20220402:2211,0.0,0.0,-6.84,0.83,0.0
20220402:2311,0.0,0.0,-6.79,0.76,0.0
20220403:0011,0.0,0.0,-6.74,0.76,0.0
20220403:0111,0.0,0.0,-6.75,0.76,0.0
20220403:0211,0.0,0.0,-6.72,0.76,0.0
20220403:0311,0.0,0.0,-6.68,0.83,0.0
20220403:0411,0.0,0.0,-6.61,0.9,0.0
20220403:0511,0.89,2.07,-6.6,0.97,0.0
20220403:0611,51.6,9.21,-6.65,1.1,0.0
20220403:0711,140.33,16.18,-7.55,1.72,0.0
20220403:0811,452.08,22.57,-7.2,1.79,0.0
20220403:0911,629.37,27.93,-6.65,2.0,0.0
20220403:1011,96.98,31.78,-6.19,1.86,0.0
20220403:1111,142.35,33.67,-5.52,1.93,0.0
20220403:1211,246.44,33.37,-4.85,1.86,0.0
20220403:1311,841.46,30.92,-4.53,1.79,0.0
20220403:1411,212.67,26.62,-4.45,1.72,0.0
20220403:1511,463.83,20.93,-4.8,1.52,0.0
20220403:1611,270.84,14.34,-4.4,1.24,0.0
20220403:1711,33.81,7.29,-4.11,1.1,0.0
20220403:1811,0.0,0.0,-4.38,1.1,0.0
20220403:1911,0.0,0.0,-4.7,1.03,0.0
20220403:2011,0.0,0.0,-4.76,0.97,0.0
20220403:2111,0.0,0.0,-4.71,0.97,0.0
20220403:2211,0.0,0.0,-4.64,0.83,0.0
20220403:2311,0.0,0.0,-4.6,0.69,0.0
20220404:0011,0.0,0.0,-4.69,0.14,0.0
20220404:0111,0.0,0.0,-4.75,0.34,0.0
20220404:0211,0.0,0.0,-4.84,0.62,0.0
20220404:0311,0.0,0.0,-4.99,0.83,0.0
20220404:0411,0.0,0.0,-5.1,0.97,0.0
20220404:0511,1.78,2.45,-5.26,1.03,0.0
20220404:0611,37.37,9.59,-5.45,1.03,0.0
20220404:0711,275.67,16.56,-5.5,1.24,0.0
20220404:0811,610.45,22.95,-5.79,1.31,0.0
20220404:0911,462.77,28.32,-5.82,1.52,0.0
20220404:1011,137.9,32.17,-5.7,1.79,0.0
20220404:1111,255.34,34.06,-5.53,1.79,0.0
20220404:1211,98.75,33.75,-5.0,1.93,0.0
20220404:1311,901.8,31.27,-5.98,2.07,0.0
20220404:1411,78.67,26.95,-6.84,2.07,0.0
20220404:1511,103.02,21.25,-7.73,1.93,0.0
20220404:1611,170.36,14.65,-7.49,1.45,0.0
20220404:1711,35.59,7.59,-6.96,1.24,0.0
20220404:1811,0.0,0.0,-7.22,1.03,0.0
20220404:1911,0.0,0.0,-8.08,0.83,0.0
20220404:2011,0.0,0.0,-8.46,0.83,0.0
20220404:2111,0.0,0.0,-8.8,0.83,0.0
20220404:2211,0.0,0.0,-9.16,0.76,0.0
20220404:2311,0.0,0.0,-9.45,0.76,0.0
20220405:0011,0.0,0.0,-9.63,0.69,0.0
20220405:0111,0.0,0.0,-10.29,0.62,0.0
20220405:0211,0.0,0.0,-10.33,0.62,0.0
20220405:0311,0.0,0.0,-10.12,0.62,0.0
20220405:0411,0.0,0.0,-9.96,0.69,0.0
20220405:0511,1.78,2.82,-9.97,0.76,0.0
20220405:0611,38.26,9.96,-9.97,1.1,0.0
20220405:0711,402.45,16.93,-9.78,1.24,0.0
20220405:0811,629.68,23.33,-9.78,1.31,0.0
20220405:0911,313.73,28.7,-9.5,1.45,0.0
20220405:1011,243.77,32.55,-9.26,1.52,0.0
20220405:1111,155.69,34.44,-9.05,1.72,0.0
20220405:1211,178.83,34.12,-8.36,1.86,0.0
20220405:1311,926.0,31.62,-8.12,1.59,0.0
20220405:1411,771.74,27.28,-8.19,1.66,0.0
20220405:1511,565.52,21.56,-8.3,1.59,0.0
20220405:1611,332.03,14.95,-7.25,1.24,0.0
20220405:1711,31.14,7.88,-7.4,0.97,0.0
20220405:1811,0.0,0.0,-7.75,0.83,0.0
20220405:1911,0.0,0.0,-8.03,0.83,0.0
20220405:2011,0.0,0.0,-8.38,0.76,0.0
20220405:2111,0.0,0.0,-8.78,0.62,0.0
20220405:2211,0.0,0.0,-9.17,0.62,0.0
20220405:2311,0.0,0.0,-9.66,0.55,0.0
20220406:0011,0.0,0.0,-10.05,0.55,0.0
20220406:0111,0.0,0.0,-10.78,0.69,0.0
20220406:0211,0.0,0.0,-11.69,0.83,0.0
20220406:0311,0.0,0.0,-12.34,0.97,0.0
20220406:0411,0.0,0.0,-12.7,1.03,0.0
20220406:0511,2.67,3.19,-13.07,1.17,0.0
20220406:0611,40.93,10.33,-13.04,1.24,0.0
20220406:0711,158.05,17.3,-11.55,1.17,0.0
20220406:0811,391.02,23.71,-10.62,1.03,0.0
20220406:0911,701.97,29.09,-9.34,0.83,0.0
20220406:1011,136.12,32.94,-8.09,0.69,0.0
20220406:1111,127.22,34.83,-7.13,0.55,0.0
20220406:1211,116.55,34.49,-6.49,0.55,0.0
20220406:1311,930.91,31.97,-5.98,0.62,0.0
20220406:1411,640.41,27.61,-5.68,0.83,0.0
20220406:1511,377.74,21.87,-5.55,0.83,0.0
20220406:1611,211.32,15.25,-5.69,0.69,0.0
20220406:1711,48.93,8.18,-6.47,0.69,0.0
20220406:1811,0.0,0.0,-7.46,0.97,0.0
20220406:1911,0.0,0.0,-9.0,1.03,0.0
20220406:2011,0.0,0.0,-10.03,1.17,0.0
20220406:2111,0.0,0.0,-10.92,1.31,0.0
20220406:2211,0.0,0.0,-11.6,1.38,0.0
20220406:2311,0.0,0.0,-12.01,1.45,0.0
20220407:0011,0.0,0.0,-12.24,1.45,0.0
20220407:0111,0.0,0.0,-12.47,1.52,0.0
20220407:0211,0.0,0.0,-12.52,1.52,0.0
20220407:0311,0.0,0.0,-12.55,1.59,0.0
20220407:0411,0.0,0.0,-12.48,1.59,0.0
20220407:0511,13.35,3.55,-12.35,1.59,0.0
20220407:0611,40.93,10.69,-12.17,1.59,0.0
20220407:0711,411.01,17.67,-12.49,1.59,0.0
20220407:0811,638.58,24.09,-10.59,1.45,0.0
20220407:0911,829.32,29.47,-9.62,1.52,0.0
20220407:1011,910.02,33.33,-8.96,1.59,0.0
20220407:1111,73.84,35.21,-8.67,1.79,0.0
20220407:1211,262.46,34.85,-7.84,1.93,0.0
20220407:1311,745.42,32.32,-7.34,2.0,0.0
20220407:1411,555.01,27.94,-7.55,1.72,0.0
20220407:1511,356.17,22.18,-7.29,1.59,0.0
20220407:1611,131.47,15.55,-7.17,1.38,0.0
20220407:1711,52.49,8.48,-6.56,1.24,0.0
20220407:1811,0.0,0.0,-6.65,1.17,0.0
20220407:1911,0.0,0.0,-7.6,1.03,0.0
20220407:2011,0.0,0.0,-7.69,1.17,0.0
20220407:2111,0.0,0.0,-7.81,1.17,0.0
20220407:2211,0.0,0.0,-7.91,1.1,0.0
20220407:2311,0.0,0.0,-8.11,1.03,0.0
20220408:0011,0.0,0.0,-8.38,0.97,0.0
20220408:0111,0.0,0.0,-8.66,1.03,0.0
20220408:0211,0.0,0.0,-9.01,1.03,0.0
20220408:0311,0.0,0.0,-9.41,1.03,0.0
20220408:0411,0.0,0.0,-9.95,1.1,0.0
20220408:0511,15.12,3.92,-10.48,1.1,0.0
20220408:0611,41.81,11.06,-10.76,1.17,0.0
20220408:0711,297.19,18.04,-10.14,1.17,0.0
20220408:0811,194.74,24.46,-9.58,1.31,0.0
20220408:0911,442.56,29.85,-9.95,1.45,0.0
20220408:1011,509.54,33.71,-10.22,1.79,0.0
20220408:1111,1035.49,35.58,-9.61,2.0,0.0
20220408:1211,245.55,35.22,-8.77,2.48,0.0
20220408:1311,744.98,32.67,-8.75,2.41,0.0
20220408:1411,467.96,28.26,-8.88,2.41,0.0
20220408:1511,574.94,22.49,-9.05,2.34,0.0
20220408:1611,342.32,15.85,-9.1,1.72,0.0
20220408:1711,34.7,8.77,-7.97,1.38,0.0
20220408:1811,0.0,0.0,-8.29,1.17,0.0
20220408:1911,0.0,0.0,-8.49,1.24,0.0
20220408:2011,0.0,0.0,-8.78,1.1,0.0
20220408:2111,0.0,0.0,-9.05,1.1,0.0
20220408:2211,0.0,0.0,-9.2,1.17,0.0
20220408:2311,0.0,0.0,-9.35,1.24,0.0
20220409:0011,0.0,0.0,-9.62,1.31,0.0
20220409:0111,0.0,0.0,-10.11,1.38,0.0
20220409:0211,0.0,0.0,-10.17,1.31,0.0
20220409:0311,0.0,0.0,-10.18,1.31,0.0
20220409:0411,0.0,0.0,-10.27,1.38,0.0
20220409:0511,3.56,4.28,-10.3,1.31,0.0
20220409:0611,58.72,11.42,-10.33,1.45,0.0
20220409:0711,369.88,18.41,-9.19,1.72,0.0
20220409:0811,344.23,24.83,-8.4,2.07,0.0
20220409:0911,454.76,30.23,-7.48,2.07,0.0
20220409:1011,575.34,34.09,-6.61,2.14,0.0
20220409:1111,639.68,35.96,-5.6,2.34,0.0
20220409:1211,603.77,35.58,-5.27,2.14,0.0
20220409:1311,269.04,33.01,-5.01,2.28,0.0
20220409:1411,527.98,28.59,-5.26,2.0,0.0
20220409:1511,568.8,22.8,-5.73,2.0,0.0
20220409:1611,109.91,16.14,-6.12,2.07,0.0
20220409:1711,20.46,9.06,-6.39,1.72,0.0
20220409:1811,0.89,1.96,-6.61,1.66,0.0
20220409:1911,0.0,0.0,-7.02,1.66,0.0
20220409:2011,0.0,0.0,-7.08,1.59,0.0
20220409:2111,0.0,0.0,-7.45,1.52,0.0
20220409:2211,0.0,0.0,-7.5,1.45,0.0
20220409:2311,0.0,0.0,-7.99,1.59,0.0
20220410:0011,0.0,0.0,-8.18,1.59,0.0
20220410:0111,0.0,0.0,-7.7,1.45,0.0
20220410:0211,0.0,0.0,-7.57,1.45,0.0
20220410:0311,0.0,0.0,-7.91,1.45,0.0
20220410:0411,0.0,0.0,-8.13,1.52,0.0
20220410:0511,3.56,4.64,-8.17,1.52,0.0
20220410:0611,52.49,11.78,-7.94,1.38,0.0
20220410:0711,400.59,18.77,-7.43,1.66,0.0
20220410:0811,612.46,25.2,-6.95,2.07,0.0
20220410:0911,668.98,30.6,-5.92,2.21,0.0
20220410:1011,538.17,34.47,-5.18,2.14,0.0
20220410:1111,520.29,36.34,-4.62,2.14,0.0
20220410:1211,717.88,35.95,-4.14,1.93,0.0
20220410:1311,101.15,33.36,-3.83,2.0,0.0
20220410:1411,169.22,28.91,-3.88,1.86,0.0
20220410:1511,569.39,23.11,-3.94,1.79,0.0
20220410:1611,340.51,16.44,-4.7,1.59,0.0
20220410:1711,37.37,9.35,-4.53,1.38,0.0
20220410:1811,0.89,2.25,-4.82,1.38,0.0
20220410:1911,0.0,0.0,-5.0,1.24,0.0
20220410:2011,0.0,0.0,-5.38,1.24,0.0
20220410:2111,0.0,0.0,-5.73,1.17,0.0
20220410:2211,0.0,0.0,-5.92,1.24,0.0
20220410:2311,0.0,0.0,-6.25,1.17,0.0
20220411:0011,0.0,0.0,-6.44,1.31,0.0
20220411:0111,0.0,0.0,-6.72,1.24,0.0
20220411:0211,0.0,0.0,-6.85,1.17,0.0
20220411:0311,0.0,0.0,-7.06,1.24,0.0
20220411:0411,0.0,0.0,-7.34,1.24,0.0
20220411:0511,4.45,5.0,-7.02,1.17,0.0
20220411:0611,15.12,12.14,-7.08,1.24,0.0
20220411:0711,82.42,19.13,-7.83,1.72,0.0
20220411:0811,591.26,25.56,-7.3,1.66,0.0
20220411:0911,319.72,30.97,-6.72,1.72,0.0
20220411:1011,345.17,34.84,-6.31,1.72,0.0
20220411:1111,227.29,36.71,-5.27,1.86,0.0
20220411:1211,231.91,36.31,-4.38,1.79,0.0
20220411:1311,259.31,33.7,-4.3,1.66,0.0
20220411:1411,137.68,29.23,-4.38,1.66,0.0
20220411:1511,223.23,23.41,-4.62,1.38,0.0
20220411:1611,102.57,16.73,-4.44,1.24,0.0
20220411:1711,29.36,9.64,-3.81,0.83,0.0
20220411:1811,1.78,2.54,-4.46,0.62,0.0
20220411:1911,0.0,0.0,-5.09,0.55,0.0
20220411:2011,0.0,0.0,-5.46,0.62,0.0
20220411:2111,0.0,0.0,-5.78,0.69,0.0
20220411:2211,0.0,0.0,-6.05,0.76,0.0
20220411:2311,0.0,0.0,-6.35,0.9,0.0
20220412:0011,0.0,0.0,-6.69,1.03,0.0
20220412:0111,0.0,0.0,-6.69,1.1,0.0
20220412:0211,0.0,0.0,-6.8,1.1,0.0
20220412:0311,0.0,0.0,-7.02,1.24,0.0
20220412:0411,0.0,0.0,-7.34,1.31,0.0
20220412:0511,8.01,5.35,-7.55,1.31,0.0
20220412:0611,16.9,12.49,-7.9,1.38,0.0
20220412:0711,245.02,19.49,-8.66,1.38,0.0
20220412:0811,652.99,25.93,-6.07,1.17,0.0
20220412:0911,838.96,31.34,-4.23,1.03,0.0
20220412:1011,968.56,35.21,-2.84,0.97,0.0
20220412:1111,1029.98,37.08,-1.98,0.9,0.0
20220412:1211,1015.77,36.66,-1.39,0.83,0.0
20220412:1311,821.55,34.03,-0.99,0.76,0.0
20220412:1411,776.33,29.55,-0.71,0.83,0.0
20220412:1511,523.05,23.71,-0.57,0.83,0.0
20220412:1611,72.12,17.02,-0.62,0.76,0.0
20220412:1711,10.68,9.93,-1.04,0.9,0.0
20220412:1811,2.67,2.83,-1.59,0.9,0.0
20220412:1911,0.0,0.0,-2.63,1.03,0.0
20220412:2011,0.0,0.0,-2.75,1.03,0.0
20220412:2111,0.0,0.0,-3.12,1.17,0.0
20220412:2211,0.0,0.0,-3.34,1.1,0.0
20220412:2311,0.0,0.0,-3.61,1.1,0.0
20220413:0011,0.0,0.0,-3.81,1.1,0.0
20220413:0111,0.0,0.0,-3.84,1.03,0.0
20220413:0211,0.0,0.0,-3.93,1.03,0.0
20220413:0311,0.0,0.0,-4.17,1.1,0.0
20220413:0411,0.0,0.0,-4.39,1.17,0.0
20220413:0511,5.34,5.7,-4.68,1.24,0.0
20220413:0611,31.14,12.84,-5.21,1.31,0.0
20220413:0711,199.69,19.84,-4.28,1.24,0.0
20220413:0811,644.77,26.29,-3.78,1.31,0.0
20220413:0911,827.96,31.71,-3.24,1.31,0.0
20220413:1011,955.71,35.58,-2.85,1.45,0.0
20220413:1111,767.9,37.44,-2.22,1.45,0.0
20220413:1211,1001.09,37.02,-1.65,1.45,0.0
20220413:1311,894.01,34.37,-1.23,1.38,0.0
20220413:1411,613.07,29.87,-1.15,1.31,0.0
20220413:1511,116.13,24.01,-1.09,1.24,0.0
20220413:1611,123.92,17.31,-0.96,1.03,0.0
20220413:1711,31.14,10.21,-0.98,0.9,0.0
20220413:1811,2.67,3.12,-1.38,0.83,0.0
20220413:1911,0.0,0.0,-1.86,0.97,0.0
20220413:2011,0.0,0.0,-1.87,0.97,0.0
20220413:2111,0.0,0.0,-1.96,0.9,0.0
20220413:2211,0.0,0.0,-2.1,0.97,0.0
20220413:2311,0.0,0.0,-2.22,0.97,0.0
20220414:0011,0.0,0.0,-2.28,0.97,0.0
20220414:0111,0.0,0.0,-2.23,0.97,0.0
20220414:0211,0.0,0.0,-2.3,1.03,0.0
20220414:0311,0.0,0.0,-2.61,1.17,0.0
20220414:0411,0.0,0.0,-2.84,1.31,0.0
20220414:0511,25.8,6.05,-2.83,1.31,0.0
20220414:0611,210.95,13.19,-3.2,1.31,0.0
20220414:0711,437.7,20.19,-2.82,1.31,0.0
20220414:0811,282.43,26.64,-2.96,1.52,0.0
20220414:0911,244.14,32.07,-2.48,1.66,0.0
20220414:1011,774.7,35.95,-1.98,1.66,0.0
20220414:1111,1027.38,37.81,-1.35,1.66,0.0
20220414:1211,1014.35,37.37,-0.78,1.66,0.0
20220414:1311,656.45,34.7,-0.35,1.59,0.0
20220414:1411,382.96,30.18,-0.05,1.52,0.0
20220414:1511,575.7,24.31,0.2,1.52,0.0
20220414:1611,349.75,17.6,1.31,1.1,0.0
20220414:1711,41.81,10.5,0.87,1.03,0.0
20220414:1811,2.67,3.41,0.14,1.1,0.0
20220414:1911,0.0,0.0,-1.16,1.1,0.0
20220414:2011,0.0,0.0,-2.04,1.24,0.0
20220414:2111,0.0,0.0,-2.76,1.31,0.0
20220414:2211,0.0,0.0,-3.36,1.31,0.0
20220414:2311,0.0,0.0,-3.82,1.31,0.0
20220415:0011,0.0,0.0,-4.24,1.31,0.0
20220415:0111,0.0,0.0,-4.48,1.38,0.0
20220415:0211,0.0,0.0,-4.95,1.38,0.0
20220415:0311,0.0,0.0,-5.31,1.38,0.0
20220415:0411,0.0,0.0,-6.87,1.45,0.0
20220415:0511,6.23,6.4,-7.27,1.52,0.0
20220415:0611,75.23,13.54,-7.85,1.52,0.0
20220415:0711,423.84,20.54,-6.89,1.31,0.0
20220415:0811,667.14,27.0,-3.59,1.03,0.0
20220415:0911,597.08,32.43,-1.22,0.69,0.0
20220415:1011,362.45,36.32,0.11,0.34,0.0
20220415:1111,934.74,38.17,0.91,0.28,0.0
20220415:1211,737.88,37.72,1.51,0.41,0.0
20220415:1311,951.02,35.04,2.01,0.55,0.0
20220415:1411,394.56,30.49,2.32,0.55,0.0
20220415:1511,594.31,24.61,2.42,0.48,0.0
20220415:1611,304.49,17.88,2.12,0.48,0.0
20220415:1711,41.81,10.78,1.26,0.76,0.0
20220415:1811,2.67,3.7,0.48,0.83,0.0
20220415:1911,0.0,0.0,-0.82,0.97,0.0
20220415:2011,0.0,0.0,-1.51,1.03,0.0
20220415:2111,0.0,0.0,-1.7,1.03,0.0
20220415:2211,0.0,0.0,-1.58,1.03,0.0
20220415:2311,0.0,0.0,-1.66,1.03,0.0
20220416:0011,0.0,0.0,-1.85,1.03,0.0
20220416:0111,0.0,0.0,-2.06,1.03,0.0
20220416:0211,0.0,0.0,-2.39,1.1,0.0
20220416:0311,0.0,0.0,-2.85,1.1,0.0
20220416:0411,0.0,0.0,-3.26,1.17,0.0
20220416:0511,35.59,6.74,-3.57,1.17,0.0
20220416:0611,110.8,13.88,-3.55,1.1,0.0
20220416:0711,230.98,20.89,-2.56,0.9,0.0
20220416:0811,277.63,27.35,-0.8,0.69,0.0
20220416:0911,335.83,32.79,0.49,0.55,0.0
20220416:1011,176.08,36.68,1.56,0.62,0.0
20220416:1111,380.4,38.53,2.34,0.69,0.0
20220416:1211,107.71,38.07,3.11,0.55,0.0
20220416:1311,630.06,35.36,3.64,0.41,0.0
20220416:1411,788.08,30.8,4.03,0.34,0.0
20220416:1511,587.9,24.9,4.1,0.41,0.0
20220416:1611,249.57,18.17,3.55,0.55,0.0
20220416:1711,42.7,11.06,2.68,0.76,0.0
20220416:1811,17.79,3.98,1.64,0.9,0.0
20220416:1911,0.0,0.0,0.12,0.97,0.0
20220416:2011,0.0,0.0,-0.59,1.17,0.0
20220416:2111,0.0,0.0,-1.13,1.24,0.0
20220416:2211,0.0,0.0,-1.58,1.31,0.0
20220416:2311,0.0,0.0,-1.77,1.31,0.0
20220417:0011,0.0,0.0,-1.89,1.38,0.0
20220417:0111,0.0,0.0,-2.06,1.38,0.0
20220417:0211,0.0,0.0,-1.94,1.38,0.0
20220417:0311,0.0,0.0,-1.91,1.45,0.0
20220417:0411,0.0,0.0,-1.78,1.45,0.0
20220417:0511,41.81,7.08,-1.69,1.45,0.0
20220417:0611,111.57,14.22,-1.78,1.38,0.0
20220417:0711,203.15,21.23,-1.77,1.31,0.0
20220417:0811,395.76,27.7,0.51,1.1,0.0
20220417:0911,669.55,33.14,2.61,0.9,0.0
20220417:1011,499.24,37.03,3.9,0.9,0.0
20220417:1111,533.39,38.88,4.63,0.83,0.0
20220417:1211,866.33,38.41,5.19,0.76,0.0
20220417:1311,938.76,35.69,5.55,0.69,0.0
20220417:1411,786.94,31.11,5.7,0.69,0.0
20220417:1511,378.65,25.19,5.53,0.69,0.0
20220417:1611,209.84,18.45,4.88,0.83,0.0
20220417:1711,12.46,11.34,4.23,0.97,0.0
20220417:1811,3.56,4.26,3.28,1.1,0.0
20220417:1911,0.0,0.0,2.32,1.17,0.0
20220417:2011,0.0,0.0,1.38,1.31,0.0
20220417:2111,0.0,0.0,0.57,1.45,0.0
20220417:2211,0.0,0.0,0.0,1.52,0.0
20220417:2311,0.0,0.0,-0.33,1.59,0.0
20220418:0011,0.0,0.0,-0.43,1.59,0.0
20220418:0111,0.0,0.0,-0.7,1.59,0.0
20220418:0211,0.0,0.0,-0.82,1.59,0.0
20220418:0311,0.0,0.0,-0.99,1.59,0.0
20220418:0411,0.0,0.0,-1.16,1.59,0.0
20220418:0511,32.92,7.42,-1.24,1.59,0.0
20220418:0611,234.22,14.55,-1.07,1.59,0.0
20220418:0711,464.84,21.57,-0.49,1.52,0.0
20220418:0811,452.54,28.04,1.15,1.31,0.0
20220418:0911,407.11,33.49,2.72,1.24,0.0
20220418:1011,537.31,37.39,3.94,1.24,0.0
20220418:1111,656.38,39.24,4.79,1.17,0.0
20220418:1211,791.34,38.75,5.39,1.17,0.0
20220418:1311,376.61,36.02,5.83,1.17,0.0
20220418:1411,798.58,31.41,6.12,1.1,0.0
20220418:1511,597.11,25.48,6.12,1.1,0.0
20220418:1611,368.28,18.73,5.57,1.17,0.0
20220418:1711,43.59,11.62,4.85,1.24,0.0
20220418:1811,17.79,4.55,3.85,1.38,0.0
20220418:1911,0.0,0.0,2.43,1.38,0.0
20220418:2011,0.0,0.0,1.29,1.45,0.0
20220418:2111,0.0,0.0,0.38,1.52,0.0
20220418:2211,0.0,0.0,-0.22,1.52,0.0
20220418:2311,0.0,0.0,-0.64,1.52,0.0
20220419:0011,0.0,0.0,-0.97,1.52,0.0
20220419:0111,0.0,0.0,-1.41,1.52,0.0
20220419:0211,0.0,0.0,-1.67,1.52,0.0
20220419:0311,0.0,0.0,-1.97,1.59,0.0
20220419:0411,0.0,0.0,-2.22,1.59,0.0
20220419:0511,31.14,7.75,-2.36,1.59,0.0
20220419:0611,240.69,14.88,-2.19,1.59,0.0
20220419:0711,473.15,21.9,-1.39,1.38,0.0
20220419:0811,694.9,28.38,0.44,1.24,0.0
20220419:0911,757.26,33.84,2.26,1.1,0.0
20220419:1011,1006.93,37.74,3.65,0.97,0.0
20220419:1111,789.3,39.59,4.57,0.9,0.0
20220419:1211,895.76,39.09,5.19,0.83,0.0
20220419:1311,794.08,36.34,5.62,0.83,0.0
20220419:1411,806.95,31.72,5.83,0.9,0.0
20220419:1511,556.16,25.77,5.76,0.9,0.0
20220419:1611,337.95,19.01,5.11,0.9,0.0
20220419:1711,44.48,11.9,4.25,1.03,0.0
20220419:1811,18.68,4.82,3.09,1.17,0.0
20220419:1911,0.0,0.0,2.04,1.24,0.0
20220419:2011,0.0,0.0,0.94,1.38,0.0
20220419:2111,0.0,0.0,0.15,1.45,0.0
20220419:2211,0.0,0.0,-0.39,1.52,0.0
20220419:2311,0.0,0.0,-0.78,1.52,0.0
20220420:0011,0.0,0.0,-1.08,1.52,0.0
20220420:0111,0.0,0.0,-1.37,1.59,0.0
20220420:0211,0.0,0.0,-1.52,1.59,0.0
20220420:0311,0.0,0.0,-1.65,1.59,0.0
20220420:0411,0.0,0.0,-1.73,1.59,0.0
20220420:0511,33.81,8.08,-1.68,1.52,0.0
20220420:0611,210.34,15.21,-1.37,1.52,0.0
20220420:0711,470.89,22.23,-0.81,1.38,0.0
20220420:0811,617.95,28.72,1.26,1.17,0.0
20220420:0911,531.54,34.18,3.2,1.03,0.0
20220420:1011,901.37,38.09,4.51,1.03,0.0
20220420:1111,849.27,39.93,5.24,1.03,0.0
20220420:1211,954.33,39.43,5.9,1.03,0.0
20220420:1311,951.64,36.65,6.24,1.03,0.0
20220420:1411,799.89,32.02,6.44,1.17,0.0
20220420:1511,599.2,26.05,6.1,1.17,0.0
20220420:1611,372.41,19.29,5.63,1.17,0.0
20220420:1711,46.26,12.17,4.96,1.24,0.0
20220420:1811,20.46,5.1,4.05,1.38,0.0
20220420:1911,0.0,0.0,2.92,1.45,0.0
20220420:2011,0.0,0.0,1.87,1.52,0.0
20220420:2111,0.0,0.0,1.19,1.59,0.0
20220420:2211,0.0,0.0,0.81,1.59,0.0
20220420:2311,0.0,0.0,0.58,1.59,0.0
20220421:0011,0.0,0.0,0.44,1.59,0.0
20220421:0111,0.0,0.0,0.34,1.59,0.0
20220421:0211,0.0,0.0,0.2,1.59,0.0
20220421:0311,0.0,0.0,0.03,1.59,0.0
20220421:0411,0.0,0.0,-0.15,1.59,0.0
20220421:0511,40.93,8.4,-0.33,1.59,0.0
20220421:0611,244.55,15.54,-0.25,1.59,0.0
20220421:0711,472.61,22.56,0.25,1.38,0.0
20220421:0811,689.89,29.05,2.43,1.24,0.0
20220421:0911,870.57,34.52,4.21,1.1,0.0
20220421:1011,907.26,38.44,5.58,1.17,0.0
20220421:1111,1048.06,40.28,6.12,1.17,0.0
20220421:1211,841.57,39.76,6.83,1.24,0.0
20220421:1311,797.63,36.97,6.91,1.24,0.0
20220421:1411,797.72,32.31,7.08,1.24,0.0
20220421:1511,597.51,26.34,6.96,1.17,0.0
20220421:1611,321.54,19.56,6.31,1.24,0.0
20220421:1711,47.15,12.44,5.8,1.31,0.0
20220421:1811,27.58,5.38,5.19,1.45,0.0
20220421:1911,0.0,0.0,4.22,1.52,0.0
20220421:2011,0.0,0.0,3.71,1.59,0.0
20220421:2111,0.0,0.0,3.38,1.59,0.0
20220421:2211,0.0,0.0,3.1,1.59,0.0
20220421:2311,0.0,0.0,2.84,1.59,0.0
20220422:0011,0.0,0.0,2.56,1.59,0.0
20220422:0111,0.0,0.0,2.23,1.59,0.0
20220422:0211,0.0,0.0,1.97,1.59,0.0
20220422:0311,0.0,0.0,1.66,1.52,0.0
20220422:0411,0.89,1.86,1.34,1.52,0.0
20220422:0511,51.22,8.72,1.11,1.52,0.0
20220422:0611,249.96,15.86,1.33,1.52,0.0
20220422:0711,478.33,22.88,1.72,1.38,0.0
20220422:0811,437.35,29.38,3.0,1.31,0.0
20220422:0911,857.58,34.86,4.03,1.24,0.0
20220422:1011,992.36,38.78,4.77,1.17,0.0
20220422:1111,555.02,40.62,6.07,1.17,0.0
20220422:1211,517.22,40.09,5.91,1.17,0.0
20220422:1311,619.74,37.28,6.75,1.24,0.0
20220422:1411,681.89,32.61,6.13,1.24,0.0
20220422:1511,602.88,26.62,6.58,1.17,0.0
20220422:1611,376.75,19.83,6.08,1.17,0.0
20220422:1711,47.15,12.71,5.63,1.17,0.0
20220422:1811,23.13,5.65,4.96,1.31,0.0
20220422:1911,0.0,0.0,3.66,1.31,0.0
20220422:2011,0.0,0.0,2.68,1.38,0.0
20220422:2111,0.0,0.0,1.86,1.45,0.0
20220422:2211,0.0,0.0,1.23,1.45,0.0
20220422:2311,0.0,0.0,0.7,1.45,0.0
20220423:0011,0.0,0.0,0.37,1.45,0.0
20220423:0111,0.0,0.0,0.14,1.45,0.0
20220423:0211,0.0,0.0,-0.11,1.38,0.0
20220423:0311,0.0,0.0,-0.38,1.38,0.0
20220423:0411,0.89,2.18,-0.68,1.38,0.0
20220423:0511,63.19,9.04,-0.86,1.38,0.0
20220423:0611,180.64,16.17,-0.57,1.38,0.0
20220423:0711,379.58,23.2,0.27,1.17,0.0
20220423:0811,636.2,29.7,1.88,1.03,0.0
20220423:0911,761.45,35.19,3.0,1.03,0.0
20220423:1011,894.54,39.11,3.41,0.97,0.0
20220423:1111,977.02,40.95,4.17,1.03,0.0
20220423:1211,1047.7,40.42,3.78,1.1,0.0
20220423:1311,955.09,37.59,4.74,1.17,0.0
20220423:1411,587.82,32.9,4.02,1.17,0.0
20220423:1511,357.31,26.89,4.84,1.1,0.0
20220423:1611,380.74,20.1,4.61,1.03,0.0
20220423:1711,48.04,12.98,4.3,1.1,0.0
20220423:1811,29.36,5.92,3.79,1.17,0.0
20220423:1911,0.0,0.0,2.72,1.17,0.0
20220423:2011,0.0,0.0,1.68,1.31,0.0
20220423:2111,0.0,0.0,0.87,1.38,0.0
20220423:2211,0.0,0.0,0.28,1.38,0.0
20220423:2311,0.0,0.0,-0.19,1.45,0.0
20220424:0011,0.0,0.0,-0.64,1.38,0.0
20220424:0111,0.0,0.0,-0.9,1.31,0.0
20220424:0211,0.0,0.0,-1.36,1.24,0.0
20220424:0311,0.0,0.0,-1.8,1.24,0.0
20220424:0411,1.78,2.5,-2.24,1.24,0.0
20220424:0511,57.81,9.35,-2.45,1.24,0.0
20220424:0611,261.69,16.48,-1.81,1.1,0.0
20220424:0711,383.13,23.51,-0.78,1.03,0.0
20220424:0811,663.52,30.02,0.32,1.1,0.0
20220424:0911,636.21,35.52,0.86,1.03,0.0
20220424:1011,674.21,39.45,1.33,0.97,0.0
20220424:1111,674.35,41.28,2.45,0.83,0.0
20220424:1211,903.63,40.74,2.6,0.76,0.0
20220424:1311,966.87,37.9,3.3,0.76,0.0
20220424:1411,814.1,33.19,3.16,0.9,0.0
20220424:1511,613.58,27.17,3.75,0.9,0.0
20220424:1611,385.89,20.37,3.79,0.69,0.0
20220424:1711,48.04,13.24,3.43,0.55,0.0
20220424:1811,25.8,6.19,2.88,0.62,0.0
20220424:1911,0.0,0.0,1.6,0.83,0.0
20220424:2011,0.0,0.0,0.66,0.97,0.0
20220424:2111,0.0,0.0,-0.1,1.03,0.0
20220424:2211,0.0,0.0,-0.69,1.1,0.0
20220424:2311,0.0,0.0,-1.07,1.1,0.0
20220425:0011,0.0,0.0,-1.41,1.1,0.0
20220425:0111,0.0,0.0,-1.85,1.1,0.0
20220425:0211,0.0,0.0,-2.06,1.1,0.0
20220425:0311,0.0,0.0,-2.29,1.17,0.0
20220425:0411,1.78,2.81,-2.45,1.17,0.0
20220425:0511,68.66,9.66,-2.36,1.1,0.0
20220425:0611,201.63,16.79,-1.57,1.03,0.0
20220425:0711,375.34,23.83,0.08,0.69,0.0
20220425:0811,466.04,30.34,1.33,0.62,0.0
20220425:0911,795.91,35.84,1.96,0.76,0.0
20220425:1011,989.71,39.78,2.33,0.83,0.0
20220425:1111,877.39,41.61,2.67,0.97,0.0
20220425:1211,783.19,41.06,3.21,1.1,0.0
20220425:1311,804.09,38.2,2.5,1.1,0.0
20220425:1411,810.62,33.48,2.63,1.17,0.0
20220425:1511,610.8,27.44,2.35,1.17,0.0
20220425:1611,385.22,20.63,2.91,1.03,0.0
20220425:1711,48.93,13.51,2.8,0.83,0.0
20220425:1811,26.69,6.46,2.3,0.76,0.0
20220425:1911,0.0,0.0,1.04,0.76,0.0
20220425:2011,0.0,0.0,0.06,0.97,0.0
20220425:2111,0.0,0.0,-0.74,1.1,0.0
20220425:2211,0.0,0.0,-1.37,1.24,0.0
20220425:2311,0.0,0.0,-1.83,1.31,0.0
20220426:0011,0.0,0.0,-2.18,1.31,0.0
20220426:0111,0.0,0.0,-2.48,1.38,0.0
20220426:0211,0.0,0.0,-2.76,1.31,0.0
20220426:0311,0.0,0.0,-3.3,1.38,0.0
20220426:0411,1.78,3.12,-5.39,1.52,0.0
20220426:0511,67.74,9.97,-5.62,1.38,0.0
20220426:0611,253.72,17.1,-5.36,1.79,0.0
20220426:0711,504.69,24.13,-3.22,1.72,0.0
20220426:0811,725.13,30.65,-2.4,1.72,0.0
20220426:0911,812.67,36.16,-1.1,1.72,0.0
20220426:1011,476.2,40.1,-0.63,1.86,0.0
20220426:1111,722.54,41.94,-0.27,2.0,0.0
20220426:1211,647.9,41.37,-0.39,2.14,0.0
20220426:1311,807.72,38.5,-0.02,2.14,0.0
20220426:1411,799.16,33.76,-0.37,2.07,0.0
20220426:1511,624.34,27.71,-0.29,2.0,0.0
20220426:1611,395.0,20.9,-0.96,1.72,0.0
20220426:1711,61.39,13.77,-1.88,1.45,0.0
20220426:1811,6.23,6.72,-1.26,1.24,0.0
20220426:1911,0.0,0.0,-1.72,0.97,0.0
20220426:2011,0.0,0.0,-2.05,0.97,0.0
20220426:2111,0.0,0.0,-2.34,0.97,0.0
20220426:2211,0.0,0.0,-2.62,1.03,0.0
20220426:2311,0.0,0.0,-2.88,1.1,0.0
20220427:0011,0.0,0.0,-3.07,1.1,0.0
20220427:0111,0.0,0.0,-3.41,1.1,0.0
20220427:0211,0.0,0.0,-3.77,1.17,0.0
20220427:0311,0.0,0.0,-4.09,1.17,0.0
20220427:0411,2.67,3.42,-4.49,1.24,0.0
20220427:0511,67.61,10.27,-4.6,1.24,0.0
20220427:0611,274.68,17.39,-4.19,1.17,0.0
20220427:0711,349.22,24.43,-3.67,1.1,0.0
20220427:0811,377.27,30.96,-3.29,0.97,0.0
20220427:0911,737.81,36.48,-1.99,0.76,0.0
20220427:1011,0.0,0.0,-1.47,0.69,0.0
20220427:1111,1081.4,42.26,-1.01,0.9,0.0
20220427:1211,926.36,41.69,-1.16,1.17,0.0
20220427:1311,924.26,38.8,-0.33,1.38,0.0
20220427:1411,625.1,34.04,-0.58,1.45,0.0
20220427:1511,621.68,27.98,-0.31,1.45,0.0
20220427:1611,394.37,21.16,-1.11,1.52,0.0
20220427:1711,49.82,14.03,-1.66,1.38,0.0
20220427:1811,28.47,6.99,-2.13,1.45,0.0
20220427:1911,0.0,0.0,-2.05,1.45,0.0
20220427:2011,0.0,0.0,-1.85,1.45,0.0
20220427:2111,0.0,0.0,-2.7,1.52,0.0
20220427:2211,0.0,0.0,-4.07,1.66,0.0
20220427:2311,0.0,0.0,-4.65,1.66,0.0
20220428:0011,0.0,0.0,-4.89,1.52,0.0
20220428:0111,0.0,0.0,-4.89,1.66,0.0
20220428:0211,0.0,0.0,-4.55,1.52,0.0
20220428:0311,0.0,0.0,-4.34,1.38,0.0
20220428:0411,2.67,3.72,-4.19,1.38,0.0
20220428:0511,16.86,10.56,-3.86,1.45,0.0
20220428:0611,89.95,17.69,-3.32,1.38,0.0
20220428:0711,215.14,24.73,-2.51,1.52,0.0
20220428:0811,172.42,31.26,-2.01,1.52,0.0
20220428:0911,247.33,36.79,-1.64,1.66,0.0
20220428:1011,313.5,40.74,-1.42,1.79,0.0
20220428:1111,317.11,42.58,-1.11,1.86,0.0
20220428:1211,295.53,42.0,-0.92,1.79,0.0
20220428:1311,98.34,39.09,-0.94,1.86,0.0
20220428:1411,145.17,34.32,-0.64,1.72,0.0
20220428:1511,278.95,28.25,-0.79,1.66,0.0
20220428:1611,227.77,21.41,-0.95,1.52,0.0
20220428:1711,96.09,14.28,-1.33,1.38,0.0
20220428:1811,26.69,7.25,-1.84,1.03,0.0
20220428:1911,0.0,0.0,-1.82,0.76,0.0
20220428:2011,0.0,0.0,-2.43,0.62,0.0
20220428:2111,0.0,0.0,-2.9,0.55,0.0
20220428:2211,0.0,0.0,-3.33,0.55,0.0
20220428:2311,0.0,0.0,-3.67,0.55,0.0
20220429:0011,0.0,0.0,-3.92,0.55,0.0
20220429:0111,0.0,0.0,-4.0,0.48,0.0
20220429:0211,0.0,0.0,-3.58,0.9,0.0
20220429:0311,0.0,0.0,-3.59,0.76,0.0
20220429:0411,2.67,4.02,-3.34,0.69,0.0
20220429:0511,12.18,10.85,-3.24,0.69,0.0
20220429:0611,108.78,17.98,-3.1,0.76,0.0
20220429:0711,241.89,25.02,-2.32,1.1,0.0
20220429:0811,339.89,31.56,-1.8,1.17,0.0
20220429:0911,287.22,37.1,-1.4,1.17,0.0
20220429:1011,515.44,41.06,-0.93,1.24,0.0
20220429:1111,130.18,42.89,-1.02,1.24,0.0
20220429:1211,181.69,42.3,-0.4,1.31,0.0
20220429:1311,183.57,39.39,-0.2,1.31,0.0
20220429:1411,143.3,34.6,0.32,1.38,0.0
20220429:1511,158.22,28.51,0.01,1.38,0.0
20220429:1611,180.49,21.67,0.08,1.38,0.0
20220429:1711,83.63,14.54,-0.78,1.1,0.0
20220429:1811,34.7,7.51,-0.54,0.9,0.0
20220429:1911,0.0,0.0,-1.29,0.69,0.0
20220429:2011,0.0,0.0,-1.88,0.62,0.0
20220429:2111,0.0,0.0,-2.23,0.55,0.0
20220429:2211,0.0,0.0,-2.15,0.62,0.0
20220429:2311,0.0,0.0,-2.35,0.9,0.0
20220430:0011,0.0,0.0,-2.44,0.69,0.0
20220430:0111,0.0,0.0,-2.61,0.76,0.0
20220430:0211,0.0,0.0,-2.57,0.69,0.0
20220430:0311,0.0,0.0,-2.66,0.69,0.0
20220430:0411,3.56,4.31,-2.74,0.62,0.0
20220430:0511,80.3,11.14,-2.75,0.69,0.0
20220430:0611,199.16,18.26,-2.64,0.69,0.0
20220430:0711,381.14,25.31,-2.16,0.76,0.0
20220430:0811,451.67,31.86,-1.61,0.62,0.0
20220430:0911,347.23,37.4,-1.21,0.69,0.0
20220430:1011,702.19,41.36,-0.91,0.69,0.0
20220430:1111,964.43,43.2,-0.25,0.83,0.0
20220430:1211,456.19,42.6,0.18,1.03,0.0
20220430:1311,700.18,39.67,0.15,1.1,0.0
20220430:1411,437.5,34.87,1.02,1.1,0.0
20220430:1511,287.0,28.77,0.57,1.1,0.0
20220430:1611,229.24,21.92,0.49,0.97,0.0
20220430:1711,101.42,14.79,0.99,0.83,0.0
20220430:1811,41.81,7.76,0.79,0.48,0.0
20220430:1911,0.0,0.0,0.14,0.34,0.0
20220430:2011,0.0,0.0,-0.56,0.55,0.0
20220430:2111,0.0,0.0,-1.2,0.76,0.0
20220430:2211,0.0,0.0,-1.87,0.9,0.0
20220430:2311,0.0,0.0,-2.54,0.97,0.0
20220501:0011,0.0,0.0,-3.1,1.03,0.0
20220501:0111,0.0,0.0,-3.53,1.1,0.0
20220501:0211,0.0,0.0,-3.86,1.17,0.0
20220501:0311,0.0,0.0,-4.15,1.17,0.0
20220501:0411,3.56,4.59,-4.31,1.17,0.0
20220501:0511,77.76,11.42,-3.89,1.1,0.0
20220501:0611,183.21,18.55,-2.13,0.83,0.0
20220501:0711,444.52,25.59,-0.33,0.41,0.0
20220501:0811,727.0,32.15,0.55,0.28,0.0
20220501:0911,900.22,37.7,0.87,0.48,0.0
20220501:1011,569.22,41.67,1.67,0.76,0.0
20220501:1111,1015.05,43.51,2.07,1.03,0.0
20220501:1211,931.72,42.9,1.84,1.24,0.0
20220501:1311,971.33,39.96,1.86,1.38,0.0
20220501:1411,461.43,35.14,2.08,1.52,0.0
20220501:1511,475.16,29.02,1.91,1.52,0.0
20220501:1611,354.32,22.17,2.39,1.59,0.0
20220501:1711,48.93,15.04,1.73,1.45,0.0
20220501:1811,31.14,8.01,1.29,1.52,0.0
20220501:1911,0.0,0.0,0.25,1.59,0.0
20220501:2011,0.0,0.0,0.4,1.45,0.0
20220501:2111,0.0,0.0,0.52,1.31,0.0
20220501:2211,0.0,0.0,0.08,1.24,0.0
20220501:2311,0.0,0.0,-0.34,1.31,0.0
20220502:0011,0.0,0.0,-1.8,1.52,0.0
20220502:0111,0.0,0.0,-2.37,1.66,0.0
20220502:0211,0.0,0.0,-2.71,1.72,0.0
20220502:0311,0.0,0.0,-2.94,1.72,0.0
20220502:0411,4.45,4.88,-3.3,1.66,0.0
20220502:0511,83.44,11.7,-2.54,1.72,0.0
20220502:0611,247.36,18.82,-2.34,2.14,0.0
20220502:0711,478.83,25.87,-1.84,2.21,0.0
20220502:0811,734.16,32.43,-1.55,2.21,0.0
20220502:0911,454.88,37.99,-1.16,2.21,0.0
20220502:1011,194.81,41.97,-0.86,2.14,0.0
20220502:1111,495.93,43.81,-0.01,2.28,0.0
20220502:1211,600.24,43.19,0.03,2.34,0.0
20220502:1311,978.49,40.24,-0.1,2.28,0.0
20220502:1411,418.44,35.4,0.02,2.55,0.0
20220502:1511,630.01,29.28,-0.13,2.28,0.0
20220502:1611,405.79,22.42,-0.38,2.48,0.0
20220502:1711,182.26,15.28,-0.94,2.14,0.0
20220502:1811,48.04,8.26,-1.99,1.72,0.0
20220502:1911,0.89,1.72,-2.66,1.24,0.0
20220502:2011,0.0,0.0,-2.24,1.03,0.0
20220502:2111,0.0,0.0,-2.52,1.03,0.0
20220502:2211,0.0,0.0,-3.1,1.17,0.0
20220502:2311,0.0,0.0,-3.76,1.17,0.0
20220503:0011,0.0,0.0,-3.78,1.17,0.0
20220503:0111,0.0,0.0,-4.27,1.17,0.0
20220503:0211,0.0,0.0,-4.59,1.17,0.0
20220503:0311,0.0,0.0,-4.86,1.17,0.0
20220503:0411,4.45,5.15,-4.84,1.03,0.0
20220503:0511,85.44,11.97,-5.07,1.03,0.0
20220503:0611,274.23,19.09,-4.51,1.1,0.0
20220503:0711,527.17,26.15,-3.67,1.24,0.0
20220503:0811,742.52,32.71,-3.16,1.17,0.0
20220503:0911,738.15,38.28,-2.52,1.24,0.0
20220503:1011,783.6,42.26,-1.89,1.24,0.0
20220503:1111,1093.95,44.1,-1.4,1.38,0.0
20220503:1211,1076.03,43.48,-0.89,1.45,0.0
20220503:1311,823.78,40.51,-0.41,1.52,0.0
20220503:1411,280.72,35.66,0.02,1.66,0.0
20220503:1511,636.75,29.53,0.0,1.31,0.0
20220503:1611,410.94,22.66,0.06,1.17,0.0
20220503:1711,70.24,15.53,-0.39,1.1,0.0
20220503:1811,8.9,8.51,-0.02,0.83,0.0
20220503:1911,0.89,1.97,-1.36,0.21,0.0
20220503:2011,0.0,0.0,-1.67,0.55,0.0
20220503:2111,0.0,0.0,-2.1,0.69,0.0
20220503:2211,0.0,0.0,-2.64,0.76,0.0
20220503:2311,0.0,0.0,-3.12,0.83,0.0
20220504:0011,0.0,0.0,-3.5,0.9,0.0
20220504:0111,0.0,0.0,-3.48,0.97,0.0
20220504:0211,0.0,0.0,-3.62,1.03,0.0
20220504:0311,0.0,0.0,-3.4,0.9,0.0
20220504:0411,4.45,5.42,-2.95,0.83,0.0
20220504:0511,65.19,12.24,-2.49,0.69,0.0
20220504:0611,35.59,19.36,-2.09,0.69,0.0
20220504:0711,301.51,26.41,-1.57,0.69,0.0
20220504:0811,618.57,32.98,-1.01,0.83,0.0
20220504:0911,459.63,38.56,-0.33,0.9,0.0
20220504:1011,446.0,42.55,0.37,1.03,0.0
20220504:1111,477.2,44.4,0.77,1.31,0.0
20220504:1211,208.86,43.77,1.58,1.79,0.0
20220504:1311,201.94,40.79,1.73,1.86,0.0
20220504:1411,141.42,35.92,2.07,1.93,0.0
20220504:1511,202.3,29.78,1.78,1.79,0.0
20220504:1611,151.17,22.91,1.87,1.93,0.0
20220504:1711,39.34,15.77,1.21,1.59,0.0
20220504:1811,15.12,8.76,0.79,1.31,0.0
20220504:1911,0.89,2.23,-0.3,0.9,0.0
20220504:2011,0.0,0.0,-0.1,0.76,0.0
20220504:2111,0.0,0.0,0.09,0.76,0.0
20220504:2211,0.0,0.0,-0.09,0.62,0.0
20220504:2311,0.0,0.0,-0.21,0.62,0.0
20220505:0011,0.0,0.0,-0.25,0.62,0.0
20220505:0111,0.0,0.0,-0.27,0.48,0.0
20220505:0211,0.0,0.0,-0.15,0.48,0.0
20220505:0311,0.0,0.0,-0.34,0.62,0.0
20220505:0411,5.34,5.69,-0.5,0.69,0.0
20220505:0511,63.05,12.5,-0.37,1.31,0.0
20220505:0611,213.09,19.62,-0.19,1.45,0.0
20220505:0711,429.02,26.68,0.0,1.93,0.0
20220505:0811,505.24,33.25,0.35,2.14,0.0
20220505:0911,733.78,38.84,0.68,1.86,0.0
20220505:1011,437.32,42.84,0.96,1.93,0.0
20220505:1111,1077.85,44.69,1.29,2.0,0.0
20220505:1211,408.34,44.05,1.89,2.14,0.0
20220505:1311,287.7,41.06,1.87,2.0,0.0
20220505:1411,347.75,36.18,2.15,1.93,0.0
20220505:1511,350.68,30.02,2.13,1.79,0.0
20220505:1611,407.45,23.14,1.78,1.59,0.0
20220505:1711,186.78,16.01,1.36,1.38,0.0
20220505:1811,8.9,9.0,0.82,1.17,0.0
20220505:1911,1.78,2.48,0.02,1.1,0.0
20220505:2011,0.0,0.0,0.22,0.97,0.0
20220505:2111,0.0,0.0,0.19,0.83,0.0
20220505:2211,0.0,0.0,-0.04,0.62,0.0
20220505:2311,0.0,0.0,-0.14,0.41,0.0
20220506:0011,0.0,0.0,-0.23,0.41,0.0
20220506:0111,0.0,0.0,-0.23,0.48,0.0
20220506:0211,0.0,0.0,-0.08,0.55,0.0
20220506:0311,0.0,0.0,0.05,0.55,0.0
20220506:0411,22.24,5.95,0.23,0.62,0.0
20220506:0511,77.56,12.76,0.49,0.62,0.0
20220506:0611,74.93,19.87,0.89,0.69,0.0
20220506:0711,61.81,26.93,1.31,0.83,0.0
20220506:0811,130.18,33.52,1.95,0.83,0.0
20220506:0911,256.12,39.11,2.57,0.97,0.0
20220506:1011,192.93,43.12,2.7,1.03,0.0
20220506:1111,215.41,44.97,3.04,1.1,0.0
20220506:1211,452.66,44.33,3.25,1.52,0.0
20220506:1311,514.36,41.32,3.56,1.38,0.0
20220506:1411,242.22,36.43,3.06,1.72,0.0
20220506:1511,142.36,30.26,2.77,1.52,0.0
20220506:1611,120.04,23.38,2.47,1.52,0.0
20220506:1711,65.56,16.24,2.22,1.72,0.0
20220506:1811,18.68,9.24,2.14,1.38,0.0
20220506:1911,1.78,2.72,1.83,1.45,0.0
20220506:2011,0.0,0.0,1.72,1.52,0.0
20220506:2111,0.0,0.0,1.59,1.52,0.0
20220506:2211,0.0,0.0,1.4,1.52,0.0
20220506:2311,0.0,0.0,1.33,2.0,0.0
20220507:0011,0.0,0.0,0.92,1.72,0.0
20220507:0111,0.0,0.0,0.38,1.66,0.0
20220507:0211,0.0,0.0,-0.81,1.59,0.0
20220507:0311,0.0,0.0,-1.65,1.38,0.0
20220507:0411,5.34,6.21,-2.4,1.17,0.0
20220507:0511,102.3,13.01,-2.39,1.59,0.0
20220507:0611,310.46,20.12,-2.36,1.59,0.0
20220507:0711,539.1,27.19,-1.65,1.79,0.0
20220507:0811,753.85,33.78,-1.45,1.86,0.0
20220507:0911,928.66,39.38,-1.24,2.0,0.0
20220507:1011,842.17,43.4,-0.99,2.34,0.0
20220507:1111,1101.4,45.25,-0.75,2.34,0.0
20220507:1211,1041.09,44.6,-0.72,2.41,0.0
20220507:1311,799.31,41.58,-0.69,2.34,0.0
20220507:1411,445.81,36.68,-0.86,2.48,0.0
20220507:1511,646.43,30.5,-1.06,2.28,0.0
20220507:1611,421.05,23.61,-1.37,2.07,0.0
20220507:1711,195.47,16.47,-1.69,1.52,0.0
20220507:1811,35.59,9.48,-2.29,1.24,0.0
20220507:1911,1.78,2.97,-3.05,1.17,0.0
20220507:2011,0.0,0.0,-2.49,1.03,0.0
20220507:2111,0.0,0.0,-2.9,1.17,0.0
20220507:2211,0.0,0.0,-3.76,1.38,0.0
20220507:2311,0.0,0.0,-4.54,1.52,0.0
20220508:0011,0.0,0.0,-4.6,1.38,0.0
20220508:0111,0.0,0.0,-4.33,1.31,0.0
20220508:0211,0.0,0.0,-3.61,1.1,0.0
20220508:0311,0.0,0.0,-3.92,1.1,0.0
20220508:0411,16.9,6.46,-3.92,0.83,0.0
20220508:0511,101.57,13.25,-4.08,0.97,0.0
20220508:0611,310.23,20.37,-3.11,0.9,0.0
20220508:0711,537.76,27.43,-2.77,0.9,0.0
20220508:0811,749.32,34.03,-2.3,0.76,0.0
20220508:0911,914.65,39.64,-1.66,0.69,0.0
20220508:1011,1042.46,43.67,-0.91,0.69,0.0
20220508:1111,1032.44,45.52,-0.17,0.55,0.0
20220508:1211,1076.44,44.87,0.54,0.48,0.0
20220508:1311,967.94,41.84,1.18,0.55,0.0
20220508:1411,821.77,36.92,1.65,0.83,0.0
20220508:1511,404.81,30.74,1.98,0.97,0.0
20220508:1611,395.99,23.84,1.93,1.03,0.0
20220508:1711,196.67,16.7,1.53,0.97,0.0
20220508:1811,59.61,9.71,1.5,0.83,0.0
20220508:1911,1.78,3.21,1.03,0.76,0.0
20220508:2011,0.0,0.0,1.07,0.55,0.0
20220508:2111,0.0,0.0,0.84,0.41,0.0
20220508:2211,0.0,0.0,0.78,0.48,0.0
20220508:2311,0.0,0.0,0.63,0.48,0.0
20220509:0011,0.0,0.0,0.28,0.41,0.0
20220509:0111,0.0,0.0,0.0,0.28,0.0
20220509:0211,0.0,0.0,-0.25,0.34,0.0
20220509:0311,0.0,0.0,-0.55,0.41,0.0
20220509:0411,37.37,6.7,-0.72,0.55,0.0
20220509:0511,98.63,13.49,-0.6,0.55,0.0
20220509:0611,134.75,20.61,0.04,0.41,0.0
20220509:0711,271.13,27.68,1.36,0.62,0.0
20220509:0811,675.7,34.28,1.77,0.83,0.0
20220509:0911,717.24,39.9,2.43,0.83,0.0
20220509:1011,731.17,43.93,3.08,0.9,0.0
20220509:1111,641.19,45.79,3.73,0.9,0.0
20220509:1211,810.37,45.14,4.18,0.97,0.0
20220509:1311,975.68,42.09,4.55,1.1,0.0
20220509:1411,797.04,37.17,4.8,1.17,0.0
20220509:1511,507.33,30.97,5.01,1.17,0.0
20220509:1611,217.73,24.07,5.34,1.03,0.0
20220509:1711,26.22,16.93,5.5,0.9,0.0
20220509:1811,10.68,9.94,5.41,0.9,0.0
20220509:1911,2.67,3.44,4.67,0.76,0.0
20220509:2011,0.0,0.0,4.22,0.83,0.0
20220509:2111,0.0,0.0,4.0,0.97,0.0
20220509:2211,0.0,0.0,3.99,0.97,0.0
20220509:2311,0.0,0.0,4.06,0.76,0.0
20220510:0011,0.0,0.0,3.97,0.9,0.0
20220510:0111,0.0,0.0,2.81,1.31,0.0
20220510:0211,0.0,0.0,2.27,1.17,0.0
20220510:0311,0.0,0.0,1.83,1.1,0.0
20220510:0411,6.23,6.94,1.33,1.03,0.0
20220510:0511,16.86,13.73,0.83,1.24,0.0
20220510:0611,240.29,20.84,0.62,1.1,0.0
20220510:0711,37.46,27.91,1.02,1.38,0.0
20220510:0811,96.47,34.52,1.6,1.38,0.0
20220510:0911,180.76,40.15,1.7,1.24,0.0
20220510:1011,315.3,44.19,1.98,1.03,0.0
20220510:1111,463.04,46.05,2.43,0.83,0.0
20220510:1211,225.35,45.4,1.92,0.55,0.0
20220510:1311,297.75,42.34,1.56,0.69,0.0
20220510:1411,237.61,37.4,1.73,0.69,0.0
20220510:1511,144.23,31.2,2.1,1.45,0.0
20220510:1611,153.53,24.29,2.17,1.66,0.0
20220510:1711,182.46,17.15,1.79,1.17,0.0
20220510:1811,51.6,10.17,1.36,1.17,0.0
20220510:1911,2.67,3.68,0.58,1.17,0.0
20220510:2011,0.0,0.0,0.39,1.31,0.0
20220510:2111,0.0,0.0,-0.35,0.97,0.0
20220510:2211,0.0,0.0,-0.5,0.83,0.0
20220510:2311,0.0,0.0,-0.86,0.9,0.0
20220511:0011,0.0,0.0,-0.96,0.9,0.0
20220511:0111,0.0,0.0,-0.87,0.9,0.0
20220511:0211,0.0,0.0,-0.74,0.9,0.0
20220511:0311,0.0,0.0,-0.68,0.83,0.0
20220511:0411,7.12,7.18,-0.66,0.83,0.0
20220511:0511,16.86,13.96,-0.58,0.76,0.0
20220511:0611,114.2,21.07,-0.24,0.83,0.0
20220511:0711,411.06,28.14,0.98,1.1,0.0
20220511:0811,505.24,34.76,1.61,1.17,0.0
20220511:0911,782.17,40.4,2.0,1.1,0.0
20220511:1011,491.94,44.45,2.0,1.1,0.0
20220511:1111,730.19,46.31,2.15,1.1,0.0
20220511:1211,336.72,45.65,2.5,1.17,0.0
20220511:1311,486.5,42.59,2.64,1.31,0.0
20220511:1411,285.48,37.64,2.8,1.52,0.0
20220511:1511,228.1,31.42,2.83,1.59,0.0
20220511:1611,115.2,24.51,2.21,1.31,0.0
20220511:1711,152.83,17.37,1.53,1.24,0.0
20220511:1811,56.05,10.39,0.92,1.66,0.0
20220511:1911,7.12,3.91,0.41,1.38,0.0
20220511:2011,0.0,0.0,-0.13,1.1,0.0
20220511:2111,0.0,0.0,-0.88,0.9,0.0
20220511:2211,0.0,0.0,-0.95,0.55,0.0
20220511:2311,0.0,0.0,-1.34,0.62,0.0
20220512:0011,0.0,0.0,-2.05,0.9,0.0
20220512:0111,0.0,0.0,-2.24,1.03,0.0
20220512:0211,0.0,0.0,-1.78,1.17,0.0
20220512:0311,0.0,0.0,-1.73,1.31,0.0
20220512:0411,7.12,7.4,-1.75,1.17,0.0
20220512:0511,16.86,14.18,-1.62,1.66,0.0
20220512:0611,228.13,21.29,-1.35,1.93,0.0
20220512:0711,504.17,28.37,-0.93,2.07,0.0
20220512:0811,312.31,34.99,-0.96,2.07,0.0
20220512:0911,300.66,40.64,-0.52,2.21,0.0
20220512:1011,75.86,44.7,-0.19,2.14,0.0
20220512:1111,622.89,46.57,0.18,2.21,0.0
20220512:1211,416.11,45.9,0.33,2.55,0.0
20220512:1311,211.26,42.83,0.76,2.48,0.0
20220512:1411,177.95,37.87,0.63,2.55,0.0
20220512:1511,218.44,31.65,0.46,2.62,0.0
20220512:1611,72.12,24.73,0.12,2.34,0.0
20220512:1711,176.45,17.59,-0.33,1.86,0.0
20220512:1811,11.57,10.61,-0.55,1.59,0.0
20220512:1911,3.56,4.13,-1.35,1.1,0.0
20220512:2011,0.0,0.0,-1.66,0.9,0.0
20220512:2111,0.0,0.0,-1.59,0.83,0.0
20220512:2211,0.0,0.0,-1.87,0.9,0.0
20220512:2311,0.0,0.0,-1.87,0.97,0.0
20220513:0011,0.0,0.0,-1.9,0.9,0.0
20220513:0111,0.0,0.0,-1.71,0.9,0.0
20220513:0211,0.0,0.0,-1.62,0.9,0.0
20220513:0311,0.0,0.0,-1.61,0.9,0.0
20220513:0411,33.81,7.63,-1.6,0.9,0.0
20220513:0511,74.32,14.4,-1.21,0.83,0.0
20220513:0611,94.59,21.51,-0.47,0.97,0.0
20220513:0711,312.3,28.59,0.15,1.31,0.0
20220513:0811,466.86,35.21,0.63,1.31,0.0
20220513:0911,641.39,40.87,1.16,1.38,0.0
20220513:1011,845.41,44.94,1.4,1.1,0.0
20220513:1111,800.26,46.82,1.52,1.45,0.0
20220513:1211,500.91,46.15,1.33,1.93,0.0
20220513:1311,185.44,43.07,1.14,2.0,0.0
20220513:1411,377.24,38.09,1.3,1.79,0.0
20220513:1511,169.85,31.86,1.66,1.79,0.0
20220513:1611,113.32,24.95,1.12,1.79,0.0
20220513:1711,107.51,17.8,0.85,1.86,0.0
20220513:1811,25.8,10.83,0.6,1.66,0.0
20220513:1911,3.56,4.36,0.27,1.03,0.0
20220513:2011,0.0,0.0,0.09,0.9,0.0
20220513:2111,0.0,0.0,-0.05,0.76,0.0
20220513:2211,0.0,0.0,-0.22,0.9,0.0
20220513:2311,0.0,0.0,-0.21,1.1,0.0
20220514:0011,0.0,0.0,-0.27,1.38,0.0
20220514:0111,0.0,0.0,-0.43,1.59,0.0
20220514:0211,0.0,0.0,-0.71,1.52,0.0
20220514:0311,0.89,1.75,-0.97,1.45,0.0
20220514:0411,8.01,7.84,-1.41,1.38,0.0
20220514:0511,32.78,14.61,-1.78,1.38,0.0
20220514:0611,259.75,21.72,-1.6,2.0,0.0
20220514:0711,548.11,28.8,-0.82,2.07,0.0
20220514:0811,757.11,35.43,-0.44,2.14,0.0
20220514:0911,927.66,41.1,-0.09,2.21,0.0
20220514:1011,226.25,45.18,0.23,2.28,0.0
20220514:1111,97.4,47.06,0.34,2.41,0.0
20220514:1211,252.7,46.39,0.65,2.62,0.0
20220514:1311,503.9,43.3,0.82,2.76,0.0
20220514:1411,216.79,38.32,0.83,2.62,0.0
20220514:1511,459.97,32.08,0.77,2.48,0.0
20220514:1611,271.69,25.16,0.59,1.93,0.0
20220514:1711,23.41,18.01,0.4,1.45,0.0
20220514:1811,36.48,11.04,0.18,1.17,0.0
20220514:1911,18.68,4.58,-0.04,1.24,0.0
20220514:2011,0.0,0.0,-0.66,1.24,0.0
20220514:2111,0.0,0.0,-0.71,1.1,0.0
20220514:2211,0.0,0.0,-0.6,1.1,0.0
20220514:2311,0.0,0.0,-0.61,1.03,0.0
20220515:0011,0.0,0.0,-0.53,1.03,0.0
20220515:0111,0.0,0.0,-0.41,1.17,0.0
20220515:0211,0.0,0.0,-0.35,0.97,0.0
20220515:0311,0.89,1.97,-0.29,1.03,0.0
20220515:0411,8.01,8.06,0.06,1.24,0.0
20220515:0511,23.41,14.82,-0.05,1.03,0.0
20220515:0611,118.85,21.93,0.57,1.38,0.0
20220515:0711,253.66,29.01,0.35,1.24,0.0
20220515:0811,322.73,35.65,0.61,1.31,0.0
20220515:0911,379.36,41.32,0.9,1.31,0.0
20220515:1011,257.89,45.41,1.11,1.24,0.0
20220515:1111,238.45,47.3,1.32,1.31,0.0
20220515:1211,127.37,46.63,1.47,1.31,0.0
20220515:1311,125.5,43.53,1.57,1.17,0.0
20220515:1411,118.94,38.53,1.58,1.17,0.0
20220515:1511,171.72,32.29,1.63,1.1,0.0
20220515:1611,168.6,25.36,1.64,1.03,0.0
20220515:1711,73.05,18.22,1.74,0.97,0.0
20220515:1811,72.06,11.25,1.85,0.9,0.0
20220515:1911,3.56,4.79,2.13,0.62,0.0
20220515:2011,0.0,0.0,1.9,0.55,0.0
20220515:2111,0.0,0.0,1.79,0.62,0.0
20220515:2211,0.0,0.0,1.66,0.62,0.0
20220515:2311,0.0,0.0,1.3,0.62,0.0
20220516:0011,0.0,0.0,0.3,0.9,0.0
20220516:0111,0.0,0.0,-0.6,1.1,0.0
20220516:0211,0.0,0.0,-1.24,1.38,0.0
20220516:0311,0.89,2.18,-1.59,1.45,0.0
20220516:0411,38.26,8.26,-2.18,1.52,0.0
20220516:0511,117.6,15.02,-2.3,1.66,0.0
20220516:0611,156.88,22.13,-1.75,1.59,0.0
20220516:0711,268.0,29.21,0.12,1.45,0.0
20220516:0811,360.64,35.85,1.3,1.38,0.0
20220516:0911,392.15,41.54,2.3,1.31,0.0
20220516:1011,431.09,45.64,3.14,1.31,0.0
20220516:1111,610.96,47.53,3.94,1.17,0.0
20220516:1211,976.88,46.86,4.52,1.17,0.0
20220516:1311,670.54,43.75,4.92,1.24,0.0
20220516:1411,769.53,38.75,5.25,1.17,0.0
20220516:1511,451.3,32.5,5.49,1.17,0.0
20220516:1611,293.74,25.57,5.85,1.1,0.0
20220516:1711,172.21,18.42,5.46,1.1,0.0
20220516:1811,73.84,11.46,4.95,1.1,0.0
20220516:1911,8.9,5.0,3.75,1.17,0.0
20220516:2011,0.0,0.0,3.06,1.31,0.0
20220516:2111,0.0,0.0,1.85,1.38,0.0
20220516:2211,0.0,0.0,0.7,1.52,0.0
20220516:2311,0.0,0.0,0.0,1.59,0.0
20220517:0011,0.0,0.0,-0.25,1.52,0.0
20220517:0111,0.0,0.0,-0.55,1.45,0.0
20220517:0211,0.0,0.0,-0.9,1.45,0.0
20220517:0311,1.78,2.39,-1.22,1.45,0.0
20220517:0411,32.03,8.46,-1.42,1.45,0.0
20220517:0511,120.6,15.22,-1.26,1.31,0.0
20220517:0611,319.11,22.32,0.56,1.03,0.0
20220517:0711,540.46,29.41,2.35,0.83,0.0
20220517:0811,721.14,36.06,3.97,0.76,0.0
20220517:0911,951.8,41.75,4.96,0.69,0.0
20220517:1011,1069.09,45.86,5.78,0.69,0.0
20220517:1111,941.22,47.76,6.56,0.62,0.0
20220517:1211,889.97,47.08,7.19,0.55,0.0
20220517:1311,904.79,43.97,7.72,0.55,0.0
20220517:1411,824.62,38.96,8.07,0.55,0.0
20220517:1511,670.54,32.7,8.22,0.69,0.0
20220517:1611,446.93,25.76,8.08,0.83,0.0
20220517:1711,220.5,18.62,7.7,0.9,0.0
20220517:1811,40.93,11.66,7.02,0.97,0.0
20220517:1911,21.35,5.21,5.76,1.03,0.0
20220517:2011,0.0,0.0,4.72,1.17,0.0
20220517:2111,0.0,0.0,3.53,1.31,0.0
20220517:2211,0.0,0.0,2.6,1.38,0.0
20220517:2311,0.0,0.0,2.04,1.45,0.0
20220518:0011,0.0,0.0,1.78,1.45,0.0
20220518:0111,0.0,0.0,1.34,1.52,0.0
20220518:0211,0.0,0.0,0.76,1.52,0.0
20220518:0311,1.78,2.59,0.47,1.59,0.0
20220518:0411,8.9,8.66,0.49,1.52,0.0
20220518:0511,122.72,15.41,0.9,1.38,0.0
20220518:0611,297.35,22.51,2.44,1.24,0.0
20220518:0711,548.99,29.6,3.64,1.24,0.0
20220518:0811,754.17,36.25,4.69,1.24,0.0
20220518:0911,688.56,41.95,5.27,1.24,0.0
20220518:1011,775.92,46.07,5.51,1.31,0.0
20220518:1111,945.88,47.98,5.92,1.31,0.0
20220518:1211,258.26,47.3,6.46,1.1,0.0
20220518:1311,60.88,44.19,5.92,0.97,0.0
20220518:1411,155.47,39.17,5.36,0.76,0.0
20220518:1511,363.6,32.9,5.22,0.69,0.0
20220518:1611,253.83,25.96,5.27,0.48,0.0
20220518:1711,202.85,18.82,5.62,0.34,0.0
20220518:1811,43.59,11.86,5.76,0.48,0.0
20220518:1911,22.24,5.42,5.38,0.62,0.0
20220518:2011,0.0,0.0,5.1,0.55,0.0
20220518:2111,0.0,0.0,4.84,0.55,0.0
20220518:2211,0.0,0.0,4.2,0.76,0.0
20220518:2311,0.0,0.0,3.38,0.9,0.0
20220519:0011,0.0,0.0,2.15,0.97,0.0
20220519:0111,0.0,0.0,0.83,1.24,0.0
20220519:0211,0.0,0.0,-0.5,1.31,0.0
20220519:0311,1.78,2.78,-1.0,1.38,0.0
20220519:0411,8.9,8.85,-1.31,1.38,0.0
20220519:0511,126.46,15.59,-0.54,1.31,0.0
20220519:0611,258.34,22.69,2.05,1.17,0.0
20220519:0711,502.95,29.78,2.32,1.38,0.0
20220519:0811,167.65,36.44,3.79,1.1,0.0
20220519:0911,833.6,42.15,4.38,1.1,0.0
20220519:1011,506.68,46.28,5.06,1.17,0.0
20220519:1111,432.59,48.19,6.04,1.03,0.0
20220519:1211,125.5,47.52,6.59,0.83,0.0
20220519:1311,229.96,44.4,6.55,0.9,0.0
20220519:1411,301.93,39.37,6.97,0.83,0.0
20220519:1511,293.23,33.09,6.98,0.55,0.0
20220519:1611,294.32,26.15,6.99,0.48,0.0
20220519:1711,116.54,19.01,6.41,0.34,0.0
20220519:1811,17.79,12.05,6.22,0.48,0.0
20220519:1911,4.45,5.62,6.35,0.41,0.0
20220519:2011,0.0,0.0,5.8,0.21,0.0
20220519:2111,0.0,0.0,4.99,0.69,0.0
20220519:2211,0.0,0.0,4.11,0.83,0.0
20220519:2311,0.0,0.0,3.27,0.83,0.0
20220520:0011,0.0,0.0,2.42,0.97,0.0
20220520:0111,0.0,0.0,1.7,1.17,0.0
20220520:0211,0.0,0.0,0.87,1.31,0.0
20220520:0311,1.78,2.97,0.38,1.31,0.0
20220520:0411,40.04,9.03,0.26,1.17,0.0
20220520:0511,29.97,15.77,0.33,1.03,0.0
20220520:0611,262.96,22.87,1.7,0.97,0.0
20220520:0711,403.18,29.96,2.47,0.97,0.0
20220520:0811,463.35,36.63,3.81,0.9,0.0
20220520:0911,590.34,42.35,5.14,0.83,0.0
20220520:1011,709.69,46.49,5.99,0.9,0.0
20220520:1111,791.72,48.4,7.0,0.83,0.0
20220520:1211,636.41,47.73,7.78,0.9,0.0
20220520:1311,954.65,44.6,8.46,0.83,0.0
20220520:1411,847.99,39.56,9.01,0.62,0.0
20220520:1511,578.86,33.28,9.28,0.76,0.0
20220520:1611,164.38,26.34,9.2,0.97,0.0
20220520:1711,146.66,19.2,8.98,1.1,0.0
20220520:1811,38.26,12.24,8.47,0.97,0.0
20220520:1911,5.34,5.81,7.07,0.9,0.0
20220520:2011,0.0,0.0,6.33,1.03,0.0
20220520:2111,0.0,0.0,5.91,0.9,0.0
20220520:2211,0.0,0.0,5.51,0.9,0.0
20220520:2311,0.0,0.0,4.86,1.03,0.0
20220521:0011,0.0,0.0,4.49,0.97,0.0
20220521:0111,0.0,0.0,4.05,0.97,0.0
20220521:0211,0.0,0.0,3.8,0.83,0.0
20220521:0311,1.78,3.15,3.59,0.76,0.0
20220521:0411,9.79,9.2,3.39,0.76,0.0
20220521:0511,19.67,15.94,3.11,0.69,0.0
20220521:0611,63.69,23.04,3.18,0.76,0.0
20220521:0711,275.79,30.13,3.55,0.76,0.0
20220521:0811,276.16,36.8,4.15,0.55,0.0
20220521:0911,583.92,42.53,4.47,0.34,0.0
20220521:1011,351.17,46.68,4.67,0.28,0.0
20220521:1111,349.38,48.61,4.81,0.34,0.0
20220521:1211,293.38,47.94,4.74,0.41,0.0
20220521:1311,310.44,44.8,4.85,0.41,0.0
20220521:1411,166.71,39.76,5.19,0.21,0.0
20220521:1511,242.03,33.47,5.32,0.41,0.0
20220521:1611,128.31,26.52,5.15,0.55,0.0
20220521:1711,75.86,19.38,4.74,0.48,0.0
20220521:1811,13.35,12.43,4.52,0.41,0.0
20220521:1911,5.34,6.0,3.23,0.55,0.0
20220521:2011,0.0,0.0,2.88,0.48,0.0
20220521:2111,0.0,0.0,2.88,0.48,0.0
20220521:2211,0.0,0.0,2.86,0.55,0.0
20220521:2311,0.0,0.0,2.76,0.69,0.0
20220522:0011,0.0,0.0,2.56,0.76,0.0
20220522:0111,0.0,0.0,2.17,0.69,0.0
20220522:0211,0.0,0.0,2.11,0.48,0.0
20220522:0311,2.67,3.33,1.79,0.48,0.0
20220522:0411,9.79,9.37,1.61,0.41,0.0
20220522:0511,129.12,16.11,1.53,0.55,0.0
20220522:0611,334.01,23.2,1.53,0.48,0.0
20220522:0711,499.56,30.3,1.84,0.69,0.0
20220522:0811,588.58,36.97,3.27,0.41,0.0
20220522:0911,796.39,42.71,4.0,0.14,0.0
20220522:1011,561.99,46.87,4.76,0.07,0.0
20220522:1111,893.66,48.81,5.34,0.28,0.0
20220522:1211,425.06,48.14,5.92,0.28,0.0
20220522:1311,322.29,45.0,6.44,0.34,0.0
20220522:1411,630.37,39.95,6.88,0.28,0.0
20220522:1511,653.24,33.65,7.12,0.21,0.0
20220522:1611,434.94,26.7,7.16,0.14,0.0
20220522:1711,183.83,19.56,6.77,0.14,0.0
20220522:1811,46.26,12.61,6.29,0.28,0.0
20220522:1911,5.34,6.19,6.25,0.21,0.0
20220522:2011,0.0,0.0,5.94,0.34,0.0
20220522:2111,0.0,0.0,5.63,0.55,0.0
20220522:2211,0.0,0.0,5.07,0.76,0.0
20220522:2311,0.0,0.0,4.65,0.76,0.0
20220523:0011,0.0,0.0,4.37,0.83,0.0
20220523:0111,0.0,0.0,4.13,0.83,0.0
20220523:0211,0.0,0.0,3.68,0.97,0.0
20220523:0311,2.67,3.5,2.93,1.03,0.0
20220523:0411,9.79,9.54,2.34,1.17,0.0
20220523:0511,19.67,16.27,2.19,1.17,0.0
20220523:0611,44.96,23.36,2.8,1.17,0.0
20220523:0711,162.42,30.45,4.17,1.17,0.0
20220523:0811,113.32,37.14,4.37,1.24,0.0
20220523:0911,233.64,42.89,4.65,1.31,0.0
20220523:1011,323.81,47.06,5.02,1.24,0.0
20220523:1111,303.31,49.0,5.57,1.31,0.0
20220523:1211,260.07,48.33,5.94,1.31,0.0
20220523:1311,233.23,45.19,6.86,1.1,0.0
20220523:1411,208.33,40.13,6.75,1.24,0.0
20220523:1511,68.37,33.83,6.85,1.24,0.0
20220523:1611,73.05,26.88,6.81,1.17,0.0
20220523:1711,34.65,19.74,6.66,0.83,0.0
20220523:1811,14.23,12.79,6.52,0.83,0.0
20220523:1911,5.34,6.37,6.11,0.97,0.0
20220523:2011,0.0,0.0,5.73,1.03,0.0
20220523:2111,0.0,0.0,5.21,1.1,0.0
20220523:2211,0.0,0.0,4.4,1.17,0.0
20220523:2311,0.0,0.0,3.58,1.24,0.0
20220524:0011,0.0,0.0,3.0,1.31,0.0
20220524:0111,0.0,0.0,2.89,1.31,0.0
20220524:0211,0.0,0.0,2.66,1.24,0.0
20220524:0311,2.67,3.67,2.45,1.31,0.0
20220524:0411,9.79,9.7,2.28,1.38,0.0
20220524:0511,20.6,16.42,2.31,1.31,0.0
20220524:0611,30.91,23.51,2.39,1.38,0.0
20220524:0711,112.39,30.61,2.65,1.59,0.0
20220524:0811,200.2,37.3,3.31,1.66,0.0
20220524:0911,114.26,43.06,3.77,1.72,0.0
20220524:1011,283.66,47.24,3.64,1.66,0.0
20220524:1111,460.21,49.19,3.72,1.72,0.0
20220524:1211,168.58,48.52,3.65,1.72,0.0
20220524:1311,97.4,45.37,3.62,1.66,0.0
20220524:1411,171.39,40.31,3.66,1.59,0.0
20220524:1511,74.93,34.01,3.81,1.59,0.0
20220524:1611,65.56,27.05,3.92,1.52,0.0
20220524:1711,37.46,19.91,3.87,1.45,0.0
20220524:1811,28.47,12.96,3.71,1.52,0.0
20220524:1911,6.23,6.55,3.62,1.45,0.0
20220524:2011,0.0,0.0,3.83,1.38,0.0
20220524:2111,0.0,0.0,4.15,1.24,0.0
20220524:2211,0.0,0.0,4.35,1.17,0.0
20220524:2311,0.0,0.0,4.72,1.1,0.0
20220525:0011,0.0,0.0,4.58,1.03,0.0
20220525:0111,0.0,0.0,3.97,0.83,0.0
20220525:0211,0.0,0.0,3.25,0.97,0.0
20220525:0311,2.67,3.82,2.92,0.83,0.0
20220525:0411,10.68,9.85,2.86,0.83,0.0
20220525:0511,20.6,16.57,2.51,0.97,0.0
20220525:0611,132.83,23.65,2.15,1.52,0.0
20220525:0711,286.18,30.76,2.16,2.0,0.0
20220525:0811,507.84,37.45,2.82,1.79,0.0
20220525:0911,645.6,43.22,3.03,1.72,0.0
20220525:1011,987.1,47.41,3.47,1.86,0.0
20220525:1111,590.59,49.37,4.37,1.86,0.0
20220525:1211,973.38,48.7,4.94,1.72,0.0
20220525:1311,756.22,45.55,5.32,1.72,0.0
20220525:1411,848.21,40.48,5.27,1.66,0.0
20220525:1511,611.99,34.18,4.93,1.38,0.0
20220525:1611,250.6,27.22,5.39,1.1,0.0
20220525:1711,217.89,20.08,6.02,0.97,0.0
20220525:1811,22.24,13.13,6.13,0.76,0.0
20220525:1911,6.23,6.72,5.64,0.34,0.0
20220525:2011,0.0,0.0,5.21,0.48,0.0
20220525:2111,0.0,0.0,4.69,0.62,0.0
20220525:2211,0.0,0.0,4.15,0.83,0.0
20220525:2311,0.0,0.0,3.59,0.76,0.0
20220526:0011,0.0,0.0,2.95,0.83,0.0
20220526:0111,0.0,0.0,2.47,0.76,0.0
20220526:0211,0.0,0.0,1.98,0.76,0.0
20220526:0311,2.67,3.98,1.52,0.69,0.0
20220526:0411,10.68,9.99,1.44,0.55,0.0
20220526:0511,132.36,16.71,1.73,0.14,0.0
20220526:0611,62.75,23.79,2.17,0.76,0.0
20220526:0711,391.43,30.9,1.44,0.97,0.0
20220526:0811,420.2,37.6,1.56,1.59,0.0
20220526:0911,445.55,43.37,1.56,1.66,0.0
20220526:1011,523.77,47.58,1.77,1.86,0.0
20220526:1111,498.43,49.54,2.15,1.79,0.0
20220526:1211,223.84,48.88,2.7,2.0,0.0
20220526:1311,266.54,45.73,2.98,2.07,0.0
20220526:1411,93.66,40.65,2.6,1.93,0.0
20220526:1511,397.25,34.34,2.28,1.93,0.0
20220526:1611,194.92,27.38,2.43,1.79,0.0
20220526:1711,165.03,20.24,1.9,1.66,0.0
20220526:1811,85.41,13.3,1.55,1.52,0.0
20220526:1911,16.01,6.89,0.98,1.03,0.0
20220526:2011,0.0,0.0,0.49,0.97,0.0
20220526:2111,0.0,0.0,0.47,0.69,0.0
20220526:2211,0.0,0.0,-0.05,0.41,0.0
20220526:2311,0.0,0.0,-0.4,0.14,0.0
20220527:0011,0.0,0.0,-0.7,0.28,0.0
20220527:0111,0.0,0.0,-0.96,0.41,0.0
20220527:0211,0.0,0.0,-1.44,0.48,0.0
20220527:0311,3.56,4.12,-2.37,0.62,0.0
20220527:0411,16.9,10.13,-1.98,0.48,0.0
20220527:0511,123.08,16.84,-1.47,0.83,0.0
20220527:0611,213.74,23.93,-0.3,0.97,0.0
20220527:0711,438.74,31.03,1.22,1.03,0.0
20220527:0811,557.96,37.74,2.16,1.52,0.0
20220527:0911,893.2,43.52,2.98,1.79,0.0
20220527:1011,1059.44,47.74,3.35,2.14,0.0
20220527:1111,1110.86,49.71,3.77,2.76,0.0
20220527:1211,1093.31,49.05,3.41,2.21,0.0
20220527:1311,599.03,45.9,3.41,2.55,0.0
20220527:1411,488.75,40.82,2.96,2.07,0.0
20220527:1511,401.27,34.5,3.0,2.69,0.0
20220527:1611,161.3,27.54,2.96,2.55,0.0
20220527:1711,204.11,20.4,2.85,2.34,0.0
20220527:1811,50.71,13.46,2.09,1.79,0.0
20220527:1911,11.57,7.06,1.27,1.59,0.0
20220527:2011,0.0,0.0,0.63,1.52,0.0
20220527:2111,0.0,0.0,0.36,1.45,0.0
20220527:2211,0.0,0.0,0.41,1.24,0.0
20220527:2311,0.0,0.0,0.32,1.17,0.0
20220528:0011,0.0,0.0,-0.05,1.17,0.0
20220528:0111,0.0,0.0,-0.23,1.17,0.0
20220528:0211,0.0,0.0,-0.24,1.1,0.0
20220528:0311,3.56,4.26,-0.45,1.17,0.0
20220528:0411,10.68,10.27,-0.23,1.17,0.0
20220528:0511,135.2,16.97,0.65,1.66,0.0
20220528:0611,345.25,24.05,0.91,1.86,0.0
20220528:0711,565.82,31.16,1.96,2.07,0.0
20220528:0811,770.62,37.87,2.8,2.62,0.0
20220528:0911,862.12,43.67,3.28,2.83,0.0
20220528:1011,1051.91,47.89,3.64,2.97,0.0
20220528:1111,969.69,49.87,3.79,2.9,0.0
20220528:1211,894.12,49.22,4.31,3.03,0.0
20220528:1311,527.24,46.06,4.5,2.48,0.0
20220528:1411,686.92,40.98,4.49,2.41,0.0
20220528:1511,517.09,34.66,4.23,2.07,0.0
20220528:1611,437.69,27.7,3.97,2.21,0.0
20220528:1711,192.64,20.56,3.15,1.86,0.0
20220528:1811,83.63,13.62,2.27,1.66,0.0
20220528:1911,32.92,7.22,1.44,1.45,0.0
20220528:2011,0.89,1.67,0.86,1.31,0.0
20220528:2111,0.0,0.0,0.95,1.17,0.0
20220528:2211,0.0,0.0,0.66,1.1,0.0
20220528:2311,0.0,0.0,0.17,1.03,0.0
20220529:0011,0.0,0.0,-0.33,1.03,0.0
20220529:0111,0.0,0.0,-0.64,1.03,0.0
20220529:0211,0.0,0.0,-1.64,1.24,0.0
20220529:0311,3.56,4.39,-2.11,1.45,0.0
20220529:0411,11.57,10.39,-1.54,1.45,0.0
20220529:0511,21.54,17.09,-1.29,1.45,0.0
20220529:0611,93.66,24.17,-1.24,1.45,0.0
20220529:0711,286.69,31.28,-0.36,1.72,0.0
20220529:0811,376.24,38.0,0.47,1.72,0.0
20220529:0911,306.57,43.8,0.8,1.59,0.0
20220529:1011,574.9,48.04,0.94,1.38,0.0
20220529:1111,526.24,50.03,0.72,1.31,0.0
20220529:1211,579.36,49.38,1.12,1.24,0.0
20220529:1311,518.59,46.22,1.34,1.1,0.0
20220529:1411,419.4,41.13,1.88,0.83,0.0
20220529:1511,315.7,34.81,1.93,0.62,0.0
20220529:1611,317.69,27.85,2.22,0.41,0.0
20220529:1711,170.65,20.71,2.2,0.62,0.0
20220529:1811,87.19,13.77,1.81,0.83,0.0
20220529:1911,7.12,7.37,1.82,0.34,0.0
20220529:2011,0.89,1.83,1.76,0.55,0.0
20220529:2111,0.0,0.0,1.35,0.76,0.0
20220529:2211,0.0,0.0,0.95,0.9,0.0
20220529:2311,0.0,0.0,0.52,0.97,0.0
20220530:0011,0.0,0.0,0.13,1.1,0.0
20220530:0111,0.0,0.0,-0.7,1.17,0.0
20220530:0211,0.0,0.0,-0.88,1.24,0.0
20220530:0311,3.56,4.52,-1.51,1.38,0.0
20220530:0411,11.57,10.51,-1.1,1.38,0.0
20220530:0511,38.4,17.21,0.18,1.52,0.0
20220530:0611,198.64,24.29,1.96,1.66,0.0
20220530:0711,360.1,31.4,2.5,1.86,0.0
20220530:0811,529.52,38.12,3.13,2.07,0.0
20220530:0911,788.43,43.93,3.86,2.41,0.0
20220530:1011,995.02,48.18,4.81,2.83,0.0
20220530:1111,334.44,50.18,5.17,2.83,0.0
20220530:1211,434.84,49.53,5.09,2.62,0.0
20220530:1311,220.09,46.37,5.02,2.21,0.0
20220530:1411,212.05,41.28,5.3,1.86,0.0
20220530:1511,364.52,34.96,5.48,1.72,0.0
20220530:1611,160.34,27.99,5.7,1.72,0.0
20220530:1711,93.66,20.85,6.3,1.52,0.0
20220530:1811,69.39,13.92,6.1,1.52,0.0
20220530:1911,38.26,7.52,6.26,1.24,0.0
20220530:2011,0.89,1.98,5.85,1.24,0.0
20220530:2111,0.0,0.0,5.08,1.24,0.0
20220530:2211,0.0,0.0,4.35,1.24,0.0
20220530:2311,0.0,0.0,3.73,1.24,0.0
20220531:0011,0.0,0.0,3.01,1.31,0.0
20220531:0111,0.0,0.0,2.31,1.31,0.0
20220531:0211,0.0,0.0,1.68,1.38,0.0
20220531:0311,3.56,4.64,0.41,1.45,0.0
20220531:0411,11.57,10.63,0.46,1.38,0.0
20220531:0511,126.52,17.32,2.88,1.17,0.0
20220531:0611,219.38,24.4,5.13,1.03,0.0
20220531:0711,538.46,31.51,6.13,1.1,0.0
20220531:0811,765.44,38.23,6.99,1.1,0.0
20220531:0911,931.41,44.05,6.22,1.59,0.0
20220531:1011,1011.82,48.31,6.32,1.72,0.0
20220531:1111,1095.75,50.32,7.2,1.31,0.0
20220531:1211,902.22,49.68,7.59,1.31,0.0
20220531:1311,766.87,46.52,7.24,1.45,0.0
20220531:1411,622.17,41.43,7.73,1.45,0.0
20220531:1511,436.9,35.1,8.72,1.31,0.0
20220531:1611,267.45,28.13,8.74,1.31,0.0
20220531:1711,165.97,20.99,8.69,0.97,0.0
20220531:1811,35.59,14.06,8.07,0.62,0.0
20220531:1911,8.9,7.67,7.13,0.41,0.0
20220531:2011,0.89,2.13,6.8,0.55,0.0
20220531:2111,0.0,0.0,6.18,0.76,0.0
20220531:2211,0.0,0.0,5.46,0.83,0.0
20220531:2311,0.0,0.0,4.76,0.97,0.0
20220601:0011,0.0,0.0,4.37,1.03,0.0
20220601:0111,0.0,0.0,4.25,1.03,0.0
20220601:0211,0.0,0.0,3.89,0.97,0.0
20220601:0311,20.46,4.76,3.36,1.03,0.0
20220601:0411,11.57,10.74,3.1,0.97,0.0
20220601:0511,139.74,17.42,3.88,0.76,0.0
20220601:0611,198.37,24.5,5.24,0.69,0.0
20220601:0711,398.86,31.61,5.79,0.62,0.0
20220601:0811,431.91,38.34,6.11,0.62,0.0
20220601:0911,917.28,44.17,6.52,0.62,0.0
20220601:1011,673.18,48.44,7.91,0.62,0.0
20220601:1111,650.01,50.46,8.28,0.62,0.0
20220601:1211,990.51,49.82,7.73,0.9,0.0
20220601:1311,539.98,46.66,8.06,0.76,0.0
20220601:1411,618.22,41.57,7.95,0.69,0.0
20220601:1511,490.98,35.24,8.13,0.76,0.0
20220601:1611,166.02,28.27,7.33,0.83,0.0
20220601:1711,111.8,21.13,6.76,0.76,0.0
20220601:1811,16.01,14.2,6.12,0.48,0.0
20220601:1911,7.12,7.8,5.06,0.83,0.0
20220601:2011,0.89,2.27,4.84,0.34,0.0
20220601:2111,0.0,0.0,4.72,0.14,0.0
20220601:2211,0.0,0.0,4.48,0.14,0.0
20220601:2311,0.0,0.0,4.33,0.21,0.0
20220602:0011,0.0,0.0,4.18,0.34,0.0
20220602:0111,0.0,0.0,4.09,0.41,0.0
20220602:0211,0.0,0.0,3.95,0.41,0.0
20220602:0311,20.46,4.86,3.83,0.28,0.0
20220602:0411,45.37,10.84,3.74,0.14,0.0
20220602:0511,136.36,17.52,3.58,0.34,0.0
20220602:0611,328.66,24.59,3.48,0.62,0.0
20220602:0711,531.94,31.71,4.34,0.48,0.0
20220602:0811,631.07,38.44,4.93,0.48,0.0
20220602:0911,772.52,44.28,5.3,0.55,0.0
20220602:1011,225.71,48.56,4.85,0.97,0.0
20220602:1111,281.62,50.59,6.87,0.83,0.0
20220602:1211,937.88,49.96,6.44,0.9,0.0
20220602:1311,336.12,46.8,6.35,1.1,0.0
20220602:1411,431.32,41.7,6.23,0.9,0.0
20220602:1511,587.8,35.37,6.69,0.97,0.0
20220602:1611,37.46,28.4,6.88,0.97,0.0
20220602:1711,39.34,21.26,5.6,0.83,0.0
20220602:1811,39.15,14.33,5.09,0.76,0.0
20220602:1911,29.36,7.94,4.47,0.69,0.0
20220602:2011,1.78,2.4,4.03,0.62,0.0
20220602:2111,0.0,0.0,3.69,0.69,0.0
20220602:2211,0.0,0.0,3.43,0.69,0.0
20220602:2311,0.0,0.0,3.33,0.69,0.0
20220603:0011,0.0,0.0,3.3,0.76,0.0
20220603:0111,0.0,0.0,3.23,0.76,0.0
20220603:0211,0.0,0.0,3.17,0.76,0.0
20220603:0311,4.45,4.97,3.05,0.83,0.0
20220603:0411,65.84,10.93,2.95,0.83,0.0
20220603:0511,53.38,17.61,2.99,0.97,0.0
20220603:0611,107.71,24.68,2.61,1.1,0.0
20220603:0711,362.02,31.8,3.2,1.31,0.0
20220603:0811,444.7,38.54,4.53,1.1,0.0
20220603:0911,551.12,44.38,5.01,1.1,0.0
20220603:1011,335.92,48.67,5.36,1.17,0.0
20220603:1111,368.29,50.71,5.56,1.24,0.0
20220603:1211,548.42,50.09,5.88,1.38,0.0
20220603:1311,574.25,46.93,6.01,1.45,0.0
20220603:1411,461.86,41.83,5.97,1.52,0.0
20220603:1511,411.2,35.5,5.66,1.66,0.0
20220603:1611,343.79,28.53,5.75,1.52,0.0
20220603:1711,198.12,21.39,5.69,1.38,0.0
20220603:1811,94.31,14.46,5.81,1.24,0.0
20220603:1911,33.81,8.07,6.19,0.9,0.0
20220603:2011,1.78,2.53,5.83,0.76,0.0
20220603:2111,0.0,0.0,5.46,0.69,0.0
20220603:2211,0.0,0.0,5.12,0.62,0.0
20220603:2311,0.0,0.0,4.66,0.62,0.0
20220604:0011,0.0,0.0,4.19,0.55,0.0
20220604:0111,0.0,0.0,4.15,0.55,0.0
20220604:0211,0.0,0.0,4.04,0.62,0.0
20220604:0311,20.46,5.06,3.72,0.62,0.0
20220604:0411,24.91,11.02,3.44,0.69,0.0
20220604:0511,94.34,17.7,3.56,0.76,0.0
20220604:0611,156.58,24.77,3.77,0.69,0.0
20220604:0711,267.56,31.88,3.51,1.24,0.0
20220604:0811,636.29,38.63,3.85,1.31,0.0
20220604:0911,913.15,44.48,3.94,1.72,0.0
20220604:1011,772.49,48.78,4.13,1.93,0.0
20220604:1111,1022.67,50.83,4.71,2.07,0.0
20220604:1211,1022.18,50.21,5.35,2.07,0.0
20220604:1311,993.88,47.06,5.87,2.28,0.0
20220604:1411,855.27,41.96,6.4,2.55,0.0
20220604:1511,672.67,35.62,6.16,2.55,0.0
20220604:1611,442.15,28.65,5.67,2.48,0.0
20220604:1711,198.12,21.51,4.83,2.34,0.0
20220604:1811,31.14,14.58,4.13,2.14,0.0
20220604:1911,34.7,8.19,3.88,1.93,0.0
20220604:2011,1.78,2.66,3.6,1.72,0.0
20220604:2111,0.0,0.0,3.4,1.52,0.0
20220604:2211,0.0,0.0,4.14,1.38,0.0
20220604:2311,0.0,0.0,3.7,1.31,0.0
20220605:0011,0.0,0.0,3.19,1.24,0.0
20220605:0111,0.0,0.0,2.67,1.17,0.0
20220605:0211,0.0,0.0,2.19,1.1,0.0
20220605:0311,21.35,5.15,1.57,1.03,0.0
20220605:0411,11.57,11.1,1.12,1.17,0.0
20220605:0511,28.1,17.77,1.93,1.1,0.0
20220605:0611,76.8,24.84,2.01,1.1,0.0
20220605:0711,211.45,31.96,2.18,1.17,0.0
20220605:0811,438.89,38.71,2.51,1.24,0.0
20220605:0911,659.67,44.57,3.06,1.24,0.0
20220605:1011,806.6,48.88,3.77,1.03,0.0
20220605:1111,1087.57,50.94,4.99,0.83,0.0
20220605:1211,533.56,50.33,6.2,0.55,0.0
20220605:1311,865.27,47.17,7.31,0.55,0.0
20220605:1411,850.05,42.08,7.73,0.41,0.0
20220605:1511,674.08,35.74,8.06,0.0,0.0
20220605:1611,284.82,28.77,8.62,0.34,0.0
20220605:1711,247.21,21.63,8.54,0.55,0.0
20220605:1811,65.84,14.7,8.44,0.48,0.0
20220605:1911,49.82,8.31,7.82,0.48,0.0
20220605:2011,1.78,2.78,7.09,0.76,0.0
20220605:2111,0.0,0.0,6.23,0.97,0.0
20220605:2211,0.0,0.0,5.34,1.17,0.0
20220605:2311,0.0,0.0,4.48,1.31,0.0
20220606:0011,0.0,0.0,3.82,1.38,0.0
20220606:0111,0.0,0.0,3.32,1.38,0.0
20220606:0211,0.0,0.0,3.08,1.38,0.0
20220606:0311,23.13,5.23,2.9,1.38,0.0
20220606:0411,70.28,11.18,3.4,1.17,0.0
20220606:0511,140.58,17.85,4.81,1.03,0.0
20220606:0611,235.54,24.91,6.81,0.97,0.0
20220606:0711,353.64,32.03,8.04,0.83,0.0
20220606:0811,664.54,38.79,9.29,0.62,0.0
20220606:0911,808.87,44.65,10.16,0.55,0.0
20220606:1011,885.76,48.97,10.94,0.62,0.0
20220606:1111,824.78,51.05,11.75,0.62,0.0
20220606:1211,658.74,50.44,12.47,0.69,0.0
20220606:1311,750.22,47.29,13.03,0.69,0.0
20220606:1411,859.22,42.19,13.36,0.69,0.0
20220606:1511,656.0,35.85,13.51,0.55,0.0
20220606:1611,361.04,28.88,13.35,0.28,0.0
20220606:1711,243.72,21.74,13.25,0.0,0.0
20220606:1811,60.5,14.81,12.99,0.28,0.0
20220606:1911,49.82,8.42,12.95,0.34,0.0
20220606:2011,2.67,2.89,12.09,0.62,0.0
20220606:2111,0.0,0.0,11.07,0.9,0.0
20220606:2211,0.0,0.0,9.94,1.03,0.0
20220606:2311,0.0,0.0,8.99,1.17,0.0
20220607:0011,0.0,0.0,8.02,1.31,0.0
20220607:0111,0.0,0.0,6.95,1.38,0.0
20220607:0211,0.0,0.0,6.08,1.45,0.0
20220607:0311,22.24,5.31,5.42,1.52,0.0
20220607:0411,70.28,11.25,5.52,1.38,0.0
20220607:0511,140.57,17.91,7.57,1.1,0.0
20220607:0611,245.68,24.98,9.93,0.97,0.0
20220607:0711,370.85,32.1,11.04,0.83,0.0
20220607:0811,741.29,38.85,12.02,0.83,0.0
20220607:0911,822.83,44.73,12.62,1.03,0.0
20220607:1011,974.83,49.06,12.93,1.38,0.0
20220607:1111,789.27,51.14,12.99,1.52,0.0
20220607:1211,672.1,50.54,12.94,1.59,0.0
20220607:1311,585.74,47.4,13.13,1.66,0.0
20220607:1411,707.54,42.3,12.8,1.79,0.0
20220607:1511,619.81,35.96,12.64,1.86,0.0
20220607:1611,259.76,28.99,12.83,1.79,0.0
20220607:1711,190.6,21.85,13.2,1.66,0.0
20220607:1811,32.92,14.92,13.05,1.31,0.0
20220607:1911,36.48,8.53,12.32,1.1,0.0
20220607:2011,1.78,3.0,11.26,0.97,0.0
20220607:2111,0.0,0.0,10.39,0.9,0.0
20220607:2211,0.0,0.0,9.6,0.9,0.0
20220607:2311,0.0,0.0,8.86,0.97,0.0
20220608:0011,0.0,0.0,8.28,0.97,0.0
20220608:0111,0.0,0.0,7.72,1.03,0.0
20220608:0211,0.0,0.0,6.99,1.1,0.0
20220608:0311,4.45,5.37,6.26,1.1,0.0
20220608:0411,18.68,11.31,6.73,1.03,0.0
20220608:0511,36.53,17.97,7.69,0.9,0.0
20220608:0611,194.67,25.04,8.84,0.9,0.0
20220608:0711,300.34,32.15,8.01,0.9,0.0
20220608:0811,520.48,38.92,7.99,1.17,0.0
20220608:0911,687.01,44.8,7.93,1.24,0.0
20220608:1011,734.29,49.14,7.05,1.52,0.0
20220608:1111,809.67,51.23,7.52,1.38,0.0
20220608:1211,492.76,50.64,7.58,1.59,0.0
20220608:1311,536.17,47.5,9.31,1.31,0.0
20220608:1411,436.37,42.4,10.13,0.9,0.0
20220608:1511,261.98,36.06,10.52,0.62,0.0
20220608:1611,174.47,29.09,10.84,0.34,0.0
20220608:1711,205.06,21.95,10.83,0.21,0.0
20220608:1811,96.09,15.02,10.63,0.14,0.0
20220608:1911,8.9,8.63,10.12,0.48,0.0
20220608:2011,1.78,3.1,9.57,0.48,0.0
20220608:2111,0.0,0.0,8.89,0.34,0.0
20220608:2211,0.0,0.0,8.47,0.14,0.0
20220608:2311,0.0,0.0,8.05,0.14,0.0
20220609:0011,0.0,0.0,7.58,0.07,0.0
20220609:0111,0.0,0.0,7.57,0.07,0.0
20220609:0211,0.0,0.0,7.35,0.14,0.0
20220609:0311,4.45,5.44,7.11,0.21,0.0
20220609:0411,12.46,11.37,7.07,0.21,0.0
20220609:0511,44.96,18.03,7.72,0.21,0.0
20220609:0611,155.68,25.09,8.24,0.34,0.0
20220609:0711,503.02,32.21,8.07,0.28,0.0
20220609:0811,733.29,38.97,8.55,0.55,0.0
20220609:0911,881.91,44.87,9.53,0.62,0.0
20220609:1011,875.78,49.21,10.33,0.69,0.0
20220609:1111,728.0,51.32,11.08,0.62,0.0
20220609:1211,660.68,50.73,11.77,0.48,0.0
20220609:1311,473.61,47.59,12.36,0.62,0.0
20220609:1411,606.32,42.5,12.73,0.97,0.0
20220609:1511,552.86,36.16,12.75,1.1,0.0
20220609:1611,286.47,29.18,12.71,1.03,0.0
20220609:1711,179.33,22.04,12.55,0.97,0.0
20220609:1811,95.2,15.12,12.17,0.9,0.0
20220609:1911,49.82,8.73,10.89,0.62,0.0
20220609:2011,3.56,3.2,10.23,0.14,0.0
20220609:2111,0.0,0.0,9.64,0.28,0.0
20220609:2211,0.0,0.0,8.83,0.48,0.0
20220609:2311,0.0,0.0,8.13,0.69,0.0
20220610:0011,0.0,0.0,7.28,0.83,0.0
20220610:0111,0.0,0.0,5.66,1.03,0.0
20220610:0211,0.0,0.0,5.13,1.1,0.0
20220610:0311,4.45,5.49,5.18,1.03,0.0
20220610:0411,12.46,11.42,5.98,0.97,0.0
20220610:0511,27.16,18.07,6.83,0.9,0.0
20220610:0611,65.56,25.13,7.82,0.69,0.0
20220610:0711,359.81,32.25,8.89,0.41,0.0
20220610:0811,612.58,39.02,9.42,0.55,0.0
20220610:0911,536.05,44.92,9.89,0.62,0.0
20220610:1011,722.36,49.28,10.26,0.97,0.0
20220610:1111,945.08,51.39,10.65,1.03,0.0
20220610:1211,241.16,50.82,10.55,1.45,0.0
20220610:1311,311.28,47.68,9.88,1.66,0.0
20220610:1411,738.79,42.59,9.62,1.86,0.0
20220610:1511,440.99,36.25,9.67,1.86,0.0
20220610:1611,187.75,29.28,9.93,1.79,0.0
20220610:1711,167.36,22.14,11.38,1.31,0.0
20220610:1811,98.75,15.21,11.03,1.31,0.0
20220610:1911,8.9,8.82,9.47,0.69,0.0
20220610:2011,1.78,3.29,9.15,0.55,0.0
20220610:2111,0.0,0.0,8.91,0.48,0.0
20220610:2211,0.0,0.0,8.56,0.62,0.0
20220610:2311,0.0,0.0,8.08,0.55,0.0
20220611:0011,0.0,0.0,7.54,0.41,0.0
20220611:0111,0.0,0.0,7.15,0.41,0.0
20220611:0211,0.0,0.0,6.63,0.62,0.0
20220611:0311,24.02,5.54,6.3,0.83,0.0
20220611:0411,72.95,11.47,5.97,0.9,0.0
20220611:0511,130.98,18.11,5.61,0.76,0.0
20220611:0611,73.05,25.17,5.84,1.03,0.0
20220611:0711,238.06,32.29,4.64,1.72,0.0
20220611:0811,463.65,39.07,5.03,1.86,0.0
20220611:0911,563.9,44.97,5.66,2.0,0.0
20220611:1011,611.95,49.34,6.17,2.07,0.0
20220611:1111,472.74,51.46,6.85,2.28,0.0
20220611:1211,332.94,50.9,7.23,2.41,0.0
20220611:1311,206.98,47.77,7.0,2.21,0.0
20220611:1411,387.66,42.67,6.5,2.07,0.0
20220611:1511,337.48,36.34,6.63,1.86,0.0
20220611:1611,195.36,29.36,5.93,2.0,0.0
20220611:1711,34.65,22.22,6.03,2.0,0.0
20220611:1811,74.73,15.29,5.96,1.59,0.0
20220611:1911,15.12,8.91,5.94,1.45,0.0
20220611:2011,2.67,3.37,6.33,1.17,0.0
20220611:2111,0.0,0.0,6.02,1.03,0.0
20220611:2211,0.0,0.0,5.68,1.03,0.0
20220611:2311,0.0,0.0,5.51,1.03,0.0
20220612:0011,0.0,0.0,5.31,1.1,0.0
20220612:0111,0.0,0.0,5.23,1.1,0.0
20220612:0211,0.0,0.0,5.08,1.17,0.0
20220612:0311,4.45,5.58,4.85,1.17,0.0
20220612:0411,12.46,11.5,4.57,1.17,0.0
20220612:0511,22.48,18.15,4.84,1.17,0.0
20220612:0611,100.21,25.21,4.06,1.38,0.0
20220612:0711,87.1,32.33,3.3,2.07,0.0
20220612:0811,396.96,39.11,3.77,2.0,0.0
20220612:0911,525.41,45.02,4.42,1.93,0.0
20220612:1011,533.87,49.39,4.61,1.93,0.0
20220612:1111,341.04,51.53,4.72,1.86,0.0
20220612:1211,313.52,50.97,5.31,2.0,0.0
20220612:1311,271.02,47.84,4.94,2.0,0.0
20220612:1411,214.83,42.75,4.54,1.79,0.0
20220612:1511,240.74,36.42,4.03,1.79,0.0
20220612:1611,132.99,29.44,3.22,1.86,0.0
20220612:1711,61.81,22.3,3.0,2.0,0.0
20220612:1811,101.42,15.37,2.8,1.86,0.0
20220612:1911,35.59,8.99,2.77,1.31,0.0
20220612:2011,2.67,3.45,2.61,1.17,0.0
20220612:2111,0.0,0.0,2.56,1.03,0.0
20220612:2211,0.0,0.0,2.2,1.03,0.0
20220612:2311,0.0,0.0,2.47,0.97,0.0
20220613:0011,0.0,0.0,2.32,0.9,0.0
20220613:0111,0.0,0.0,1.66,1.03,0.0
20220613:0211,0.0,0.0,1.36,1.03,0.0
20220613:0311,5.34,5.62,1.56,0.97,0.0
20220613:0411,12.46,11.54,0.99,1.38,0.0
20220613:0511,45.89,18.18,1.27,1.45,0.0
20220613:0611,74.93,25.23,1.59,1.45,0.0
20220613:0711,177.29,32.36,2.31,1.66,0.0
20220613:0811,172.33,39.14,3.08,1.86,0.0
20220613:0911,442.55,45.05,3.12,1.72,0.0
20220613:1011,306.76,49.44,3.52,1.59,0.0
20220613:1111,332.48,51.59,3.81,1.59,0.0
20220613:1211,215.41,51.04,4.41,1.66,0.0
20220613:1311,112.39,47.91,4.6,1.79,0.0
20220613:1411,215.77,42.83,4.81,1.66,0.0
20220613:1511,335.91,36.49,4.17,1.66,0.0
20220613:1611,201.09,29.52,4.03,1.66,0.0
20220613:1711,84.29,22.38,3.99,1.52,0.0
20220613:1811,38.26,15.45,3.75,1.59,0.0
20220613:1911,8.9,9.06,4.19,1.17,0.0
20220613:2011,2.67,3.52,4.42,1.03,0.0
20220613:2111,0.0,0.0,4.16,0.97,0.0
20220613:2211,0.0,0.0,3.99,0.9,0.0
20220613:2311,0.0,0.0,3.77,0.97,0.0
20220614:0011,0.0,0.0,3.67,0.97,0.0
20220614:0111,0.0,0.0,3.51,0.9,0.0
20220614:0211,0.0,0.0,3.25,0.9,0.0
20220614:0311,5.34,5.65,2.47,1.24,0.0
20220614:0411,12.46,11.56,2.5,1.17,0.0
20220614:0511,22.48,18.2,2.58,1.17,0.0
20220614:0611,100.21,25.25,2.42,1.38,0.0
20220614:0711,309.02,32.38,3.01,1.31,0.0
20220614:0811,469.74,39.16,3.15,1.45,0.0
20220614:0911,464.42,45.09,3.45,1.52,0.0
20220614:1011,296.4,49.48,3.7,1.59,0.0
20220614:1111,526.94,51.64,3.96,1.59,0.0
20220614:1211,351.87,51.09,4.17,1.59,0.0
20220614:1311,192.0,47.98,4.68,1.66,0.0
20220614:1411,177.01,42.89,5.21,1.79,0.0
20220614:1511,338.29,36.56,5.47,1.72,0.0
20220614:1611,201.09,29.59,5.31,1.66,0.0
20220614:1711,212.79,22.45,5.29,1.66,0.0
20220614:1811,101.42,15.52,5.36,1.45,0.0
20220614:1911,45.37,9.13,5.39,1.24,0.0
20220614:2011,2.67,3.59,5.37,0.9,0.0
20220614:2111,0.0,0.0,4.72,0.62,0.0
20220614:2211,0.0,0.0,4.08,0.28,0.0
20220614:2311,0.0,0.0,3.76,0.14,0.0
20220615:0011,0.0,0.0,3.25,0.41,0.0
20220615:0111,0.0,0.0,2.54,0.62,0.0
20220615:0211,0.0,0.0,1.56,0.9,0.0
20220615:0311,5.34,5.68,0.65,1.03,0.0
20220615:0411,12.46,11.58,0.45,1.03,0.0
20220615:0511,67.43,18.22,1.33,1.03,0.0
20220615:0611,167.26,25.27,1.93,0.9,0.0
20220615:0711,378.69,32.39,4.43,0.21,0.0
20220615:0811,697.01,39.18,5.84,0.41,0.0
20220615:0911,801.33,45.11,7.25,0.34,0.0
20220615:1011,885.06,49.51,8.27,0.48,0.0
20220615:1111,1077.73,51.68,9.32,0.83,0.0
20220615:1211,992.27,51.15,8.84,1.24,0.0
20220615:1311,934.22,48.04,8.29,1.52,0.0
20220615:1411,854.51,42.96,8.23,1.59,0.0
20220615:1511,616.31,36.62,8.35,1.45,0.0
20220615:1611,315.19,29.65,8.27,1.45,0.0
20220615:1711,196.08,22.51,8.47,1.31,0.0
20220615:1811,96.98,15.58,8.28,1.24,0.0
20220615:1911,12.46,9.19,7.89,0.97,0.0
20220615:2011,2.67,3.65,7.53,0.9,0.0
20220615:2111,0.0,0.0,7.05,0.9,0.0
20220615:2211,0.0,0.0,6.48,0.9,0.0
20220615:2311,0.0,0.0,6.02,0.9,0.0
20220616:0011,0.0,0.0,5.62,0.9,0.0
20220616:0111,0.0,0.0,5.39,0.76,0.0
20220616:0211,0.0,0.0,5.11,0.83,0.0
20220616:0311,5.34,5.69,4.95,0.83,0.0
20220616:0411,39.15,11.59,4.69,1.1,0.0
20220616:0511,22.48,18.23,4.63,1.1,0.0
20220616:0611,277.9,25.28,4.62,1.17,0.0
20220616:0711,286.33,32.4,4.65,1.45,0.0
20220616:0811,427.07,39.19,5.06,1.52,0.0
20220616:0911,429.7,45.13,5.42,1.66,0.0
20220616:1011,477.31,49.54,5.5,1.86,0.0
20220616:1111,288.54,51.71,5.5,1.86,0.0
20220616:1211,304.04,51.19,5.64,1.79,0.0
20220616:1311,227.07,48.09,5.98,1.79,0.0
20220616:1411,465.74,43.01,6.18,1.66,0.0
20220616:1511,422.15,36.68,6.32,1.66,0.0
20220616:1611,270.26,29.71,6.62,1.59,0.0
20220616:1711,74.93,22.57,6.7,1.52,0.0
20220616:1811,101.42,15.64,6.75,1.52,0.0
20220616:1911,55.16,9.25,7.9,1.1,0.0
20220616:2011,2.67,3.7,7.7,0.76,0.0
20220616:2111,0.0,0.0,7.51,0.62,0.0
20220616:2211,0.0,0.0,7.17,0.55,0.0
20220616:2311,0.0,0.0,6.97,0.55,0.0
20220617:0011,0.0,0.0,6.89,0.62,0.0
20220617:0111,0.0,0.0,6.79,0.69,0.0
20220617:0211,0.0,0.0,6.48,0.55,0.0
20220617:0311,5.34,5.7,6.38,0.62,0.0
20220617:0411,12.46,11.6,6.31,0.55,0.0
20220617:0511,114.54,18.23,6.83,0.69,0.0
20220617:0611,130.05,25.28,7.32,0.76,0.0
20220617:0711,346.93,32.4,7.72,1.17,0.0
20220617:0811,656.41,39.2,8.45,1.03,0.0
20220617:0911,640.04,45.14,8.89,1.17,0.0
20220617:1011,884.25,49.56,9.5,1.24,0.0
20220617:1111,302.65,51.74,9.24,1.38,0.0
20220617:1211,260.36,51.23,9.19,1.17,0.0
20220617:1311,187.31,48.13,8.87,1.1,0.0
20220617:1411,177.01,43.06,8.7,1.24,0.0
20220617:1511,108.64,36.73,8.5,1.52,0.0
20220617:1611,117.07,29.76,8.76,1.1,0.0
20220617:1711,125.59,22.62,8.93,0.83,0.0
20220617:1811,26.69,15.69,8.86,0.9,0.0
20220617:1911,43.59,9.3,8.46,1.31,0.0
20220617:2011,2.67,3.75,7.35,1.52,0.0
20220617:2111,0.0,0.0,7.03,1.52,0.0
20220617:2211,0.0,0.0,7.02,1.45,0.0
20220617:2311,0.0,0.0,5.45,1.79,0.0
20220618:0011,0.0,0.0,6.49,1.45,0.0
20220618:0111,0.0,0.0,5.41,1.59,0.0
20220618:0211,0.0,0.0,3.76,1.72,0.0
20220618:0311,5.34,5.71,2.95,1.72,0.0
20220618:0411,38.26,11.6,2.57,1.52,0.0
20220618:0511,103.97,18.23,1.84,1.79,0.0
20220618:0611,217.26,25.28,2.1,2.0,0.0
20220618:0711,297.49,32.4,2.57,2.48,0.0
20220618:0811,569.44,39.2,2.95,2.76,0.0
20220618:0911,471.65,45.14,3.38,2.97,0.0
20220618:1011,287.48,49.57,3.67,3.1,0.0
20220618:1111,227.59,51.77,3.9,2.97,0.0
20220618:1211,163.9,51.26,3.38,2.48,0.0
20220618:1311,289.22,48.17,4.23,2.14,0.0
20220618:1411,308.39,43.1,4.45,2.21,0.0
20220618:1511,504.53,36.78,3.42,2.28,0.0
20220618:1611,257.31,29.81,3.1,1.86,0.0
20220618:1711,210.69,22.67,2.79,1.79,0.0
20220618:1811,24.91,15.74,2.24,1.79,0.0
20220618:1911,16.9,9.34,1.61,1.38,0.0
20220618:2011,2.67,3.79,1.24,1.03,0.0
20220618:2111,0.0,0.0,1.54,0.76,0.0
20220618:2211,0.0,0.0,1.42,0.69,0.0
20220618:2311,0.0,0.0,1.48,0.76,0.0
20220619:0011,0.0,0.0,1.39,0.69,0.0
20220619:0111,0.0,0.0,1.25,0.76,0.0
20220619:0211,0.0,0.0,1.17,0.83,0.0
20220619:0311,5.34,5.71,0.93,0.97,0.0
20220619:0411,12.46,11.59,1.38,0.9,0.0
20220619:0511,45.89,18.22,1.73,0.97,0.0
20220619:0611,159.18,25.27,3.34,0.83,0.0
20220619:0711,334.26,32.39,4.49,0.9,0.0
20220619:0811,759.57,39.19,5.27,1.03,0.0
20220619:0911,895.35,45.14,6.55,0.83,0.0
20220619:1011,988.99,49.58,7.54,0.41,0.0
20220619:1111,997.24,51.78,8.31,0.34,0.0
20220619:1211,958.34,51.29,9.14,0.62,0.0
20220619:1311,948.9,48.21,9.71,0.62,0.0
20220619:1411,869.78,43.14,10.27,0.9,0.0
20220619:1511,689.35,36.82,10.4,0.97,0.0
20220619:1611,327.17,29.85,10.62,0.69,0.0
20220619:1711,193.63,22.71,10.73,0.62,0.0
20220619:1811,77.4,15.78,10.79,0.62,0.0
20220619:1911,53.38,9.38,9.16,0.69,0.0
20220619:2011,16.9,3.83,8.92,0.55,0.0
20220619:2111,0.0,0.0,8.29,0.48,0.0
20220619:2211,0.0,0.0,7.42,0.55,0.0
20220619:2311,0.0,0.0,6.55,0.76,0.0
20220620:0011,0.0,0.0,5.68,0.9,0.0
20220620:0111,0.0,0.0,4.98,1.03,0.0
20220620:0211,0.0,0.0,4.29,1.03,0.0
20220620:0311,24.91,5.7,3.82,1.03,0.0
20220620:0411,53.38,11.58,3.87,0.9,0.0
20220620:0511,147.07,18.21,5.85,0.48,0.0
20220620:0611,294.66,25.25,7.44,0.48,0.0
20220620:0711,468.01,32.38,7.87,1.1,0.0
20220620:0811,759.23,39.18,7.94,1.38,0.0
20220620:0911,923.84,45.13,8.23,1.59,0.0
20220620:1011,1039.69,49.58,8.56,1.79,0.0
20220620:1111,1093.06,51.79,8.92,1.93,0.0
20220620:1211,1080.87,51.31,9.32,1.93,0.0
20220620:1311,1004.78,48.23,9.38,2.14,0.0
20220620:1411,869.83,43.17,9.24,2.28,0.0
20220620:1511,683.85,36.85,9.03,2.34,0.0
20220620:1611,459.31,29.88,8.87,2.28,0.0
20220620:1711,259.12,22.74,8.6,2.14,0.0
20220620:1811,58.72,15.81,8.68,1.86,0.0
20220620:1911,57.83,9.41,8.51,1.66,0.0
20220620:2011,18.68,3.86,8.84,1.45,0.0
20220620:2111,0.0,0.0,8.47,1.24,0.0
20220620:2211,0.0,0.0,7.88,1.17,0.0
20220620:2311,0.0,0.0,7.41,1.24,0.0
20220621:0011,0.0,0.0,7.03,1.24,0.0
20220621:0111,0.0,0.0,6.49,1.24,0.0
20220621:0211,0.0,0.0,6.2,1.03,0.0
20220621:0311,5.34,5.68,5.65,1.03,0.0
20220621:0411,12.46,11.56,5.34,1.1,0.0
20220621:0511,22.48,18.19,4.8,1.17,0.0
20220621:0611,163.56,25.23,4.45,1.24,0.0
20220621:0711,147.98,32.36,4.24,1.52,0.0
20220621:0811,289.14,39.16,4.26,1.59,0.0
20220621:0911,413.28,45.12,4.48,1.79,0.0
20220621:1011,303.87,49.57,4.69,1.79,0.0
20220621:1111,323.89,51.79,5.0,1.72,0.0
20220621:1211,250.52,51.32,5.12,1.59,0.0
20220621:1311,238.31,48.25,5.32,1.59,0.0
20220621:1411,274.83,43.2,5.44,1.52,0.0
20220621:1511,240.72,36.88,6.15,1.31,0.0
20220621:1611,184.89,29.91,6.61,1.24,0.0
20220621:1711,143.22,22.77,6.74,1.24,0.0
20220621:1811,81.85,15.84,6.66,1.17,0.0
20220621:1911,9.79,9.44,6.55,1.03,0.0
20220621:2011,18.68,3.88,6.63,0.9,0.0
20220621:2111,0.0,0.0,6.41,0.76,0.0
20220621:2211,0.0,0.0,6.29,0.69,0.0
20220621:2311,0.0,0.0,6.13,0.62,0.0
20220622:0011,0.0,0.0,5.9,0.62,0.0
20220622:0111,0.0,0.0,5.83,0.76,0.0
20220622:0211,0.0,0.0,5.7,0.76,0.0
20220622:0311,11.57,5.66,5.62,0.76,0.0
20220622:0411,12.46,11.54,5.47,1.03,0.0
20220622:0511,22.48,18.16,5.71,1.17,0.0
20220622:0611,139.12,25.2,4.98,1.38,0.0
20220622:0711,441.63,32.33,4.71,1.72,0.0
20220622:0811,744.89,39.14,4.61,1.86,0.0
20220622:0911,726.15,45.1,4.72,2.07,0.0
20220622:1011,755.94,49.56,5.05,2.21,0.0
20220622:1111,779.68,51.79,5.56,2.07,0.0
20220622:1211,356.07,51.32,5.98,2.34,0.0
20220622:1311,571.77,48.27,6.25,2.83,0.0
20220622:1411,500.44,43.22,6.43,2.97,0.0
20220622:1511,401.87,36.9,5.98,2.83,0.0
20220622:1611,133.93,29.94,5.43,2.62,0.0
20220622:1711,77.74,22.8,4.93,2.41,0.0
20220622:1811,19.57,15.86,4.82,2.21,0.0
20220622:1911,32.03,9.46,4.84,1.93,0.0
20220622:2011,2.67,3.9,4.56,2.0,0.0
20220622:2111,0.0,0.0,4.58,1.79,0.0
20220622:2211,0.0,0.0,4.41,1.79,0.0
20220622:2311,0.0,0.0,4.12,1.86,0.0
20220623:0011,0.0,0.0,4.5,1.66,0.0
20220623:0111,0.0,0.0,4.67,1.59,0.0
20220623:0211,0.0,0.0,4.28,1.72,0.0
20220623:0311,6.23,5.64,4.37,1.66,0.0
20220623:0411,37.37,11.51,4.5,1.59,0.0
20220623:0511,102.37,18.13,4.73,1.59,0.0
20220623:0611,146.47,25.17,4.9,1.59,0.0
20220623:0711,328.35,32.3,6.04,1.38,0.0
20220623:0811,558.98,39.11,6.67,1.38,0.0
20220623:0911,380.04,45.07,6.14,2.14,0.0
20220623:1011,534.1,49.54,7.71,1.93,0.0
20220623:1111,546.29,51.78,8.6,2.21,0.0
20220623:1211,502.26,51.32,9.1,2.55,0.0
20220623:1311,462.85,48.27,9.69,2.97,0.0
20220623:1411,461.48,43.23,9.72,2.69,0.0
20220623:1511,411.53,36.92,9.84,2.48,0.0
20220623:1611,339.93,29.96,10.13,2.34,0.0
20220623:1711,230.94,22.81,11.61,1.79,0.0
20220623:1811,100.53,15.88,13.18,1.24,0.0
20220623:1911,37.37,9.47,12.66,1.1,0.0
20220623:2011,19.57,3.91,12.39,0.55,0.0
20220623:2111,0.0,0.0,12.01,0.34,0.0
20220623:2211,0.0,0.0,11.63,0.41,0.0
20220623:2311,0.0,0.0,11.22,0.34,0.0
20220624:0011,0.0,0.0,10.68,0.55,0.0
20220624:0111,0.0,0.0,9.75,0.62,0.0
20220624:0211,0.0,0.0,9.24,0.76,0.0
20220624:0311,5.34,5.6,8.66,0.97,0.0
20220624:0411,62.28,11.48,8.55,0.97,0.0
20220624:0511,136.71,18.09,9.76,0.69,0.0
20220624:0611,313.44,25.13,11.7,0.62,0.0
20220624:0711,507.0,32.26,12.67,0.69,0.0
20220624:0811,742.37,39.07,13.84,0.9,0.0
20220624:0911,906.04,45.04,15.03,0.83,0.0
20220624:1011,1016.2,49.51,16.24,0.9,0.0
20220624:1111,1045.65,51.76,17.37,1.1,0.0
20220624:1211,1058.88,51.31,18.22,1.24,0.0
20220624:1311,984.79,48.27,18.95,1.24,0.0
20220624:1411,810.7,43.24,19.63,1.38,0.0
20220624:1511,636.51,36.93,20.11,1.52,0.0
20220624:1611,328.81,29.97,20.31,1.59,0.0
20220624:1711,221.96,22.83,20.04,1.79,0.0
20220624:1811,70.28,15.89,19.77,1.72,0.0
20220624:1911,51.6,9.48,18.76,1.93,0.0
20220624:2011,2.67,3.91,17.98,2.0,0.0
20220624:2111,0.0,0.0,17.01,2.07,0.0
20220624:2211,0.0,0.0,16.4,1.52,0.0
20220624:2311,0.0,0.0,15.38,1.38,0.0
20220625:0011,0.0,0.0,14.26,1.17,0.0
20220625:0111,0.0,0.0,12.89,1.24,0.0
20220625:0211,0.0,0.0,11.87,1.31,0.0
20220625:0311,30.25,5.56,11.18,1.38,0.0
20220625:0411,58.72,11.43,11.17,1.31,0.0
20220625:0511,52.45,18.05,12.08,1.17,0.0
20220625:0611,61.81,25.09,13.33,1.24,0.0
20220625:0711,302.35,32.22,14.19,1.66,0.0
20220625:0811,156.41,39.03,14.52,1.79,0.0
20220625:0911,218.6,45.0,13.9,1.93,0.0
20220625:1011,274.81,49.48,11.16,2.76,0.0
20220625:1111,595.12,51.73,11.77,2.76,0.0
20220625:1211,338.54,51.29,14.52,1.86,0.0
20220625:1311,116.13,48.26,15.12,1.86,0.0
20220625:1411,293.13,43.24,16.43,1.59,0.0
20220625:1511,316.97,36.93,16.6,1.45,0.0
20220625:1611,51.51,29.97,16.91,1.38,0.0
20220625:1711,72.12,22.83,17.02,1.17,0.0
20220625:1811,104.09,15.89,15.92,0.69,0.0
20220625:1911,19.57,9.48,16.46,0.69,0.0
20220625:2011,5.34,3.91,16.02,0.83,0.0
20220625:2111,0.0,0.0,15.46,0.97,0.0
20220625:2211,0.0,0.0,14.81,0.9,0.0
20220625:2311,0.0,0.0,14.06,0.97,0.0
20220626:0011,0.0,0.0,13.33,1.03,0.0
20220626:0111,0.0,0.0,12.8,1.17,0.0
20220626:0211,0.0,0.0,12.28,1.24,0.0
20220626:0311,4.45,5.52,11.79,1.17,0.0
20220626:0411,15.12,11.39,11.54,1.24,0.0
20220626:0511,132.96,18.0,12.42,1.1,0.0
20220626:0611,211.09,25.04,13.68,1.1,0.0
20220626:0711,366.13,32.17,14.34,1.38,0.0
20220626:0811,716.62,38.98,14.88,1.72,0.0
20220626:0911,699.02,44.96,13.84,2.0,0.0
20220626:1011,939.4,49.43,14.24,2.0,0.0
20220626:1111,730.65,51.7,13.47,2.21,0.0
20220626:1211,222.9,51.27,14.13,2.07,0.0
20220626:1311,327.61,48.25,13.61,2.28,0.0
20220626:1411,115.2,43.23,14.79,1.93,0.0
20220626:1511,78.67,36.93,13.41,2.07,0.0
20220626:1611,161.2,29.97,15.26,1.45,0.0
20220626:1711,111.19,22.83,15.22,1.24,0.0
20220626:1811,19.57,15.89,15.08,1.31,0.0
20220626:1911,11.57,9.47,14.04,1.03,0.0
20220626:2011,2.67,3.9,13.81,0.9,0.0
20220626:2111,0.0,0.0,13.68,0.97,0.0
20220626:2211,0.0,0.0,13.26,1.03,0.0
20220626:2311,0.0,0.0,12.87,1.1,0.0
20220627:0011,0.0,0.0,12.52,1.1,0.0
20220627:0111,0.0,0.0,12.42,1.17,0.0
20220627:0211,0.0,0.0,12.23,1.03,0.0
20220627:0311,4.45,5.47,12.19,0.9,0.0
20220627:0411,14.23,11.33,12.25,0.97,0.0
20220627:0511,21.54,17.94,12.42,0.97,0.0
20220627:0611,75.86,24.98,12.48,0.83,0.0
20220627:0711,78.67,32.11,13.48,1.38,0.0
20220627:0811,154.53,38.93,12.35,0.76,0.0
20220627:0911,126.44,44.9,12.5,0.9,0.0
20220627:1011,180.76,49.39,12.22,0.97,0.0
20220627:1111,200.43,51.66,11.92,0.97,0.0
20220627:1211,118.94,51.24,12.23,1.17,0.0
20220627:1311,440.85,48.23,12.75,1.03,0.0
20220627:1411,440.82,43.22,13.4,0.9,0.0
20220627:1511,257.4,36.92,12.95,0.48,0.0
20220627:1611,175.44,29.97,12.44,0.0,0.0
20220627:1711,50.57,22.82,12.36,0.28,0.0
20220627:1811,17.79,15.88,12.58,0.34,0.0
20220627:1911,10.68,9.46,12.36,0.41,0.0
20220627:2011,2.67,3.88,12.19,0.21,0.0
20220627:2111,0.0,0.0,11.92,0.28,0.0
20220627:2211,0.0,0.0,11.58,0.62,0.0
20220627:2311,0.0,0.0,11.26,0.48,0.0
20220628:0011,0.0,0.0,10.76,0.62,0.0
20220628:0111,0.0,0.0,10.38,0.69,0.0
20220628:0211,0.0,0.0,9.93,0.83,0.0
20220628:0311,4.45,5.41,9.49,1.03,0.0
20220628:0411,11.57,11.27,8.94,1.17,0.0
20220628:0511,30.91,17.88,8.79,1.1,0.0
20220628:0611,0.0,0.0,8.42,0.69,0.0
20220628:0711,0.0,0.0,8.87,0.69,0.0
20220628:0811,0.0,0.0,8.75,0.9,0.0
20220628:0911,387.53,44.85,9.34,0.83,0.0
20220628:1011,197.62,49.34,9.7,1.03,0.0
20220628:1111,197.62,51.61,9.9,0.97,0.0
20220628:1211,266.46,51.21,10.14,1.03,0.0
20220628:1311,225.2,48.2,10.57,1.24,0.0
20220628:1411,418.76,43.2,10.38,1.17,0.0
20220628:1511,226.85,36.91,10.39,1.38,0.0
20220628:1611,375.28,29.95,10.75,1.17,0.0
20220628:1711,264.3,22.81,10.71,1.17,0.0
20220628:1811,57.83,15.86,10.81,0.97,0.0
20220628:1911,56.05,9.44,10.13,1.24,0.0
20220628:2011,17.79,3.86,9.79,0.48,0.0
20220628:2111,0.0,0.0,9.17,0.21,0.0
20220628:2211,0.0,0.0,8.52,0.48,0.0
20220628:2311,0.0,0.0,6.44,1.03,0.0
20220629:0011,0.0,0.0,5.35,1.17,0.0
20220629:0111,0.0,0.0,2.06,1.38,0.0
20220629:0211,0.0,0.0,0.98,1.45,0.0
20220629:0311,23.13,5.34,1.01,1.52,0.0
20220629:0411,41.81,11.21,1.9,1.66,0.0
20220629:0511,0.0,0.0,2.66,1.66,0.0
20220629:0611,0.0,0.0,4.5,1.59,0.0
20220629:0711,0.0,0.0,8.62,1.24,0.0
20220629:0811,708.25,38.8,10.6,1.1,0.0
20220629:0911,865.08,44.78,12.15,1.03,0.0
20220629:1011,974.84,49.28,13.29,1.03,0.0
20220629:1111,1027.51,51.56,14.42,0.9,0.0
20220629:1211,1070.75,51.16,15.3,0.83,0.0
20220629:1311,996.65,48.17,16.1,0.76,0.0
20220629:1411,864.99,43.17,16.71,0.83,0.0
20220629:1511,655.57,36.89,17.24,0.9,0.0
20220629:1611,482.05,29.93,17.55,0.62,0.0
20220629:1711,265.03,22.79,17.59,0.62,0.0
20220629:1811,59.61,15.84,17.43,0.69,0.0
20220629:1911,34.7,9.42,16.97,0.69,0.0
20220629:2011,5.34,3.83,16.79,1.1,0.0
20220629:2111,0.0,0.0,16.15,1.24,0.0
20220629:2211,0.0,0.0,15.29,0.9,0.0
20220629:2311,0.0,0.0,14.06,0.76,0.0
20220630:0011,0.0,0.0,12.84,0.97,0.0
20220630:0111,0.0,0.0,11.52,1.03,0.0
20220630:0211,0.0,0.0,10.58,1.1,0.0
20220630:0311,23.13,5.27,9.75,1.24,0.0
20220630:0411,43.59,11.14,9.45,1.31,0.0
20220630:0511,127.83,17.75,10.88,1.1,0.0
20220630:0611,328.56,24.79,12.89,1.03,0.0
20220630:0711,518.15,31.92,13.6,1.17,0.0
20220630:0811,709.89,38.73,13.9,1.31,0.0
20220630:0911,861.81,44.71,12.79,1.72,0.0
20220630:1011,965.74,49.21,14.39,1.66,0.0
20220630:1111,1030.0,51.5,16.05,1.45,0.0
20220630:1211,1021.17,51.11,16.46,1.52,0.0
20220630:1311,951.1,48.13,17.31,1.45,0.0
20220630:1411,816.52,43.14,17.78,1.31,0.0
20220630:1511,657.5,36.86,18.23,1.45,0.0
20220630:1611,478.96,29.91,18.34,1.52,0.0
20220630:1711,262.91,22.77,18.26,1.24,0.0
20220630:1811,59.61,15.82,17.97,1.1,0.0
20220630:1911,40.04,9.39,17.03,0.83,0.0
20220630:2011,17.79,3.79,17.23,1.1,0.0
20220630:2111,0.0,0.0,16.63,1.1,0.0
20220630:2211,0.0,0.0,15.68,1.1,0.0
20220630:2311,0.0,0.0,14.88,1.1,0.0
20220701:0011,0.0,0.0,14.06,1.1,0.0
20220701:0111,0.0,0.0,13.29,1.24,0.0
20220701:0211,0.0,0.0,12.56,1.31,0.0
20220701:0311,17.79,5.2,11.99,1.38,0.0
20220701:0411,46.26,11.06,11.9,1.31,0.0
20220701:0511,128.98,17.67,12.56,1.1,0.0
20220701:0611,253.76,24.71,13.62,1.03,0.0
20220701:0711,273.31,31.84,15.21,1.17,0.0
20220701:0811,537.38,38.65,15.86,1.45,0.0
20220701:0911,861.04,44.64,16.26,1.17,0.0
20220701:1011,676.55,49.14,16.94,1.1,0.0
20220701:1111,280.58,51.44,17.64,1.1,0.0
20220701:1211,506.38,51.06,17.71,1.17,0.0
20220701:1311,61.81,48.08,18.48,1.31,0.0
20220701:1411,146.1,43.1,18.87,1.1,0.0
20220701:1511,317.92,36.83,18.55,1.17,0.0
20220701:1611,199.42,29.88,17.59,1.72,0.0
20220701:1711,176.55,22.74,17.02,1.38,0.0
20220701:1811,102.31,15.78,16.18,1.24,0.0
20220701:1911,8.9,9.35,14.85,1.17,0.0
20220701:2011,2.67,3.75,14.35,1.24,0.0
20220701:2111,0.0,0.0,13.27,1.1,0.0
20220701:2211,0.0,0.0,12.84,1.17,0.0
20220701:2311,0.0,0.0,12.65,1.17,0.0
20220702:0011,0.0,0.0,12.02,1.31,0.0
20220702:0111,0.0,0.0,12.16,1.24,0.0
20220702:0211,0.0,0.0,12.61,0.97,0.0
20220702:0311,4.45,5.12,11.61,0.9,0.0
20220702:0411,11.57,10.98,10.2,1.38,0.0
20220702:0511,21.54,17.59,10.13,1.79,0.0
20220702:0611,63.69,24.63,9.45,1.59,0.0
20220702:0711,104.9,31.76,9.7,1.45,0.0
20220702:0811,110.52,38.57,9.63,1.38,0.0
20220702:0911,424.97,44.56,9.51,1.45,0.0
20220702:1011,624.62,49.06,9.25,1.45,0.0
20220702:1111,322.61,51.36,9.35,1.24,0.0
20220702:1211,245.85,50.99,9.35,1.17,0.0
20220702:1311,179.82,48.03,10.09,2.0,0.0
20220702:1411,146.1,43.05,10.48,2.21,0.0
20220702:1511,166.71,36.79,10.8,2.28,0.0
20220702:1611,317.31,29.84,11.03,1.93,0.0
20220702:1711,183.43,22.7,11.09,1.31,0.0
20220702:1811,86.3,15.74,11.09,1.03,0.0
20220702:1911,49.82,9.31,9.52,1.1,0.0
20220702:2011,13.35,3.7,9.22,0.76,0.0
20220702:2111,0.0,0.0,8.82,0.62,0.0
20220702:2211,0.0,0.0,8.48,0.83,0.0
20220702:2311,0.0,0.0,7.91,0.97,0.0
20220703:0011,0.0,0.0,7.39,1.1,0.0
20220703:0111,0.0,0.0,7.07,1.1,0.0
20220703:0211,0.0,0.0,6.78,1.1,0.0
20220703:0311,4.45,5.03,6.56,0.83,0.0
20220703:0411,67.62,10.89,6.51,0.83,0.0
20220703:0511,120.47,17.5,6.95,1.17,0.0
20220703:0611,122.54,24.54,7.77,1.59,0.0
20220703:0711,86.16,31.67,8.04,1.59,0.0
20220703:0811,166.71,38.48,8.92,2.07,0.0
20220703:0911,148.91,44.47,9.54,1.79,0.0
20220703:1011,169.52,48.97,9.99,1.59,0.0
20220703:1111,184.5,51.28,9.49,2.0,0.0
20220703:1211,256.63,50.92,9.53,2.14,0.0
20220703:1311,248.14,47.97,9.36,2.21,0.0
20220703:1411,157.34,43.0,9.79,2.41,0.0
20220703:1511,252.33,36.74,9.6,2.41,0.0
20220703:1611,170.74,29.8,9.41,2.0,0.0
20220703:1711,50.57,22.66,8.81,2.14,0.0
20220703:1811,61.39,15.7,8.07,1.59,0.0
20220703:1911,10.68,9.26,7.45,1.24,0.0
20220703:2011,16.9,3.65,7.06,0.83,0.0
20220703:2111,0.0,0.0,6.56,0.55,0.0
20220703:2211,0.0,0.0,6.55,0.28,0.0
20220703:2311,0.0,0.0,6.18,0.28,0.0
20220704:0011,0.0,0.0,5.72,0.55,0.0
20220704:0111,0.0,0.0,5.27,0.62,0.0
20220704:0211,0.0,0.0,4.78,0.83,0.0
20220704:0311,4.45,4.94,4.52,0.9,0.0
20220704:0411,12.46,10.8,4.53,0.83,0.0
20220704:0511,21.54,17.41,5.43,0.69,0.0
20220704:0611,223.44,24.45,6.77,0.69,0.0
20220704:0711,365.73,31.58,6.58,1.17,0.0
20220704:0811,208.81,38.39,7.6,1.1,0.0
20220704:0911,202.3,44.38,8.51,0.83,0.0
20220704:1011,308.7,48.88,9.13,0.55,0.0
20220704:1111,470.66,51.2,8.94,0.55,0.0
20220704:1211,527.97,50.84,8.99,1.1,0.0
20220704:1311,265.43,47.9,8.58,1.31,0.0
20220704:1411,377.35,42.94,8.35,1.45,0.0
20220704:1511,253.3,36.69,8.59,1.38,0.0
20220704:1611,168.8,29.75,7.96,1.1,0.0
20220704:1711,92.72,22.61,7.46,1.1,0.0
20220704:1811,40.04,15.65,7.33,1.1,0.0
20220704:1911,32.03,9.2,6.49,1.45,0.0
20220704:2011,2.67,3.58,5.83,1.31,0.0
20220704:2111,0.0,0.0,4.86,1.17,0.0
20220704:2211,0.0,0.0,3.95,0.97,0.0
20220704:2311,0.0,0.0,3.83,0.9,0.0
20220705:0011,0.0,0.0,3.77,0.69,0.0
20220705:0111,0.0,0.0,3.59,0.62,0.0
20220705:0211,0.0,0.0,3.29,0.55,0.0
20220705:0311,13.35,4.84,3.22,0.62,0.0
20220705:0411,11.57,10.7,2.95,0.83,0.0
20220705:0511,36.53,17.31,3.66,1.31,0.0
20220705:0611,167.71,24.35,4.03,1.59,0.0
20220705:0711,223.32,31.48,4.69,1.93,0.0
20220705:0811,272.98,38.29,5.31,1.93,0.0
20220705:0911,240.03,44.28,6.18,2.07,0.0
20220705:1011,177.95,48.79,6.4,2.0,0.0
20220705:1111,185.44,51.1,7.13,2.21,0.0
20220705:1211,266.49,50.76,7.55,2.48,0.0
20220705:1311,206.05,47.83,7.26,2.34,0.0
20220705:1411,211.1,42.88,7.13,2.48,0.0
20220705:1511,230.72,36.63,6.69,2.55,0.0
20220705:1611,87.1,29.69,6.18,2.28,0.0
20220705:1711,82.42,22.55,5.54,2.28,0.0
20220705:1811,38.26,15.59,4.78,2.14,0.0
20220705:1911,8.9,9.14,4.33,1.79,0.0
20220705:2011,2.67,3.52,3.77,1.66,0.0
20220705:2111,0.0,0.0,3.44,1.59,0.0
20220705:2211,0.0,0.0,3.0,1.52,0.0
20220705:2311,0.0,0.0,2.82,1.38,0.0
20220706:0011,0.0,0.0,2.7,1.45,0.0
20220706:0111,0.0,0.0,2.59,1.38,0.0
20220706:0211,0.0,0.0,2.5,1.52,0.0
20220706:0311,3.56,4.74,2.27,1.38,0.0
20220706:0411,10.68,10.6,2.39,1.72,0.0
20220706:0511,24.35,17.21,2.39,2.14,0.0
20220706:0611,67.43,24.25,2.87,2.21,0.0
20220706:0711,130.18,31.38,3.42,2.48,0.0
20220706:0811,209.76,38.19,3.9,2.55,0.0
20220706:0911,226.51,44.18,4.08,2.41,0.0
20220706:1011,94.59,48.68,4.2,2.21,0.0
20220706:1111,132.06,51.01,4.28,2.0,0.0
20220706:1211,159.22,50.67,4.65,1.86,0.0
20220706:1311,200.43,47.75,4.68,1.66,0.0
20220706:1411,157.34,42.81,4.61,1.1,0.0
20220706:1511,149.85,36.56,4.94,1.1,0.0
20220706:1611,73.05,29.63,5.03,0.83,0.0
20220706:1711,55.26,22.49,5.2,0.83,0.0
20220706:1811,32.03,15.52,5.19,0.76,0.0
20220706:1911,8.9,9.07,4.79,0.55,0.0
20220706:2011,2.67,3.44,4.79,0.69,0.0
20220706:2111,0.0,0.0,4.73,0.9,0.0
20220706:2211,0.0,0.0,4.67,1.03,0.0
20220706:2311,0.0,0.0,4.7,1.03,0.0
20220707:0011,0.0,0.0,4.81,1.1,0.0
20220707:0111,0.0,0.0,4.73,1.17,0.0
20220707:0211,0.0,0.0,4.34,1.24,0.0
20220707:0311,3.56,4.63,4.1,1.1,0.0
20220707:0411,10.68,10.49,4.04,1.1,0.0
20220707:0511,39.34,17.1,4.31,1.17,0.0
20220707:0611,160.52,24.14,4.3,1.59,0.0
20220707:0711,309.96,31.27,4.7,1.79,0.0
20220707:0811,388.21,38.08,5.08,1.93,0.0
20220707:0911,390.11,44.07,5.7,2.07,0.0
20220707:1011,147.04,48.57,6.75,2.0,0.0
20220707:1111,470.21,50.9,7.23,1.86,0.0
20220707:1211,472.94,50.57,7.94,2.0,0.0
20220707:1311,530.2,47.66,8.46,2.0,0.0
20220707:1411,199.49,42.73,8.8,2.0,0.0
20220707:1511,307.79,36.49,9.02,2.28,0.0
20220707:1611,320.51,29.56,8.96,2.34,0.0
20220707:1711,114.95,22.42,8.27,2.21,0.0
20220707:1811,55.16,15.45,7.55,1.93,0.0
20220707:1911,8.9,8.99,6.26,1.79,0.0
20220707:2011,2.67,3.36,5.57,1.59,0.0
20220707:2111,0.0,0.0,5.0,1.59,0.0
20220707:2211,0.0,0.0,4.53,1.45,0.0
20220707:2311,0.0,0.0,4.07,1.31,0.0
20220708:0011,0.0,0.0,3.85,1.38,0.0
20220708:0111,0.0,0.0,3.85,1.38,0.0
20220708:0211,0.0,0.0,3.67,1.31,0.0
20220708:0311,3.56,4.51,3.66,1.24,0.0
20220708:0411,10.68,10.37,3.87,1.1,0.0
20220708:0511,79.89,16.98,4.13,1.1,0.0
20220708:0611,218.31,24.03,4.19,1.24,0.0
20220708:0711,448.03,31.16,5.08,1.72,0.0
20220708:0811,360.34,37.97,5.55,1.86,0.0
20220708:0911,428.29,43.95,6.83,2.21,0.0
20220708:1011,437.81,48.46,7.49,2.62,0.0
20220708:1111,541.19,50.79,7.6,2.69,0.0
20220708:1211,561.39,50.47,8.22,2.9,0.0
20220708:1311,272.51,47.57,8.39,2.9,0.0
20220708:1411,217.11,42.65,8.22,2.76,0.0
20220708:1511,158.28,36.41,8.1,2.83,0.0
20220708:1611,105.83,29.49,8.12,2.9,0.0
20220708:1711,119.39,22.34,7.66,2.83,0.0
20220708:1811,73.84,15.37,6.86,2.62,0.0
20220708:1911,8.9,8.91,6.06,2.34,0.0
20220708:2011,2.67,3.27,5.4,2.34,0.0
20220708:2111,0.0,0.0,4.96,1.93,0.0
20220708:2211,0.0,0.0,4.56,1.45,0.0
20220708:2311,0.0,0.0,4.46,1.66,0.0
20220709:0011,0.0,0.0,3.95,1.59,0.0
20220709:0111,0.0,0.0,3.48,1.79,0.0
20220709:0211,0.0,0.0,3.23,1.79,0.0
20220709:0311,3.56,4.39,2.92,1.45,0.0
20220709:0411,10.68,10.26,2.62,1.59,0.0
20220709:0511,32.78,16.87,2.4,2.14,0.0
20220709:0611,218.96,23.91,2.26,2.21,0.0
20220709:0711,256.09,31.04,3.1,2.14,0.0
20220709:0811,259.6,37.85,3.57,2.07,0.0
20220709:0911,186.38,43.83,4.16,2.28,0.0
20220709:1011,180.76,48.34,3.89,2.21,0.0
20220709:1111,160.15,50.67,4.42,2.21,0.0
20220709:1211,171.39,50.36,3.89,2.28,0.0
20220709:1311,260.33,47.47,4.08,2.28,0.0
20220709:1411,202.68,42.55,4.26,2.07,0.0
20220709:1511,232.03,36.33,4.18,2.0,0.0
20220709:1611,191.87,29.4,4.28,1.86,0.0
20220709:1711,96.47,22.26,4.24,1.72,0.0
20220709:1811,76.51,15.29,4.26,1.66,0.0
20220709:1911,17.79,8.82,4.11,1.66,0.0
20220709:2011,2.67,3.18,3.87,1.59,0.0
20220709:2111,0.0,0.0,3.88,1.52,0.0
20220709:2211,0.0,0.0,3.81,1.52,0.0
20220709:2311,0.0,0.0,3.77,1.45,0.0
20220710:0011,0.0,0.0,3.68,1.31,0.0
20220710:0111,0.0,0.0,3.64,1.17,0.0
20220710:0211,0.0,0.0,3.55,1.03,0.0
20220710:0311,3.56,4.27,3.51,1.1,0.0
20220710:0411,16.9,10.13,3.55,1.31,0.0
20220710:0511,127.99,16.74,3.55,1.38,0.0
20220710:0611,245.97,23.79,3.9,1.31,0.0
20220710:0711,385.84,30.92,4.91,1.38,0.0
20220710:0811,695.35,37.72,5.92,1.31,0.0
20220710:0911,726.13,43.7,6.5,1.1,0.0
20220710:1011,933.5,48.21,7.11,1.1,0.0
20220710:1111,1021.57,50.55,8.08,0.97,0.0
20220710:1211,1020.39,50.24,8.97,0.97,0.0
20220710:1311,926.76,47.36,10.1,1.38,0.0
20220710:1411,841.34,42.46,10.59,1.52,0.0
20220710:1511,645.87,36.24,10.92,1.38,0.0
20220710:1611,312.12,29.32,11.1,1.59,0.0
20220710:1711,192.06,22.18,11.05,1.72,0.0
20220710:1811,78.29,15.2,10.55,1.38,0.0
20220710:1911,42.7,8.73,9.22,0.9,0.0
20220710:2011,14.23,3.08,8.74,0.83,0.0
20220710:2111,0.0,0.0,7.88,0.83,0.0
20220710:2211,0.0,0.0,8.12,0.55,0.0
20220710:2311,0.0,0.0,7.9,0.41,0.0
20220711:0011,0.0,0.0,7.62,0.34,0.0
20220711:0111,0.0,0.0,7.64,0.34,0.0
20220711:0211,0.0,0.0,7.37,0.34,0.0
20220711:0311,3.56,4.14,7.26,0.48,0.0
20220711:0411,9.79,10.0,7.22,0.48,0.0
20220711:0511,35.59,16.62,7.16,0.55,0.0
20220711:0611,235.71,23.66,8.05,0.69,0.0
20220711:0711,323.66,30.79,8.08,0.97,0.0
20220711:0811,649.25,37.6,8.64,1.03,0.0
20220711:0911,645.96,43.57,9.45,1.1,0.0
20220711:1011,465.04,48.08,10.02,1.24,0.0
20220711:1111,699.62,50.42,11.03,1.45,0.0
20220711:1211,767.79,50.12,11.85,1.45,0.0
20220711:1311,870.19,47.25,12.35,1.45,0.0
20220711:1411,643.85,42.35,13.03,1.38,0.0
20220711:1511,628.1,36.14,13.21,1.45,0.0
20220711:1611,393.02,29.22,13.13,1.52,0.0
20220711:1711,216.42,22.08,13.05,1.24,0.0
20220711:1811,62.28,15.1,12.77,1.1,0.0
20220711:1911,36.48,8.63,12.8,0.62,0.0
20220711:2011,13.35,2.97,12.11,0.48,0.0
20220711:2111,0.0,0.0,11.6,0.62,0.0
20220711:2211,0.0,0.0,10.64,0.9,0.0
20220711:2311,0.0,0.0,9.84,1.03,0.0
20220712:0011,0.0,0.0,9.15,1.1,0.0
20220712:0111,0.0,0.0,8.24,1.24,0.0
20220712:0211,0.0,0.0,7.72,1.31,0.0
20220712:0311,2.67,4.0,7.39,1.31,0.0
20220712:0411,9.79,9.87,7.1,1.24,0.0
20220712:0511,36.53,16.48,8.67,0.97,0.0
20220712:0611,287.34,23.53,10.65,0.9,0.0
20220712:0711,94.59,30.66,12.18,0.9,0.0
20220712:0811,270.79,37.46,13.32,1.1,0.0
20220712:0911,383.62,43.44,14.02,1.52,0.0
20220712:1011,129.25,47.94,14.14,1.86,0.0
20220712:1111,102.09,50.28,13.63,1.52,0.0
20220712:1211,122.69,49.99,13.41,1.24,0.0
20220712:1311,84.29,47.13,13.36,1.24,0.0
20220712:1411,91.78,42.24,13.09,1.52,0.0
20220712:1511,169.52,36.04,13.04,1.79,0.0
20220712:1611,198.92,29.12,12.89,1.59,0.0
20220712:1711,28.1,21.98,12.33,1.52,0.0
20220712:1811,16.9,15.0,11.58,1.52,0.0
20220712:1911,28.47,8.52,10.85,1.45,0.0
20220712:2011,1.78,2.86,10.41,1.17,0.0
20220712:2111,0.0,0.0,9.26,1.1,0.0
20220712:2211,0.0,0.0,8.71,1.17,0.0
20220712:2311,0.0,0.0,8.04,1.31,0.0
20220713:0011,0.0,0.0,8.08,1.31,0.0
20220713:0111,0.0,0.0,7.66,1.38,0.0
20220713:0211,0.0,0.0,6.31,1.24,0.0
20220713:0311,2.67,3.86,5.63,1.1,0.0
20220713:0411,9.79,9.73,5.52,0.97,0.0
20220713:0511,44.96,16.35,6.02,1.24,0.0
20220713:0611,277.59,23.39,6.21,1.31,0.0
20220713:0711,427.48,30.52,6.05,1.52,0.0
20220713:0811,555.52,37.32,6.28,1.79,0.0
20220713:0911,560.11,43.3,7.24,2.28,0.0
20220713:1011,577.33,47.8,7.59,2.55,0.0
20220713:1111,522.72,50.14,7.39,2.34,0.0
20220713:1211,459.63,49.85,7.83,2.62,0.0
20220713:1311,484.27,47.0,7.53,2.62,0.0
20220713:1411,396.3,42.13,6.95,2.48,0.0
20220713:1511,218.11,35.93,6.83,2.9,0.0
20220713:1611,276.44,29.02,6.4,2.48,0.0
20220713:1711,135.32,21.88,6.42,2.21,0.0
20220713:1811,40.04,14.89,6.06,1.79,0.0
20220713:1911,24.02,8.41,6.09,1.72,0.0
20220713:2011,1.78,2.74,5.7,1.66,0.0
20220713:2111,0.0,0.0,5.48,1.66,0.0
20220713:2211,0.0,0.0,5.15,1.59,0.0
20220713:2311,0.0,0.0,4.94,1.45,0.0
20220714:0011,0.0,0.0,4.71,1.45,0.0
20220714:0111,0.0,0.0,4.44,1.1,0.0
20220714:0211,0.0,0.0,4.26,1.17,0.0
20220714:0311,2.67,3.71,4.28,1.1,0.0
20220714:0411,9.79,9.59,4.29,1.17,0.0
20220714:0511,19.67,16.21,4.56,1.17,0.0
20220714:0611,43.08,23.25,4.89,1.38,0.0
20220714:0711,184.48,30.38,5.52,1.52,0.0
20220714:0811,203.25,37.18,6.22,1.59,0.0
20220714:0911,510.01,43.15,6.45,1.59,0.0
20220714:1011,647.34,47.65,6.47,1.66,0.0
20220714:1111,197.62,49.99,6.91,1.93,0.0
20220714:1211,663.86,49.71,7.18,1.79,0.0
20220714:1311,508.84,46.87,6.99,1.86,0.0
20220714:1411,790.06,42.0,7.68,1.79,0.0
20220714:1511,418.84,35.81,7.14,1.72,0.0
20220714:1611,246.89,28.9,7.0,1.72,0.0
20220714:1711,217.72,21.76,5.99,1.79,0.0
20220714:1811,96.98,14.78,5.75,1.52,0.0
20220714:1911,10.68,8.29,5.2,1.66,0.0
20220714:2011,1.78,2.61,4.68,1.45,0.0
20220714:2111,0.0,0.0,3.93,1.45,0.0
20220714:2211,0.0,0.0,2.93,1.45,0.0
20220714:2311,0.0,0.0,2.66,1.45,0.0
20220715:0011,0.0,0.0,2.41,1.45,0.0
20220715:0111,0.0,0.0,2.02,1.38,0.0
20220715:0211,0.0,0.0,1.59,1.31,0.0
20220715:0311,17.79,3.56,1.23,1.38,0.0
20220715:0411,57.83,9.44,1.93,1.59,0.0
20220715:0511,122.55,16.06,2.07,1.52,0.0
20220715:0611,189.36,23.11,2.57,1.59,0.0
20220715:0711,325.77,30.23,3.38,1.72,0.0
20220715:0811,440.35,37.03,3.75,1.66,0.0
20220715:0911,428.98,43.0,4.07,1.66,0.0
20220715:1011,459.87,47.49,4.95,1.86,0.0
20220715:1111,717.13,49.83,5.23,1.86,0.0
20220715:1211,780.84,49.56,5.83,1.86,0.0
20220715:1311,705.56,46.73,6.27,1.86,0.0
20220715:1411,666.95,41.87,7.1,1.86,0.0
20220715:1511,516.85,35.69,7.34,1.79,0.0
20220715:1611,335.66,28.78,7.52,1.52,0.0
20220715:1711,143.07,21.64,7.49,1.52,0.0
20220715:1811,34.7,14.66,6.46,1.24,0.0
20220715:1911,38.26,8.16,5.35,1.1,0.0
20220715:2011,4.45,2.48,4.95,1.03,0.0
20220715:2111,0.0,0.0,4.65,1.03,0.0
20220715:2211,0.0,0.0,4.51,1.03,0.0
20220715:2311,0.0,0.0,3.61,1.1,0.0
20220716:0011,0.0,0.0,3.42,1.17,0.0
20220716:0111,0.0,0.0,2.91,1.17,0.0
20220716:0211,0.0,0.0,2.64,1.17,0.0
20220716:0311,2.67,3.4,2.24,1.24,0.0
20220716:0411,41.81,9.28,3.0,1.45,0.0
20220716:0511,107.82,15.91,3.2,1.38,0.0
20220716:0611,236.37,22.96,3.75,1.59,0.0
20220716:0711,480.21,30.08,4.0,1.52,0.0
20220716:0811,603.03,36.88,4.83,1.52,0.0
20220716:0911,495.25,42.84,5.46,1.72,0.0
20220716:1011,240.72,47.33,6.44,1.93,0.0
20220716:1111,459.65,49.67,7.21,2.07,0.0
20220716:1211,547.18,49.4,7.48,2.0,0.0
20220716:1311,343.88,46.58,7.88,2.0,0.0
20220716:1411,304.66,41.74,8.09,2.14,0.0
20220716:1511,384.97,35.56,7.91,1.86,0.0
20220716:1611,383.88,28.66,8.0,2.0,0.0
20220716:1711,174.45,21.52,7.84,1.72,0.0
20220716:1811,26.69,14.53,7.24,1.66,0.0
20220716:1911,37.37,8.03,6.25,1.72,0.0
20220716:2011,1.78,2.34,5.65,1.59,0.0
20220716:2111,0.0,0.0,5.12,1.45,0.0
20220716:2211,0.0,0.0,4.75,1.38,0.0
20220716:2311,0.0,0.0,4.45,1.24,0.0
20220717:0011,0.0,0.0,4.32,1.24,0.0
20220717:0111,0.0,0.0,4.35,1.31,0.0
20220717:0211,0.0,0.0,4.2,1.17,0.0
20220717:0311,2.67,3.24,4.02,1.24,0.0
20220717:0411,8.9,9.13,3.91,1.31,0.0
20220717:0511,24.35,15.75,3.91,1.24,0.0
20220717:0611,98.34,22.81,3.95,1.31,0.0
20220717:0711,181.72,29.93,3.73,1.17,0.0
20220717:0811,347.72,36.72,4.11,1.24,0.0
20220717:0911,244.76,42.68,4.39,1.24,0.0
20220717:1011,212.6,47.17,5.02,1.24,0.0
20220717:1111,280.37,49.51,5.13,1.52,0.0
20220717:1211,213.54,49.24,6.18,1.93,0.0
20220717:1311,265.17,46.43,6.51,1.93,0.0
20220717:1411,119.88,41.59,6.59,2.0,0.0
20220717:1511,156.41,35.42,6.78,2.07,0.0
20220717:1611,119.88,28.53,6.93,1.93,0.0
20220717:1711,137.73,21.39,6.93,1.79,0.0
20220717:1811,68.51,14.39,7.09,1.72,0.0
20220717:1911,13.35,7.89,6.87,1.72,0.0
20220717:2011,0.89,2.19,6.85,1.66,0.0
20220717:2111,0.0,0.0,6.8,1.59,0.0
20220717:2211,0.0,0.0,6.78,1.59,0.0
20220717:2311,0.0,0.0,6.82,1.59,0.0
20220718:0011,0.0,0.0,6.76,1.59,0.0
20220718:0111,0.0,0.0,6.55,1.52,0.0
20220718:0211,0.0,0.0,6.5,1.45,0.0
20220718:0311,1.78,3.08,6.48,1.59,0.0
20220718:0411,8.9,8.96,6.39,1.66,0.0
20220718:0511,47.15,15.6,6.67,1.52,0.0
20220718:0611,139.64,22.65,6.95,1.45,0.0
20220718:0711,279.88,29.77,7.51,1.86,0.0
20220718:0811,249.32,36.56,8.36,2.14,0.0
20220718:0911,200.85,42.51,9.0,2.28,0.0
20220718:1011,178.88,47.0,9.86,2.69,0.0
20220718:1111,166.71,49.33,10.46,2.97,0.0
20220718:1211,448.78,49.07,10.95,3.1,0.0
20220718:1311,443.19,46.27,10.66,2.97,0.0
20220718:1411,303.38,41.44,10.92,2.9,0.0
20220718:1511,296.38,35.28,10.58,2.55,0.0
20220718:1611,176.9,28.39,10.53,2.28,0.0
20220718:1711,97.4,21.25,10.43,2.34,0.0
20220718:1811,28.47,14.25,9.9,2.0,0.0
20220718:1911,13.35,7.74,9.0,1.72,0.0
20220718:2011,2.67,2.04,8.38,1.45,0.0
20220718:2111,0.0,0.0,7.14,1.17,0.0
20220718:2211,0.0,0.0,7.23,0.97,0.0
20220718:2311,0.0,0.0,7.26,0.76,0.0
20220719:0011,0.0,0.0,6.86,0.62,0.0
20220719:0111,0.0,0.0,6.78,0.48,0.0
20220719:0211,0.0,0.0,6.44,0.34,0.0
20220719:0311,2.67,2.91,6.18,0.14,0.0
20220719:0411,51.6,8.8,6.03,0.41,0.0
20220719:0511,56.94,15.43,6.7,0.21,0.0
20220719:0611,280.63,22.49,7.75,1.03,0.0
20220719:0711,477.27,29.61,9.2,1.1,0.0
20220719:0811,465.75,36.4,10.59,1.38,0.0
20220719:0911,298.65,42.34,11.88,1.24,0.0
20220719:1011,981.87,46.82,12.85,1.38,0.0
20220719:1111,718.78,49.16,13.7,1.52,0.0
20220719:1211,670.24,48.9,13.67,1.52,0.0
20220719:1311,508.18,46.1,14.0,0.83,0.0
20220719:1411,571.39,41.29,15.42,0.76,0.0
20220719:1511,661.08,35.14,16.42,0.76,0.0
20220719:1611,330.21,28.25,17.17,0.97,0.0
20220719:1711,192.69,21.11,17.68,1.17,0.0
20220719:1811,26.69,14.11,17.5,0.62,0.0
20220719:1911,16.01,7.59,15.83,0.76,0.0
20220719:2011,1.78,1.88,15.02,0.69,0.0
20220719:2111,0.0,0.0,14.72,0.69,0.0
20220719:2211,0.0,0.0,14.58,0.9,0.0
20220719:2311,0.0,0.0,14.68,1.03,0.0
20220720:0011,0.0,0.0,14.22,1.17,0.0
20220720:0111,0.0,0.0,13.79,0.97,0.0
20220720:0211,0.0,0.0,14.22,0.76,0.0
20220720:0311,8.01,2.73,14.86,0.69,0.0
20220720:0411,9.79,8.63,14.87,0.48,0.0
20220720:0511,96.98,15.27,15.23,0.41,0.0
20220720:0611,267.86,22.32,14.94,0.48,0.0
20220720:0711,411.18,29.44,14.43,0.41,0.0
20220720:0811,688.17,36.23,15.94,0.83,0.0
20220720:0911,670.38,42.17,18.24,0.97,0.0
20220720:1011,783.83,46.64,19.79,1.38,0.0
20220720:1111,280.97,48.97,20.0,1.45,0.0
20220720:1211,251.62,48.72,20.33,1.66,0.0
20220720:1311,732.88,45.93,20.39,1.79,0.0
20220720:1411,132.99,41.13,19.5,1.72,0.0
20220720:1511,83.35,34.98,19.21,1.79,0.0
20220720:1611,62.75,28.1,18.59,1.79,0.0
20220720:1711,28.1,20.96,17.91,1.24,0.0
20220720:1811,15.12,13.96,17.26,1.1,0.0
20220720:1911,8.01,7.44,15.81,0.97,0.0
20220720:2011,0.89,1.72,15.13,1.24,0.0
20220720:2111,0.0,0.0,14.32,1.03,0.0
20220720:2211,0.0,0.0,13.87,0.97,0.0
20220720:2311,0.0,0.0,13.71,1.03,0.0
20220721:0011,0.0,0.0,13.33,0.83,0.0
20220721:0111,0.0,0.0,12.48,1.38,0.0
20220721:0211,0.0,0.0,11.94,1.31,0.0
20220721:0311,1.78,2.55,11.88,1.38,0.0
20220721:0411,8.01,8.45,11.7,1.17,0.0
20220721:0511,24.91,15.09,11.62,1.24,0.0
20220721:0611,189.39,22.15,11.43,1.17,0.0
20220721:0711,453.12,29.27,12.09,1.03,0.0
20220721:0811,649.87,36.05,12.23,1.17,0.0
20220721:0911,869.63,41.99,12.68,1.72,0.0
20220721:1011,987.97,46.45,13.53,1.86,0.0
20220721:1111,1047.87,48.78,13.94,1.93,0.0
20220721:1211,1040.98,48.53,14.46,1.93,0.0
20220721:1311,921.85,45.75,14.6,1.93,0.0
20220721:1411,841.48,40.96,14.6,2.07,0.0
20220721:1511,625.57,34.82,14.52,2.0,0.0
20220721:1611,460.84,27.94,14.17,1.93,0.0
20220721:1711,251.84,20.8,13.74,1.86,0.0
20220721:1811,50.71,13.8,13.06,1.72,0.0
20220721:1911,33.81,7.27,12.19,1.24,0.0
20220721:2011,0.89,1.55,11.47,1.03,0.0
20220721:2111,0.0,0.0,10.3,0.76,0.0
20220721:2211,0.0,0.0,10.07,0.55,0.0
20220721:2311,0.0,0.0,9.45,0.48,0.0
20220722:0011,0.0,0.0,8.85,0.48,0.0
20220722:0111,0.0,0.0,8.34,0.55,0.0
20220722:0211,0.0,0.0,8.16,0.55,0.0
20220722:0311,1.78,2.37,7.92,0.55,0.0
20220722:0411,10.68,8.27,7.81,0.69,0.0
20220722:0511,99.64,14.92,7.95,0.76,0.0
20220722:0611,293.6,21.98,9.85,0.97,0.0
20220722:0711,493.75,29.1,10.83,0.9,0.0
20220722:0811,712.59,35.88,11.85,0.69,0.0
20220722:0911,860.09,41.8,13.02,0.62,0.0
20220722:1011,960.07,46.26,13.98,0.69,0.0
20220722:1111,1030.07,48.59,14.9,0.62,0.0
20220722:1211,1024.47,48.34,15.64,0.55,0.0
20220722:1311,960.1,45.57,16.28,0.34,0.0
20220722:1411,837.58,40.79,16.87,0.34,0.0
20220722:1511,666.37,34.65,17.14,0.41,0.0
20220722:1611,455.23,27.78,17.32,0.62,0.0
20220722:1711,245.53,20.64,17.33,0.9,0.0
20220722:1811,49.82,13.63,16.93,0.76,0.0
20220722:1911,34.7,7.1,15.81,0.28,0.0
20220722:2011,0.89,1.37,15.03,0.69,0.0
20220722:2111,0.0,0.0,14.41,0.83,0.0
20220722:2211,0.0,0.0,13.43,0.97,0.0
20220722:2311,0.0,0.0,12.39,1.03,0.0
20220723:0011,0.0,0.0,11.47,1.03,0.0
20220723:0111,0.0,0.0,10.65,1.1,0.0
20220723:0211,0.0,0.0,9.95,1.1,0.0
20220723:0311,0.89,2.18,9.57,1.03,0.0
20220723:0411,12.46,8.09,8.98,1.03,0.0
20220723:0511,32.03,14.74,9.31,0.9,0.0
20220723:0611,124.98,21.8,10.47,0.83,0.0
20220723:0711,267.77,28.92,11.74,0.76,0.0
20220723:0811,490.38,35.69,12.65,0.97,0.0
20220723:0911,561.0,41.61,13.53,0.97,0.0
20220723:1011,636.78,46.06,14.31,1.24,0.0
20220723:1111,660.32,48.39,14.9,1.59,0.0
20220723:1211,611.51,48.14,15.05,1.66,0.0
20220723:1311,387.92,45.38,15.13,1.59,0.0
20220723:1411,232.61,40.61,14.84,1.17,0.0
20220723:1511,95.53,34.48,13.92,1.52,0.0
20220723:1611,102.09,27.61,13.46,1.1,0.0
20220723:1711,55.26,20.47,13.35,1.24,0.0
20220723:1811,21.35,13.46,12.17,0.83,0.0
20220723:1911,29.36,6.93,11.89,1.24,0.0
20220723:2011,0.0,0.0,11.29,1.03,0.0
20220723:2111,0.0,0.0,10.4,1.17,0.0
20220723:2211,0.0,0.0,9.43,1.24,0.0
20220723:2311,0.0,0.0,9.34,1.17,0.0
20220724:0011,0.0,0.0,9.1,1.1,0.0
20220724:0111,0.0,0.0,9.11,0.97,0.0
20220724:0211,0.0,0.0,8.39,0.76,0.0
20220724:0311,0.89,1.99,7.99,0.48,0.0
20220724:0411,7.12,7.9,7.94,0.48,0.0
20220724:0511,72.95,14.56,7.89,0.55,0.0
20220724:0611,87.1,21.62,8.08,0.62,0.0
20220724:0711,252.65,28.74,9.74,0.69,0.0
20220724:0811,494.54,35.51,10.81,1.03,0.0
20220724:0911,298.67,41.42,11.87,0.97,0.0
20220724:1011,249.33,45.86,12.8,1.03,0.0
20220724:1111,232.8,48.18,13.08,1.31,0.0
20220724:1211,223.43,47.94,12.5,1.38,0.0
20220724:1311,115.2,45.18,11.61,1.03,0.0
20220724:1411,53.38,40.42,11.21,1.17,0.0
20220724:1511,101.15,34.3,11.25,1.52,0.0
20220724:1611,110.52,27.44,10.85,1.24,0.0
20220724:1711,100.01,20.3,11.01,1.31,0.0
20220724:1811,39.15,13.29,11.02,1.17,0.0
20220724:1911,14.23,6.74,10.79,1.03,0.0
20220724:2011,0.0,0.0,10.6,1.03,0.0
20220724:2111,0.0,0.0,10.25,1.1,0.0
20220724:2211,0.0,0.0,10.05,1.1,0.0
20220724:2311,0.0,0.0,9.41,1.03,0.0
20220725:0011,0.0,0.0,9.08,1.1,0.0
20220725:0111,0.0,0.0,9.1,0.83,0.0
20220725:0211,0.0,0.0,9.24,0.76,0.0
20220725:0311,0.89,1.79,8.72,0.83,0.0
20220725:0411,7.12,7.71,7.95,1.03,0.0
20220725:0511,25.8,14.37,8.74,1.1,0.0
20220725:0611,75.86,21.43,9.37,1.38,0.0
20220725:0711,72.12,28.55,10.99,1.24,0.0
20220725:0811,207.87,35.32,11.66,1.31,0.0
20220725:0911,254.34,41.22,11.62,1.31,0.0
20220725:1011,107.71,45.66,11.56,1.31,0.0
20220725:1111,0.0,0.0,12.44,1.38,0.0
20220725:1211,606.86,47.73,12.73,1.1,0.0
20220725:1311,132.99,44.98,13.61,1.17,0.0
20220725:1411,78.67,40.23,13.34,1.1,0.0
20220725:1511,141.42,34.12,13.76,1.59,0.0
20220725:1611,128.31,27.26,12.43,1.24,0.0
20220725:1711,150.33,20.12,11.66,1.17,0.0
20220725:1811,30.25,13.1,11.35,1.1,0.0
20220725:1911,37.37,6.56,9.63,1.17,0.0
20220725:2011,0.0,0.0,9.17,1.24,0.0
20220725:2111,0.0,0.0,8.57,1.17,0.0
20220725:2211,0.0,0.0,8.14,1.24,0.0
20220725:2311,0.0,0.0,7.9,1.31,0.0
20220726:0011,0.0,0.0,7.26,1.24,0.0
20220726:0111,0.0,0.0,6.99,1.17,0.0
20220726:0211,0.0,0.0,6.71,1.1,0.0
20220726:0311,0.89,1.59,6.27,1.03,0.0
20220726:0411,7.12,7.52,5.9,0.97,0.0
20220726:0511,31.14,14.18,5.87,1.17,0.0
20220726:0611,77.74,21.25,6.24,1.1,0.0
20220726:0711,56.19,28.36,6.26,1.45,0.0
20220726:0811,249.11,35.12,6.21,1.31,0.0
20220726:0911,177.01,41.02,6.23,1.38,0.0
20220726:1011,140.49,45.45,6.16,1.38,0.0
20220726:1111,180.76,47.75,6.6,1.45,0.0
20220726:1211,261.64,47.51,6.91,1.38,0.0
20220726:1311,124.56,44.77,7.07,1.31,0.0
20220726:1411,150.79,40.03,7.37,1.52,0.0
20220726:1511,166.1,33.93,7.9,1.72,0.0
20220726:1611,103.96,27.07,7.88,1.79,0.0
20220726:1711,119.79,19.93,7.69,1.93,0.0
20220726:1811,57.83,12.92,7.32,1.66,0.0
20220726:1911,8.01,6.36,7.1,1.38,0.0
20220726:2011,0.0,0.0,6.89,1.31,0.0
20220726:2111,0.0,0.0,6.69,1.24,0.0
20220726:2211,0.0,0.0,6.43,1.17,0.0
20220726:2311,0.0,0.0,6.19,1.17,0.0
20220727:0011,0.0,0.0,5.68,1.17,0.0
20220727:0111,0.0,0.0,5.23,1.31,0.0
20220727:0211,0.0,0.0,4.93,1.31,0.0
20220727:0311,0.89,1.38,4.69,1.24,0.0
20220727:0411,41.81,7.32,4.25,1.17,0.0
20220727:0511,63.17,13.99,4.35,1.17,0.0
20220727:0611,273.84,21.05,4.73,1.31,0.0
20220727:0711,471.9,28.17,5.39,1.59,0.0
20220727:0811,672.19,34.92,6.11,1.59,0.0
20220727:0911,840.8,40.82,7.07,1.59,0.0
20220727:1011,827.27,45.23,7.83,1.66,0.0
20220727:1111,995.44,47.53,8.52,1.59,0.0
20220727:1211,892.04,47.29,9.27,1.52,0.0
20220727:1311,838.46,44.56,9.65,1.52,0.0
20220727:1411,572.43,39.82,9.66,1.45,0.0
20220727:1511,407.87,33.73,9.55,1.45,0.0
20220727:1611,308.59,26.88,9.39,1.45,0.0
20220727:1711,209.26,19.74,9.38,1.45,0.0
20220727:1811,69.39,12.72,9.02,1.31,0.0
20220727:1911,33.81,6.16,8.51,1.24,0.0
20220727:2011,0.0,0.0,7.98,1.03,0.0
20220727:2111,0.0,0.0,7.0,0.76,0.0
20220727:2211,0.0,0.0,7.03,0.62,0.0
20220727:2311,0.0,0.0,6.72,0.48,0.0
20220728:0011,0.0,0.0,6.37,0.34,0.0
20220728:0111,0.0,0.0,6.14,0.28,0.0
20220728:0211,0.0,0.0,5.75,0.28,0.0
20220728:0311,0.0,0.0,5.21,0.48,0.0
20220728:0411,40.93,7.12,4.92,0.62,0.0
20220728:0511,56.94,13.79,5.45,0.34,0.0
20220728:0611,273.26,20.86,6.57,0.28,0.0
20220728:0711,494.72,27.97,7.47,0.62,0.0
20220728:0811,692.35,34.72,8.66,1.1,0.0
20220728:0911,867.42,40.61,9.46,1.17,0.0
20220728:1011,977.32,45.01,10.36,1.24,0.0
20220728:1111,1049.45,47.31,11.03,1.03,0.0
20220728:1211,1025.74,47.07,11.73,0.97,0.0
20220728:1311,954.98,44.34,12.49,1.03,0.0
20220728:1411,815.14,39.61,13.08,1.03,0.0
20220728:1511,663.9,33.53,13.4,1.17,0.0
20220728:1611,455.69,26.68,13.47,1.17,0.0
20220728:1711,237.96,19.54,13.06,1.24,0.0
20220728:1811,49.82,12.52,12.56,1.1,0.0
20220728:1911,27.58,5.96,12.23,0.76,0.0
20220728:2011,0.0,0.0,11.44,0.48,0.0
20220728:2111,0.0,0.0,11.35,0.28,0.0
20220728:2211,0.0,0.0,11.1,0.41,0.0
20220728:2311,0.0,0.0,10.55,0.48,0.0
20220729:0011,0.0,0.0,9.91,0.55,0.0
20220729:0111,0.0,0.0,9.13,0.69,0.0
20220729:0211,0.0,0.0,8.56,0.76,0.0
20220729:0311,0.0,0.0,7.97,0.9,0.0
20220729:0411,40.04,6.91,7.68,0.9,0.0
20220729:0511,64.06,13.59,8.08,0.76,0.0
20220729:0611,263.98,20.66,9.76,0.55,0.0
20220729:0711,451.64,27.77,10.65,0.69,0.0
20220729:0811,674.09,34.52,11.83,0.69,0.0
20220729:0911,814.17,40.39,12.79,1.17,0.0
20220729:1011,572.65,44.79,13.57,1.45,0.0
20220729:1111,763.83,47.07,14.07,1.38,0.0
20220729:1211,978.63,46.83,14.62,1.52,0.0
20220729:1311,791.72,44.12,14.81,1.52,0.0
20220729:1411,596.84,39.4,14.79,1.17,0.0
20220729:1511,307.87,33.32,14.61,0.83,0.0
20220729:1611,247.58,26.47,14.64,0.55,0.0
20220729:1711,100.76,19.34,14.59,0.69,0.0
20220729:1811,54.27,12.31,14.34,0.76,0.0
20220729:1911,9.79,5.75,14.36,0.76,0.0
20220729:2011,0.0,0.0,13.74,0.55,0.0
20220729:2111,0.0,0.0,13.14,0.41,0.0
20220729:2211,0.0,0.0,12.28,0.34,0.0
20220729:2311,0.0,0.0,11.5,0.34,0.0
20220730:0011,0.0,0.0,10.83,0.41,0.0
20220730:0111,0.0,0.0,10.1,0.55,0.0
20220730:0211,0.0,0.0,9.38,0.62,0.0
20220730:0311,0.0,0.0,8.71,0.83,0.0
20220730:0411,38.26,6.7,8.25,0.9,0.0
20220730:0511,53.38,13.38,8.42,0.76,0.0
20220730:0611,268.94,20.46,9.77,0.69,0.0
20220730:0711,486.43,27.57,10.44,0.97,0.0
20220730:0811,636.07,34.31,11.24,1.1,0.0
20220730:0911,686.48,40.17,11.99,1.24,0.0
20220730:1011,946.66,44.56,12.74,1.59,0.0
20220730:1111,1035.73,46.84,13.35,1.93,0.0
20220730:1211,951.18,46.6,13.87,2.21,0.0
20220730:1311,760.2,43.89,14.22,2.34,0.0
20220730:1411,524.12,39.18,14.5,2.21,0.0
20220730:1511,364.7,33.11,14.35,1.79,0.0
20220730:1611,278.25,26.26,14.0,1.17,0.0
20220730:1711,148.31,19.13,13.91,1.24,0.0
20220730:1811,13.35,12.1,13.35,1.17,0.0
20220730:1911,4.45,5.53,12.04,0.97,0.0
20220730:2011,0.0,0.0,11.34,0.76,0.0
20220730:2111,0.0,0.0,10.53,0.48,0.0
20220730:2211,0.0,0.0,10.26,0.41,0.0
20220730:2311,0.0,0.0,10.28,0.41,0.0
20220731:0011,0.0,0.0,9.74,0.48,0.0
20220731:0111,0.0,0.0,9.68,0.34,0.0
20220731:0211,0.0,0.0,9.39,0.28,0.0
20220731:0311,0.0,0.0,9.18,0.34,0.0
20220731:0411,6.23,6.49,9.1,0.28,0.0
20220731:0511,14.23,13.18,8.97,0.28,0.0
20220731:0611,25.29,20.25,9.13,0.34,0.0
20220731:0711,84.29,27.36,9.56,0.48,0.0
20220731:0811,251.4,34.1,9.68,0.41,0.0
20220731:0911,368.26,39.95,9.91,0.55,0.0
20220731:1011,486.29,44.32,10.29,0.76,0.0
20220731:1111,137.68,46.6,10.47,0.83,0.0
20220731:1211,419.27,46.36,10.89,0.97,0.0
20220731:1311,489.8,43.65,11.03,1.17,0.0
20220731:1411,468.14,38.95,10.61,0.9,0.0
20220731:1511,75.86,32.89,11.17,0.97,0.0
20220731:1611,98.34,26.05,11.11,1.31,0.0
20220731:1711,184.96,18.92,10.95,1.17,0.0
20220731:1811,29.36,11.89,9.68,0.9,0.0
20220731:1911,4.45,5.31,9.12,0.9,0.0
20220731:2011,0.0,0.0,8.84,1.1,0.0
20220731:2111,0.0,0.0,8.33,1.03,0.0
20220731:2211,0.0,0.0,7.73,1.1,0.0
20220731:2311,0.0,0.0,7.45,1.24,0.0
20220801:0011,0.0,0.0,7.13,1.17,0.0
20220801:0111,0.0,0.0,6.58,1.17,0.0
20220801:0211,0.0,0.0,6.1,1.24,0.0
20220801:0311,0.0,0.0,5.78,1.17,0.0
20220801:0411,6.23,6.27,5.59,1.24,0.0
20220801:0511,70.28,12.97,5.29,1.1,0.0
20220801:0611,73.99,20.05,5.29,1.24,0.0
20220801:0711,144.67,27.15,5.4,1.24,0.0
20220801:0811,219.11,33.88,6.05,1.31,0.0
20220801:0911,302.22,39.72,6.27,1.45,0.0
20220801:1011,321.15,44.09,7.54,1.79,0.0
20220801:1111,313.22,46.35,7.14,1.79,0.0
20220801:1211,732.57,46.11,7.77,1.86,0.0
20220801:1311,646.42,43.41,7.92,2.07,0.0
20220801:1411,638.24,38.71,8.33,1.86,0.0
20220801:1511,567.92,32.66,8.12,1.93,0.0
20220801:1611,374.45,25.83,7.98,2.0,0.0
20220801:1711,230.1,18.7,7.35,1.79,0.0
20220801:1811,63.17,11.66,6.88,1.59,0.0
20220801:1911,27.58,5.08,6.45,1.52,0.0
20220801:2011,0.0,0.0,5.84,1.24,0.0
20220801:2111,0.0,0.0,4.83,1.03,0.0
20220801:2211,0.0,0.0,4.58,0.83,0.0
20220801:2311,0.0,0.0,4.75,0.62,0.0
20220802:0011,0.0,0.0,4.38,0.55,0.0
20220802:0111,0.0,0.0,4.4,0.62,0.0
20220802:0211,0.0,0.0,4.15,0.76,0.0
20220802:0311,0.0,0.0,3.96,0.9,0.0
20220802:0411,33.81,6.05,3.4,0.97,0.0
20220802:0511,26.69,12.75,3.66,0.97,0.0
20220802:0611,35.59,19.83,5.19,1.1,0.0
20220802:0711,223.53,26.94,6.03,1.24,0.0
20220802:0811,154.53,33.66,6.61,1.31,0.0
20220802:0911,188.74,39.49,6.82,1.52,0.0
20220802:1011,103.02,43.85,7.32,2.07,0.0
20220802:1111,102.09,46.1,7.57,2.14,0.0
20220802:1211,96.47,45.85,7.02,1.59,0.0
20220802:1311,103.02,43.16,7.16,1.72,0.0
20220802:1411,51.51,38.48,7.24,1.59,0.0
20220802:1511,47.77,32.43,7.39,1.45,0.0
20220802:1611,313.16,25.6,7.46,1.38,0.0
20220802:1711,73.99,18.47,7.56,1.45,0.0
20220802:1811,23.13,11.43,7.61,1.24,0.0
20220802:1911,4.45,4.85,7.09,1.17,0.0
20220802:2011,0.0,0.0,7.17,1.31,0.0
20220802:2111,0.0,0.0,7.13,1.24,0.0
20220802:2211,0.0,0.0,6.84,1.03,0.0
20220802:2311,0.0,0.0,6.59,1.17,0.0
20220803:0011,0.0,0.0,6.61,1.17,0.0
20220803:0111,0.0,0.0,6.57,1.31,0.0
20220803:0211,0.0,0.0,5.88,1.38,0.0
20220803:0311,0.0,0.0,5.92,1.45,0.0
20220803:0411,5.34,5.83,6.13,1.38,0.0
20220803:0511,13.35,12.54,7.54,1.24,0.0
20220803:0611,48.7,19.62,9.2,1.17,0.0
20220803:0711,132.28,26.72,11.11,1.17,0.0
20220803:0811,44.02,33.44,11.9,1.45,0.0
20220803:0911,58.07,39.26,11.69,1.31,0.0
20220803:1011,98.34,43.6,11.48,1.31,0.0
20220803:1111,181.69,45.84,11.61,1.72,0.0
20220803:1211,137.68,45.6,12.11,2.07,0.0
20220803:1311,113.32,42.91,12.44,2.48,0.0
20220803:1411,108.64,38.23,11.93,2.62,0.0
20220803:1511,198.48,32.19,11.8,2.21,0.0
20220803:1611,207.97,25.37,11.4,1.66,0.0
20220803:1711,93.47,18.24,10.58,1.86,0.0
20220803:1811,11.57,11.2,9.85,1.38,0.0
20220803:1911,6.23,4.61,9.34,1.24,0.0
20220803:2011,0.0,0.0,8.85,1.59,0.0
20220803:2111,0.0,0.0,8.3,1.45,0.0
20220803:2211,0.0,0.0,7.36,1.03,0.0
20220803:2311,0.0,0.0,7.49,0.83,0.0
20220804:0011,0.0,0.0,7.32,0.83,0.0
20220804:0111,0.0,0.0,7.14,0.9,0.0
20220804:0211,0.0,0.0,7.29,0.83,0.0
20220804:0311,0.0,0.0,7.36,0.83,0.0
20220804:0411,5.34,5.61,7.37,0.83,0.0
20220804:0511,68.51,12.32,7.58,0.9,0.0
20220804:0611,37.46,19.4,8.52,0.83,0.0
20220804:0711,115.2,26.5,9.02,1.31,0.0
20220804:0811,141.42,33.21,9.02,0.9,0.0
20220804:0911,219.37,39.02,10.03,0.97,0.0
20220804:1011,146.1,43.35,11.05,1.03,0.0
20220804:1111,174.2,45.58,11.46,0.83,0.0
20220804:1211,159.22,45.33,11.87,1.24,0.0
20220804:1311,117.07,42.65,11.64,1.52,0.0
20220804:1411,58.07,37.98,11.69,1.86,0.0
20220804:1511,93.66,31.95,11.12,1.72,0.0
20220804:1611,62.75,25.13,9.39,1.72,0.0
20220804:1711,60.88,18.0,8.31,1.59,0.0
20220804:1811,19.57,10.96,7.62,1.31,0.0
20220804:1911,7.12,4.36,7.0,1.24,0.0
20220804:2011,0.0,0.0,6.4,1.17,0.0
20220804:2111,0.0,0.0,5.61,1.24,0.0
20220804:2211,0.0,0.0,4.67,1.03,0.0
20220804:2311,0.0,0.0,4.26,1.17,0.0
20220805:0011,0.0,0.0,3.91,1.03,0.0
20220805:0111,0.0,0.0,3.95,0.83,0.0
20220805:0211,0.0,0.0,4.12,0.97,0.0
20220805:0311,0.0,0.0,3.8,0.97,0.0
20220805:0411,7.12,5.38,3.56,0.97,0.0
20220805:0511,29.36,12.09,3.42,1.1,0.0
20220805:0611,167.72,19.18,3.71,1.31,0.0
20220805:0711,260.39,26.28,4.43,1.38,0.0
20220805:0811,291.44,32.98,4.84,1.59,0.0
20220805:0911,481.67,38.78,5.4,1.79,0.0
20220805:1011,443.23,43.09,6.1,1.93,0.0
20220805:1111,419.0,45.32,6.83,2.14,0.0
20220805:1211,492.88,45.07,7.38,2.14,0.0
20220805:1311,298.74,42.39,7.61,2.14,0.0
20220805:1411,457.49,37.73,7.61,2.14,0.0
20220805:1511,275.43,31.7,7.49,2.21,0.0
20220805:1611,254.11,24.89,6.95,2.14,0.0
20220805:1711,74.93,17.76,6.54,2.14,0.0
20220805:1811,13.35,10.72,5.78,1.93,0.0
20220805:1911,6.23,4.11,5.02,1.79,0.0
20220805:2011,0.0,0.0,4.24,1.45,0.0
20220805:2111,0.0,0.0,3.51,1.45,0.0
20220805:2211,0.0,0.0,3.09,1.38,0.0
20220805:2311,0.0,0.0,2.77,1.24,0.0
20220806:0011,0.0,0.0,2.68,1.24,0.0
20220806:0111,0.0,0.0,2.66,1.17,0.0
20220806:0211,0.0,0.0,2.51,1.1,0.0
20220806:0311,0.0,0.0,2.4,1.38,0.0
20220806:0411,4.45,5.14,2.34,1.66,0.0
20220806:0511,13.35,11.87,2.43,1.72,0.0
20220806:0611,74.93,18.96,2.93,1.79,0.0
20220806:0711,143.8,26.06,3.24,2.14,0.0
20220806:0811,76.8,32.75,3.7,2.21,0.0
20220806:0911,172.33,38.54,4.33,2.21,0.0
20220806:1011,197.62,42.84,4.61,2.28,0.0
20220806:1111,145.17,45.05,4.86,2.21,0.0
20220806:1211,155.47,44.79,5.19,2.28,0.0
20220806:1311,89.91,42.12,5.56,2.34,0.0
20220806:1411,101.15,37.47,5.59,2.28,0.0
20220806:1511,229.72,31.45,5.88,2.28,0.0
20220806:1611,105.83,24.64,5.68,2.07,0.0
20220806:1711,110.39,17.51,5.43,1.93,0.0
20220806:1811,52.49,10.47,5.18,1.93,0.0
20220806:1911,18.68,3.86,4.33,1.66,0.0
20220806:2011,0.0,0.0,3.9,1.59,0.0
20220806:2111,0.0,0.0,3.49,1.31,0.0
20220806:2211,0.0,0.0,3.22,1.1,0.0
20220806:2311,0.0,0.0,2.92,1.03,0.0
20220807:0011,0.0,0.0,2.6,0.83,0.0
20220807:0111,0.0,0.0,2.84,0.69,0.0
20220807:0211,0.0,0.0,3.0,0.55,0.0
20220807:0311,0.0,0.0,2.98,0.55,0.0
20220807:0411,4.45,4.91,2.83,0.69,0.0
20220807:0511,12.46,11.64,3.22,0.69,0.0
20220807:0611,30.91,18.73,4.13,0.69,0.0
20220807:0711,75.86,25.83,4.79,0.76,0.0
20220807:0811,99.28,32.51,5.35,0.97,0.0
20220807:0911,185.96,38.29,5.86,1.03,0.0
20220807:1011,177.95,42.57,6.31,1.03,0.0
20220807:1111,216.02,44.78,6.8,1.1,0.0
20220807:1211,396.29,44.52,6.81,0.97,0.0
20220807:1311,278.6,41.84,7.1,0.83,0.0
20220807:1411,108.64,37.2,7.07,0.69,0.0
20220807:1511,153.99,31.19,7.22,0.62,0.0
20220807:1611,157.93,24.38,7.11,0.34,0.0
20220807:1711,139.84,17.26,7.24,0.28,0.0
20220807:1811,38.26,10.21,7.24,0.21,0.0
20220807:1911,2.67,3.6,7.51,0.14,0.0
20220807:2011,0.0,0.0,7.58,0.0,0.0
20220807:2111,0.0,0.0,7.5,0.21,0.0
20220807:2211,0.0,0.0,7.45,0.34,0.0
20220807:2311,0.0,0.0,7.42,0.41,0.0
20220808:0011,0.0,0.0,7.35,0.41,0.0
20220808:0111,0.0,0.0,7.19,0.28,0.0
20220808:0211,0.0,0.0,7.06,0.34,0.0
20220808:0311,0.0,0.0,6.96,0.41,0.0
20220808:0411,3.56,4.67,6.74,0.41,0.0
20220808:0511,19.57,11.41,6.86,0.55,0.0
20220808:0611,71.18,18.51,6.87,0.83,0.0
20220808:0711,159.93,25.6,7.43,0.83,0.0
20220808:0811,221.93,32.27,8.44,0.97,0.0
20220808:0911,280.35,38.04,9.3,1.17,0.0
20220808:1011,201.95,42.31,10.02,1.38,0.0
20220808:1111,215.09,44.5,10.62,1.59,0.0
20220808:1211,312.16,44.23,11.3,1.79,0.0
20220808:1311,256.81,41.56,11.61,1.79,0.0
20220808:1411,176.08,36.93,11.72,1.79,0.0
20220808:1511,344.87,30.93,11.75,1.86,0.0
20220808:1611,280.38,24.13,11.45,1.72,0.0
20220808:1711,163.2,17.0,11.28,1.45,0.0
20220808:1811,48.04,9.95,10.73,1.1,0.0
20220808:1911,15.12,3.33,9.49,0.83,0.0
20220808:2011,0.0,0.0,9.17,0.62,0.0
20220808:2111,0.0,0.0,8.61,0.62,0.0
20220808:2211,0.0,0.0,8.47,0.55,0.0
20220808:2311,0.0,0.0,8.42,0.55,0.0
20220809:0011,0.0,0.0,8.29,0.55,0.0
20220809:0111,0.0,0.0,8.25,0.55,0.0
20220809:0211,0.0,0.0,8.41,0.41,0.0
20220809:0311,0.0,0.0,8.45,0.34,0.0
20220809:0411,3.56,4.43,8.39,0.41,0.0
20220809:0511,24.02,11.18,8.23,0.48,0.0
20220809:0611,52.45,18.27,8.41,0.48,0.0
20220809:0711,125.77,25.36,8.69,0.48,0.0
20220809:0811,154.97,32.03,9.2,0.76,0.0
20220809:0911,137.68,37.78,9.43,0.97,0.0
20220809:1011,143.3,42.04,9.32,1.38,0.0
20220809:1111,177.95,44.22,9.16,1.38,0.0
20220809:1211,160.15,43.95,9.17,1.45,0.0
20220809:1311,137.68,41.28,9.27,1.66,0.0
20220809:1411,250.39,36.65,9.3,1.72,0.0
20220809:1511,203.88,30.66,9.47,1.93,0.0
20220809:1611,104.9,23.86,9.67,1.86,0.0
20220809:1711,42.15,16.74,9.46,1.66,0.0
20220809:1811,16.01,9.68,9.36,1.59,0.0
20220809:1911,4.45,3.06,9.2,1.1,0.0
20220809:2011,0.0,0.0,8.97,1.03,0.0
20220809:2111,0.0,0.0,8.83,1.17,0.0
20220809:2211,0.0,0.0,8.74,1.38,0.0
20220809:2311,0.0,0.0,8.79,1.52,0.0
20220810:0011,0.0,0.0,8.79,1.59,0.0
20220810:0111,0.0,0.0,8.71,1.52,0.0
20220810:0211,0.0,0.0,8.7,1.31,0.0
20220810:0311,0.0,0.0,8.73,1.38,0.0
20220810:0411,7.12,4.19,8.73,1.31,0.0
20220810:0511,26.69,10.94,8.86,1.31,0.0
20220810:0611,50.57,18.04,9.01,1.45,0.0
20220810:0711,54.32,25.13,9.73,1.52,0.0
20220810:0811,90.85,31.79,10.2,1.72,0.0
20220810:0911,258.27,37.53,10.38,1.66,0.0
20220810:1011,217.57,41.77,11.55,2.21,0.0
20220810:1111,264.65,43.93,11.83,2.14,0.0
20220810:1211,103.96,43.66,12.09,2.21,0.0
20220810:1311,79.61,40.99,13.09,2.69,0.0
20220810:1411,104.9,36.37,13.54,2.83,0.0
20220810:1511,67.43,30.38,13.94,3.03,0.0
20220810:1611,138.6,23.59,13.91,2.97,0.0
20220810:1711,91.29,16.47,13.55,2.69,0.0
20220810:1811,30.25,9.41,12.88,2.21,0.0
20220810:1911,1.78,2.79,11.98,1.93,0.0
20220810:2011,0.0,0.0,11.48,1.93,0.0
20220810:2111,0.0,0.0,10.96,1.93,0.0
20220810:2211,0.0,0.0,10.62,1.79,0.0
20220810:2311,0.0,0.0,10.4,1.79,0.0
20220811:0011,0.0,0.0,10.21,1.86,0.0
20220811:0111,0.0,0.0,9.99,2.0,0.0
20220811:0211,0.0,0.0,9.89,2.07,0.0
20220811:0311,0.0,0.0,9.75,2.0,0.0
20220811:0411,5.34,3.94,9.57,1.79,0.0
20220811:0511,18.68,10.7,9.4,1.86,0.0
20220811:0611,49.64,17.8,9.45,2.0,0.0
20220811:0711,89.91,24.89,9.84,1.93,0.0
20220811:0811,144.23,31.54,10.09,2.14,0.0
20220811:0911,199.31,37.26,9.89,2.34,0.0
20220811:1011,98.34,41.49,10.71,2.21,0.0
20220811:1111,137.68,43.64,11.76,2.48,0.0
20220811:1211,231.38,43.36,11.66,2.48,0.0
20220811:1311,419.55,40.7,11.68,2.21,0.0
20220811:1411,108.64,36.09,11.87,2.0,0.0
20220811:1511,185.76,30.1,12.05,1.59,0.0
20220811:1611,125.97,23.32,11.92,1.45,0.0
20220811:1711,70.24,16.2,11.59,1.03,0.0
20220811:1811,40.93,9.14,11.51,1.1,0.0
20220811:1911,9.79,2.51,10.97,1.31,0.0
20220811:2011,0.0,0.0,10.76,1.24,0.0
20220811:2111,0.0,0.0,10.47,1.24,0.0
20220811:2211,0.0,0.0,10.16,1.31,0.0
20220811:2311,0.0,0.0,9.91,1.17,0.0
20220812:0011,0.0,0.0,9.55,1.03,0.0
20220812:0111,0.0,0.0,9.4,0.9,0.0
20220812:0211,0.0,0.0,9.13,0.83,0.0
20220812:0311,0.0,0.0,8.92,0.76,0.0
20220812:0411,2.67,3.7,8.94,0.62,0.0
20220812:0511,12.46,10.46,9.02,1.03,0.0
20220812:0611,46.83,17.57,10.01,1.1,0.0
20220812:0711,97.4,24.65,10.41,1.31,0.0
20220812:0811,149.38,31.29,10.82,1.31,0.0
20220812:0911,229.49,37.0,11.5,1.31,0.0
20220812:1011,163.9,41.21,11.96,1.38,0.0
20220812:1111,268.28,43.35,12.48,1.45,0.0
20220812:1211,258.46,43.06,12.72,1.45,0.0
20220812:1311,218.21,40.4,13.0,1.59,0.0
20220812:1411,205.49,35.8,12.89,1.45,0.0
20220812:1511,342.79,29.82,12.66,1.24,0.0
20220812:1611,217.77,23.04,12.47,1.1,0.0
20220812:1711,63.69,15.92,12.23,0.97,0.0
20220812:1811,24.91,8.86,12.12,0.83,0.0
20220812:1911,4.45,2.22,11.06,0.41,0.0
20220812:2011,0.0,0.0,10.9,0.28,0.0
20220812:2111,0.0,0.0,10.94,0.28,0.0
20220812:2211,0.0,0.0,10.75,0.34,0.0
20220812:2311,0.0,0.0,10.72,0.34,0.0
20220813:0011,0.0,0.0,10.68,0.41,0.0
20220813:0111,0.0,0.0,10.47,0.48,0.0
20220813:0211,0.0,0.0,10.17,0.48,0.0
20220813:0311,0.0,0.0,10.05,0.48,0.0
20220813:0411,2.67,3.45,9.84,0.55,0.0
20220813:0511,11.57,10.22,9.77,1.1,0.0
20220813:0611,74.93,17.33,10.21,1.1,0.0
20220813:0711,125.8,24.4,10.7,1.1,0.0
20220813:0811,113.32,31.04,11.19,1.31,0.0
20220813:0911,234.88,36.73,11.72,1.45,0.0
20220813:1011,162.96,40.92,12.13,1.52,0.0
20220813:1111,297.41,43.05,12.84,1.66,0.0
20220813:1211,265.51,42.76,13.16,1.66,0.0
20220813:1311,193.55,40.1,13.12,1.45,0.0
20220813:1411,130.18,35.5,13.43,1.66,0.0
20220813:1511,261.61,29.53,13.23,1.59,0.0
20220813:1611,182.02,22.75,12.95,1.31,0.0
20220813:1711,73.83,15.63,12.82,1.1,0.0
20220813:1811,35.59,8.57,12.65,0.76,0.0
20220813:1911,1.78,1.93,12.18,0.41,0.0
20220813:2011,0.0,0.0,11.78,0.14,0.0
20220813:2111,0.0,0.0,11.47,0.34,0.0
20220813:2211,0.0,0.0,11.07,0.55,0.0
20220813:2311,0.0,0.0,10.57,0.69,0.0
20220814:0011,0.0,0.0,10.12,0.76,0.0
20220814:0111,0.0,0.0,8.96,0.97,0.0
20220814:0211,0.0,0.0,7.52,1.1,0.0
20220814:0311,0.0,0.0,5.86,1.24,0.0
20220814:0411,14.23,3.19,5.53,1.31,0.0
20220814:0511,48.04,9.97,6.19,1.24,0.0
20220814:0611,220.28,17.08,7.91,1.1,0.0
20220814:0711,431.37,24.16,9.11,1.03,0.0
20220814:0811,622.82,30.78,11.18,0.69,0.0
20220814:0911,810.93,36.46,13.04,0.55,0.0
20220814:1011,924.75,40.64,14.97,0.62,0.0
20220814:1111,988.5,42.75,16.13,1.03,0.0
20220814:1211,992.93,42.45,16.91,1.24,0.0
20220814:1311,896.44,39.79,17.39,1.45,0.0
20220814:1411,760.87,35.2,17.4,1.45,0.0
20220814:1511,586.6,29.24,17.26,1.38,0.0
20220814:1611,383.77,22.46,16.82,1.03,0.0
20220814:1711,174.03,15.35,16.38,0.69,0.0
20220814:1811,40.93,8.28,15.88,0.41,0.0
20220814:1911,0.89,1.64,14.82,0.41,0.0
20220814:2011,0.0,0.0,14.41,0.41,0.0
20220814:2111,0.0,0.0,13.75,0.76,0.0
20220814:2211,0.0,0.0,13.23,0.9,0.0
20220814:2311,0.0,0.0,12.81,0.97,0.0
20220815:0011,0.0,0.0,12.38,0.97,0.0
20220815:0111,0.0,0.0,11.55,1.1,0.0
20220815:0211,0.0,0.0,10.9,1.17,0.0
20220815:0311,0.0,0.0,10.63,1.24,0.0
20220815:0411,1.78,2.94,10.46,1.24,0.0
20220815:0511,9.79,9.72,10.47,1.24,0.0
20220815:0611,40.27,16.84,10.82,1.24,0.0
20220815:0711,88.04,23.91,12.77,1.17,0.0
20220815:0811,82.42,30.52,14.15,1.31,0.0
20220815:0911,90.85,36.19,14.27,1.17,0.0
20220815:1011,66.5,40.35,14.36,1.03,0.0
20220815:1111,128.31,42.44,15.36,1.38,0.0
20220815:1211,167.65,42.14,15.85,1.31,0.0
20220815:1311,252.96,39.48,16.68,1.93,0.0
20220815:1411,204.3,34.9,15.14,0.55,0.0
20220815:1511,179.9,28.94,15.86,0.76,0.0
20220815:1611,56.19,22.17,16.06,0.76,0.0
20220815:1711,27.16,15.05,15.77,0.55,0.0
20220815:1811,32.92,7.99,15.68,0.62,0.0
20220815:1911,0.89,1.34,16.24,0.76,0.0
20220815:2011,0.0,0.0,15.97,0.83,0.0
20220815:2111,0.0,0.0,15.4,0.69,0.0
20220815:2211,0.0,0.0,14.46,0.83,0.0
20220815:2311,0.0,0.0,13.5,1.1,0.0
20220816:0011,0.0,0.0,12.35,1.24,0.0
20220816:0111,0.0,0.0,11.82,1.24,0.0
20220816:0211,0.0,0.0,11.31,1.24,0.0
20220816:0311,0.0,0.0,10.76,1.24,0.0
20220816:0411,1.78,2.68,10.6,1.17,0.0
20220816:0511,14.23,9.47,10.04,1.1,0.0
20220816:0611,38.4,16.59,11.04,1.03,0.0
20220816:0711,165.0,23.65,12.7,1.03,0.0
20220816:0811,126.44,30.26,13.64,1.17,0.0
20220816:0911,125.5,35.91,14.37,1.03,0.0
20220816:1011,136.74,40.05,14.19,1.03,0.0
20220816:1111,131.12,42.13,13.94,0.97,0.0
20220816:1211,200.15,41.82,13.87,1.03,0.0
20220816:1311,197.32,39.17,14.08,0.97,0.0
20220816:1411,154.53,34.59,13.67,0.76,0.0
20220816:1511,175.25,28.64,13.84,0.62,0.0
20220816:1611,188.44,21.87,13.98,0.69,0.0
20220816:1711,94.31,14.76,13.91,0.41,0.0
20220816:1811,44.48,7.69,13.78,0.41,0.0
20220816:1911,0.0,0.0,13.34,0.48,0.0
20220816:2011,0.0,0.0,13.12,0.41,0.0
20220816:2111,0.0,0.0,12.66,0.48,0.0
20220816:2211,0.0,0.0,12.39,0.48,0.0
20220816:2311,0.0,0.0,12.15,0.48,0.0
20220817:0011,0.0,0.0,11.89,0.62,0.0
20220817:0111,0.0,0.0,11.59,0.76,0.0
20220817:0211,0.0,0.0,11.29,0.69,0.0
20220817:0311,0.0,0.0,11.63,0.21,0.0
20220817:0411,9.79,2.42,11.21,0.28,0.0
20220817:0511,33.81,9.22,10.32,0.83,0.0
20220817:0611,34.65,16.34,10.45,1.1,0.0
20220817:0711,50.57,23.4,10.27,1.1,0.0
20220817:0811,112.39,29.99,10.59,1.24,0.0
20220817:0911,96.47,35.63,10.22,0.97,0.0
20220817:1011,131.12,39.75,10.18,1.03,0.0
20220817:1111,150.79,41.82,10.05,1.24,0.0
20220817:1211,248.67,41.5,10.32,1.03,0.0
20220817:1311,181.69,38.85,10.04,1.03,0.0
20220817:1411,148.91,34.27,10.75,1.03,0.0
20220817:1511,314.06,28.33,10.81,0.9,0.0
20220817:1611,259.05,21.57,10.79,0.83,0.0
20220817:1711,88.08,14.46,10.76,0.76,0.0
20220817:1811,43.59,7.39,10.54,0.62,0.0
20220817:1911,0.0,0.0,9.88,0.62,0.0
20220817:2011,0.0,0.0,9.29,0.34,0.0
20220817:2111,0.0,0.0,9.14,0.07,0.0
20220817:2211,0.0,0.0,8.79,0.55,0.0
20220817:2311,0.0,0.0,8.62,0.76,0.0
20220818:0011,0.0,0.0,8.25,0.9,0.0
20220818:0111,0.0,0.0,8.1,0.9,0.0
20220818:0211,0.0,0.0,8.07,0.97,0.0
20220818:0311,0.0,0.0,7.92,1.03,0.0
20220818:0411,3.56,2.16,7.95,1.03,0.0
20220818:0511,46.26,8.97,8.04,1.1,0.0
20220818:0611,169.99,16.09,9.04,1.17,0.0
20220818:0711,313.65,23.14,9.2,1.24,0.0
20220818:0811,450.68,29.73,10.38,1.31,0.0
20220818:0911,607.52,35.35,11.23,1.59,0.0
20220818:1011,818.76,39.45,12.42,2.07,0.0
20220818:1111,807.48,41.5,13.11,2.21,0.0
20220818:1211,491.92,41.18,13.93,2.07,0.0
20220818:1311,412.24,38.53,14.04,1.52,0.0
20220818:1411,305.69,33.96,14.13,1.52,0.0
20220818:1511,291.27,28.02,14.12,1.72,0.0
20220818:1611,198.8,21.26,13.48,1.31,0.0
20220818:1711,76.51,14.15,12.71,1.38,0.0
20220818:1811,24.91,7.08,12.06,1.17,0.0
20220818:1911,0.0,0.0,11.05,1.1,0.0
20220818:2011,0.0,0.0,10.63,1.03,0.0
20220818:2111,0.0,0.0,10.34,0.9,0.0
20220818:2211,0.0,0.0,10.19,0.69,0.0
20220818:2311,0.0,0.0,10.22,0.62,0.0
20220819:0011,0.0,0.0,10.12,0.55,0.0
20220819:0111,0.0,0.0,10.17,0.55,0.0
20220819:0211,0.0,0.0,10.2,0.55,0.0
20220819:0311,0.0,0.0,9.99,0.55,0.0
20220819:0411,5.34,1.89,9.57,0.55,0.0
20220819:0511,24.02,8.71,9.41,0.69,0.0
20220819:0611,27.16,15.83,9.58,0.9,0.0
20220819:0711,52.45,22.89,10.21,1.03,0.0
20220819:0811,77.74,29.46,10.89,1.17,0.0
20220819:0911,229.49,35.06,11.46,1.24,0.0
20220819:1011,125.5,39.15,11.68,1.24,0.0
20220819:1111,120.82,41.19,12.33,1.17,0.0
20220819:1211,88.04,40.85,12.98,1.24,0.0
20220819:1311,104.9,38.2,13.55,1.45,0.0
20220819:1411,85.23,33.63,13.18,0.9,0.0
20220819:1511,112.39,27.71,13.09,0.9,0.0
20220819:1611,101.44,20.95,13.21,0.97,0.0
20220819:1711,42.7,13.84,13.36,1.1,0.0
20220819:1811,18.68,6.77,13.2,0.9,0.0
20220819:1911,0.0,0.0,11.99,0.76,0.0
20220819:2011,0.0,0.0,11.63,0.83,0.0
20220819:2111,0.0,0.0,11.43,0.97,0.0
20220819:2211,0.0,0.0,11.39,0.9,0.0
20220819:2311,0.0,0.0,11.44,0.9,0.0
20220820:0011,0.0,0.0,11.69,0.69,0.0
20220820:0111,0.0,0.0,11.09,0.76,0.0
20220820:0211,0.0,0.0,10.79,0.62,0.0
20220820:0311,0.0,0.0,10.47,0.21,0.0
20220820:0411,1.78,1.63,10.1,0.07,0.0
20220820:0511,50.71,8.45,10.08,0.07,0.0
20220820:0611,64.62,15.58,10.07,0.55,0.0
20220820:0711,104.9,22.63,10.64,0.76,0.0
20220820:0811,261.06,29.19,11.13,1.17,0.0
20220820:0911,354.9,34.78,11.13,1.66,0.0
20220820:1011,224.79,38.84,11.01,1.86,0.0
20220820:1111,276.66,40.86,10.91,1.79,0.0
20220820:1211,661.42,40.52,11.52,1.72,0.0
20220820:1311,666.98,37.87,11.37,1.79,0.0
20220820:1411,654.14,33.31,11.61,1.72,0.0
20220820:1511,520.41,27.39,11.36,1.59,0.0
20220820:1611,121.76,20.64,11.19,1.45,0.0
20220820:1711,88.08,13.53,10.77,1.1,0.0
20220820:1811,29.36,6.45,10.42,0.55,0.0
20220820:1911,0.0,0.0,9.92,0.41,0.0
20220820:2011,0.0,0.0,9.5,0.0,0.0
20220820:2111,0.0,0.0,9.13,0.48,0.0
20220820:2211,0.0,0.0,8.74,0.62,0.0
20220820:2311,0.0,0.0,8.52,0.69,0.0
20220821:0011,0.0,0.0,8.35,0.69,0.0
20220821:0111,0.0,0.0,8.08,0.69,0.0
20220821:0211,0.0,0.0,7.92,0.76,0.0
20220821:0311,0.0,0.0,7.75,0.83,0.0
20220821:0411,0.89,1.36,7.56,0.9,0.0
20220821:0511,8.01,8.19,7.39,0.97,0.0
20220821:0611,18.73,15.32,7.55,1.03,0.0
20220821:0711,33.72,22.36,8.23,0.83,0.0
20220821:0811,147.6,28.91,8.96,0.69,0.0
20220821:0911,226.21,34.49,9.42,0.48,0.0
20220821:1011,102.09,38.53,10.29,0.97,0.0
20220821:1111,249.67,40.54,10.53,1.45,0.0
20220821:1211,260.36,40.18,11.03,1.72,0.0
20220821:1311,402.82,37.53,10.84,1.93,0.0
20220821:1411,89.91,32.98,8.64,1.72,0.0
20220821:1511,84.29,27.06,8.47,1.59,0.0
20220821:1611,80.55,20.32,8.15,1.45,0.0
20220821:1711,85.41,13.21,7.48,1.79,0.0
20220821:1811,34.7,6.13,6.67,1.45,0.0
20220821:1911,0.0,0.0,5.32,1.45,0.0
20220821:2011,0.0,0.0,4.8,1.45,0.0
20220821:2111,0.0,0.0,4.24,1.59,0.0
20220821:2211,0.0,0.0,3.87,1.45,0.0
20220821:2311,0.0,0.0,3.85,1.66,0.0
20220822:0011,0.0,0.0,3.62,1.59,0.0
20220822:0111,0.0,0.0,3.54,1.38,0.0
20220822:0211,0.0,0.0,3.03,1.45,0.0
20220822:0311,0.0,0.0,3.21,1.52,0.0
20220822:0411,0.0,0.0,3.14,1.45,0.0
20220822:0511,22.24,7.93,3.29,1.93,0.0
20220822:0611,58.07,15.06,3.61,1.86,0.0
20220822:0711,62.75,22.1,4.16,2.14,0.0
20220822:0811,97.4,28.64,4.67,2.28,0.0
20220822:0911,137.68,34.19,5.55,2.41,0.0
20220822:1011,103.96,38.22,6.03,2.34,0.0
20220822:1111,102.09,40.21,6.73,2.34,0.0
20220822:1211,201.15,39.85,7.34,2.14,0.0
20220822:1311,193.63,37.19,7.77,2.07,0.0
20220822:1411,328.61,32.64,8.0,1.93,0.0
20220822:1511,281.72,26.73,7.81,1.66,0.0
20220822:1611,171.53,20.0,7.67,1.17,0.0
20220822:1711,66.73,12.89,7.71,0.83,0.0
20220822:1811,14.23,5.81,7.38,0.48,0.0
20220822:1911,0.0,0.0,6.92,0.34,0.0
20220822:2011,0.0,0.0,6.54,0.0,0.0
20220822:2111,0.0,0.0,6.23,0.62,0.0
20220822:2211,0.0,0.0,5.86,0.76,0.0
20220822:2311,0.0,0.0,5.48,0.9,0.0
20220823:0011,0.0,0.0,5.17,0.97,0.0
20220823:0111,0.0,0.0,5.02,0.97,0.0
20220823:0211,0.0,0.0,4.8,1.1,0.0
20220823:0311,0.0,0.0,4.64,1.17,0.0
20220823:0411,0.0,0.0,4.57,1.17,0.0
20220823:0511,18.68,7.67,4.48,1.17,0.0
20220823:0611,79.75,14.8,5.1,1.03,0.0
20220823:0711,391.72,21.83,7.15,0.97,0.0
20220823:0811,489.96,28.36,8.76,0.97,0.0
20220823:0911,631.32,33.9,10.02,0.9,0.0
20220823:1011,455.49,37.91,11.16,0.97,0.0
20220823:1111,566.1,39.88,12.08,1.03,0.0
20220823:1211,637.4,39.5,12.78,1.03,0.0
20220823:1311,606.62,36.85,13.5,1.03,0.0
20220823:1411,527.05,32.31,13.97,1.24,0.0
20220823:1511,400.22,26.4,14.22,1.31,0.0
20220823:1611,311.54,19.67,14.28,1.31,0.0
20220823:1711,81.85,12.56,13.89,0.97,0.0
20220823:1811,32.03,5.48,13.46,1.03,0.0
20220823:1911,0.0,0.0,12.61,0.55,0.0
20220823:2011,0.0,0.0,11.73,0.83,0.0
20220823:2111,0.0,0.0,10.83,0.97,0.0
20220823:2211,0.0,0.0,9.89,1.03,0.0
20220823:2311,0.0,0.0,9.14,1.17,0.0
20220824:0011,0.0,0.0,8.14,1.24,0.0
20220824:0111,0.0,0.0,7.65,1.31,0.0
20220824:0211,0.0,0.0,7.3,1.31,0.0
20220824:0311,0.0,0.0,7.04,1.31,0.0
20220824:0411,0.0,0.0,6.51,1.31,0.0
20220824:0511,12.46,7.4,6.45,1.31,0.0
20220824:0611,73.13,14.53,7.55,1.17,0.0
20220824:0711,237.48,21.56,9.81,1.31,0.0
20220824:0811,167.87,28.08,11.39,1.31,0.0
20220824:0911,74.93,33.6,12.29,1.31,0.0
20220824:1011,89.91,37.59,13.54,1.52,0.0
20220824:1111,100.21,39.54,13.99,1.66,0.0
20220824:1211,59.0,39.16,14.15,1.72,0.0
20220824:1311,99.28,36.51,14.4,1.66,0.0
20220824:1411,74.93,31.97,14.49,1.72,0.0
20220824:1511,101.15,26.07,13.99,1.52,0.0
20220824:1611,67.43,19.34,13.83,1.52,0.0
20220824:1711,49.82,12.23,13.45,1.31,0.0
20220824:1811,12.46,5.15,13.07,1.31,0.0
20220824:1911,0.0,0.0,12.45,1.17,0.0
20220824:2011,0.0,0.0,11.71,1.24,0.0
20220824:2111,0.0,0.0,11.28,1.17,0.0
20220824:2211,0.0,0.0,11.01,1.38,0.0
20220824:2311,0.0,0.0,10.59,1.31,0.0
20220825:0011,0.0,0.0,10.5,1.17,0.0
20220825:0111,0.0,0.0,10.2,1.17,0.0
20220825:0211,0.0,0.0,9.53,1.17,0.0
20220825:0311,0.0,0.0,9.22,1.24,0.0
20220825:0411,0.0,0.0,9.14,1.24,0.0
20220825:0511,8.9,7.13,8.91,1.24,0.0
20220825:0611,103.38,14.27,9.5,1.31,0.0
20220825:0711,195.23,21.29,11.43,1.24,0.0
20220825:0811,288.31,27.8,12.43,1.24,0.0
20220825:0911,435.72,33.3,13.44,1.24,0.0
20220825:1011,225.6,37.27,14.38,1.45,0.0
20220825:1111,256.9,39.2,15.1,1.59,0.0
20220825:1211,104.9,38.81,15.98,1.93,0.0
20220825:1311,52.45,36.16,15.56,2.21,0.0
20220825:1411,70.24,31.62,14.78,1.72,0.0
20220825:1511,61.81,25.73,13.91,1.52,0.0
20220825:1611,90.26,19.0,13.6,1.17,0.0
20220825:1711,30.25,11.9,13.2,1.03,0.0
20220825:1811,5.34,4.82,13.0,1.03,0.0
20220825:1911,0.0,0.0,13.65,0.97,0.0
20220825:2011,0.0,0.0,13.22,1.1,0.0
20220825:2111,0.0,0.0,12.71,1.17,0.0
20220825:2211,0.0,0.0,11.88,1.31,0.0
20220825:2311,0.0,0.0,11.51,1.31,0.0
20220826:0011,0.0,0.0,10.99,1.31,0.0
20220826:0111,0.0,0.0,10.8,1.31,0.0
20220826:0211,0.0,0.0,10.79,1.17,0.0
20220826:0311,0.0,0.0,10.43,1.17,0.0
20220826:0411,0.0,0.0,9.93,1.03,0.0
20220826:0511,6.23,6.87,9.71,1.03,0.0
20220826:0611,24.35,14.0,9.61,0.83,0.0
20220826:0711,59.0,21.02,10.71,0.9,0.0
20220826:0811,147.34,27.51,11.08,0.83,0.0
20220826:0911,97.4,33.0,11.53,1.1,0.0
20220826:1011,113.32,36.94,11.43,0.83,0.0
20220826:1111,159.22,38.86,11.76,0.83,0.0
20220826:1211,163.9,38.46,11.93,0.9,0.0
20220826:1311,132.06,35.8,12.21,0.9,0.0
20220826:1411,137.68,31.27,11.99,0.62,0.0
20220826:1511,100.21,25.39,11.63,0.41,0.0
20220826:1611,39.34,18.66,11.42,0.34,0.0
20220826:1711,12.46,11.56,11.28,0.14,0.0
20220826:1811,3.56,4.48,11.09,0.14,0.0
20220826:1911,0.0,0.0,10.78,0.83,0.0
20220826:2011,0.0,0.0,10.21,0.76,0.0
20220826:2111,0.0,0.0,9.69,0.76,0.0
20220826:2211,0.0,0.0,9.47,0.83,0.0
20220826:2311,0.0,0.0,9.29,0.97,0.0
20220827:0011,0.0,0.0,9.23,0.97,0.0
20220827:0111,0.0,0.0,9.08,1.1,0.0
20220827:0211,0.0,0.0,8.35,1.24,0.0
20220827:0311,0.0,0.0,7.62,1.17,0.0
20220827:0411,0.0,0.0,6.9,1.17,0.0
20220827:0511,20.46,6.59,6.4,1.03,0.0
20220827:0611,120.5,13.73,6.21,0.97,0.0
20220827:0711,207.49,20.74,6.23,0.9,0.0
20220827:0811,433.96,27.22,6.36,1.03,0.0
20220827:0911,559.97,32.69,7.19,1.1,0.0
20220827:1011,560.35,36.62,7.84,1.31,0.0
20220827:1111,436.8,38.52,8.95,1.31,0.0
20220827:1211,587.65,38.11,9.65,1.45,0.0
20220827:1311,325.88,35.45,10.12,1.45,0.0
20220827:1411,341.83,30.92,10.45,1.45,0.0
20220827:1511,329.39,25.04,10.53,1.45,0.0
20220827:1611,165.41,18.32,10.31,1.31,0.0
20220827:1711,70.28,11.22,10.09,1.24,0.0
20220827:1811,16.9,4.14,9.53,1.03,0.0
20220827:1911,0.0,0.0,8.13,0.83,0.0
20220827:2011,0.0,0.0,7.75,0.48,0.0
20220827:2111,0.0,0.0,7.39,0.34,0.0
20220827:2211,0.0,0.0,7.06,0.34,0.0
20220827:2311,0.0,0.0,6.72,0.41,0.0
20220828:0011,0.0,0.0,6.28,0.48,0.0
20220828:0111,0.0,0.0,5.96,0.55,0.0
20220828:0211,0.0,0.0,5.71,0.62,0.0
20220828:0311,0.0,0.0,5.51,0.69,0.0
20220828:0411,0.0,0.0,5.23,0.76,0.0
20220828:0511,32.03,6.32,5.03,0.76,0.0
20220828:0611,201.85,13.46,5.71,0.76,0.0
20220828:0711,410.87,20.47,7.33,0.69,0.0
20220828:0811,629.18,26.93,8.56,0.41,0.0
20220828:0911,758.51,32.38,9.76,0.14,0.0
20220828:1011,860.51,36.29,10.59,0.41,0.0
20220828:1111,928.66,38.17,11.51,0.69,0.0
20220828:1211,938.64,37.75,12.28,0.83,0.0
20220828:1311,847.65,35.09,12.93,0.9,0.0
20220828:1411,706.85,30.57,13.29,1.03,0.0
20220828:1511,544.99,24.69,13.25,1.1,0.0
20220828:1611,328.07,17.98,13.1,1.17,0.0
20220828:1711,49.82,10.88,12.63,0.83,0.0
20220828:1811,20.46,3.79,12.23,0.55,0.0
20220828:1911,0.0,0.0,11.3,0.34,0.0
20220828:2011,0.0,0.0,10.58,0.62,0.0
20220828:2111,0.0,0.0,9.93,0.76,0.0
20220828:2211,0.0,0.0,9.22,0.9,0.0
20220828:2311,0.0,0.0,8.67,0.97,0.0
20220829:0011,0.0,0.0,8.18,1.03,0.0
20220829:0111,0.0,0.0,7.8,1.03,0.0
20220829:0211,0.0,0.0,7.64,1.03,0.0
20220829:0311,0.0,0.0,7.25,0.97,0.0
20220829:0411,0.0,0.0,5.23,1.1,0.0
20220829:0511,29.36,6.05,4.85,1.1,0.0
20220829:0611,199.95,13.19,5.18,1.03,0.0
20220829:0711,407.99,20.19,8.21,0.48,0.0
20220829:0811,598.59,26.64,9.11,0.41,0.0
20220829:0911,464.12,32.07,10.23,0.69,0.0
20220829:1011,619.71,35.96,11.01,0.97,0.0
20220829:1111,726.67,37.82,11.89,1.1,0.0
20220829:1211,717.33,37.39,12.62,1.1,0.0
20220829:1311,715.44,34.73,13.03,1.24,0.0
20220829:1411,606.57,30.21,13.32,1.17,0.0
20220829:1511,478.14,24.34,13.21,1.17,0.0
20220829:1611,316.97,17.63,12.79,1.24,0.0
20220829:1711,48.04,10.53,12.34,1.1,0.0
20220829:1811,18.68,3.44,11.85,0.83,0.0
20220829:1911,0.0,0.0,11.03,0.83,0.0
20220829:2011,0.0,0.0,11.01,0.48,0.0
20220829:2111,0.0,0.0,10.54,0.34,0.0
20220829:2211,0.0,0.0,10.06,0.34,0.0
20220829:2311,0.0,0.0,9.58,0.41,0.0
20220830:0011,0.0,0.0,9.07,0.55,0.0
20220830:0111,0.0,0.0,8.49,0.62,0.0
20220830:0211,0.0,0.0,8.17,0.69,0.0
20220830:0311,0.0,0.0,7.33,0.76,0.0
20220830:0411,0.0,0.0,5.66,0.97,0.0
20220830:0511,33.81,5.77,4.97,1.1,0.0
20220830:0611,168.75,12.91,5.88,0.97,0.0
20220830:0711,337.32,19.91,8.41,0.14,0.0
20220830:0811,511.12,26.35,9.26,0.62,0.0
20220830:0911,680.05,31.76,10.05,0.62,0.0
20220830:1011,697.76,35.63,10.92,0.69,0.0
20220830:1111,650.63,37.47,11.39,0.76,0.0
20220830:1211,530.82,37.03,11.94,0.9,0.0
20220830:1311,606.76,34.36,12.21,0.97,0.0
20220830:1411,511.09,29.85,12.6,1.03,0.0
20220830:1511,473.81,23.98,12.49,0.97,0.0
20220830:1611,321.77,17.28,12.36,0.9,0.0
20220830:1711,44.48,10.18,12.05,0.69,0.0
20220830:1811,15.12,3.09,11.65,0.48,0.0
20220830:1911,0.0,0.0,11.46,0.21,0.0
20220830:2011,0.0,0.0,10.79,0.41,0.0
20220830:2111,0.0,0.0,10.22,0.62,0.0
20220830:2211,0.0,0.0,9.46,0.76,0.0
20220830:2311,0.0,0.0,8.88,0.76,0.0
20220831:0011,0.0,0.0,8.31,0.69,0.0
20220831:0111,0.0,0.0,7.95,0.76,0.0
20220831:0211,0.0,0.0,7.77,0.76,0.0
20220831:0311,0.0,0.0,7.36,0.69,0.0
20220831:0411,0.0,0.0,6.76,0.76,0.0
20220831:0511,25.8,5.5,6.32,0.83,0.0
20220831:0611,49.82,12.64,6.37,0.69,0.0
20220831:0711,399.22,19.63,7.8,0.41,0.0
20220831:0811,600.82,26.06,9.36,0.62,0.0
20220831:0911,758.41,31.45,10.47,0.76,0.0
20220831:1011,880.62,35.29,11.5,0.9,0.0
20220831:1111,922.21,37.12,12.49,0.97,0.0
20220831:1211,887.69,36.66,13.26,1.1,0.0
20220831:1311,811.45,34.0,14.03,1.31,0.0
20220831:1411,690.96,29.49,14.05,1.45,0.0
20220831:1511,523.41,23.63,13.81,1.59,0.0
20220831:1611,315.56,16.93,13.59,1.38,0.0
20220831:1711,42.7,9.83,13.1,1.03,0.0
20220831:1811,13.35,2.74,12.48,0.83,0.0
20220831:1911,0.0,0.0,11.48,0.69,0.0
20220831:2011,0.0,0.0,10.89,0.48,0.0
20220831:2111,0.0,0.0,10.15,0.34,0.0
20220831:2211,0.0,0.0,9.51,0.41,0.0
20220831:2311,0.0,0.0,8.94,0.62,0.0
20220901:0011,0.0,0.0,8.09,0.69,0.0
20220901:0111,0.0,0.0,7.39,0.83,0.0
20220901:0211,0.0,0.0,6.45,0.9,0.0
20220901:0311,0.0,0.0,5.89,0.97,0.0
20220901:0411,0.0,0.0,5.39,0.97,0.0
20220901:0511,28.47,5.22,4.82,1.03,0.0
20220901:0611,55.16,12.36,5.37,0.83,0.0
20220901:0711,386.28,19.34,6.4,0.69,0.0
20220901:0811,591.44,25.76,8.59,0.48,0.0
20220901:0911,752.35,31.13,10.49,0.69,0.0
20220901:1011,860.28,34.95,11.7,1.03,0.0
20220901:1111,898.79,36.76,12.55,1.31,0.0
20220901:1211,892.87,36.29,13.12,1.52,0.0
20220901:1311,822.58,33.63,13.41,1.52,0.0
20220901:1411,682.64,29.12,13.5,1.45,0.0
20220901:1511,517.31,23.27,13.41,1.52,0.0
20220901:1611,309.51,16.57,13.1,1.45,0.0
20220901:1711,41.81,9.47,12.53,1.17,0.0
20220901:1811,10.68,2.38,11.83,0.97,0.0
20220901:1911,0.0,0.0,11.11,0.76,0.0
20220901:2011,0.0,0.0,10.79,0.48,0.0
20220901:2111,0.0,0.0,10.15,0.21,0.0
20220901:2211,0.0,0.0,9.62,0.28,0.0
20220901:2311,0.0,0.0,9.12,0.48,0.0
20220902:0011,0.0,0.0,8.44,0.55,0.0
20220902:0111,0.0,0.0,7.94,0.55,0.0
20220902:0211,0.0,0.0,7.67,0.55,0.0
20220902:0311,0.0,0.0,7.26,0.62,0.0
20220902:0411,0.0,0.0,6.68,0.76,0.0
20220902:0511,24.91,4.94,6.47,0.76,0.0
20220902:0611,75.62,12.08,6.73,0.69,0.0
20220902:0711,228.59,19.06,7.43,0.69,0.0
20220902:0811,348.85,25.46,8.78,0.41,0.0
20220902:0911,447.31,30.81,9.67,0.55,0.0
20220902:1011,599.82,34.61,10.51,0.83,0.0
20220902:1111,629.61,36.4,11.43,1.1,0.0
20220902:1211,700.97,35.92,11.93,1.24,0.0
20220902:1311,684.98,33.26,11.8,1.45,0.0
20220902:1411,597.07,28.75,11.79,1.38,0.0
20220902:1511,467.65,22.9,11.85,1.31,0.0
20220902:1611,288.11,16.21,11.63,1.24,0.0
20220902:1711,55.16,9.12,11.24,1.03,0.0
20220902:1811,4.45,2.02,10.78,0.83,0.0
20220902:1911,0.0,0.0,10.09,0.9,0.0
20220902:2011,0.0,0.0,10.24,0.69,0.0
20220902:2111,0.0,0.0,9.58,0.55,0.0
20220902:2211,0.0,0.0,9.04,0.41,0.0
20220902:2311,0.0,0.0,8.61,0.28,0.0
20220903:0011,0.0,0.0,8.19,0.14,0.0
20220903:0111,0.0,0.0,7.9,0.14,0.0
20220903:0211,0.0,0.0,7.37,0.28,0.0
20220903:0311,0.0,0.0,6.82,0.41,0.0
20220903:0411,0.0,0.0,6.31,0.48,0.0
20220903:0511,24.02,4.66,5.62,0.62,0.0
20220903:0611,46.26,11.8,5.74,0.48,0.0
20220903:0711,295.42,18.77,6.4,0.34,0.0
20220903:0811,556.01,25.16,7.34,0.14,0.0
20220903:0911,712.7,30.49,8.51,0.28,0.0
20220903:1011,98.75,34.27,9.43,0.76,0.0
20220903:1111,831.49,36.04,10.04,1.1,0.0
20220903:1211,742.8,35.55,10.61,1.38,0.0
20220903:1311,746.29,32.88,10.87,1.45,0.0
20220903:1411,666.02,28.38,10.97,1.52,0.0
20220903:1511,485.53,22.54,10.9,1.66,0.0
20220903:1611,268.15,15.85,10.46,1.59,0.0
20220903:1711,49.82,8.75,9.97,1.38,0.0
20220903:1811,4.45,1.66,9.23,0.97,0.0
20220903:1911,0.0,0.0,8.77,0.9,0.0
20220903:2011,0.0,0.0,8.83,0.62,0.0
20220903:2111,0.0,0.0,8.27,0.48,0.0
20220903:2211,0.0,0.0,7.73,0.55,0.0
20220903:2311,0.0,0.0,7.24,0.62,0.0
20220904:0011,0.0,0.0,6.82,0.62,0.0
20220904:0111,0.0,0.0,6.03,0.69,0.0
20220904:0211,0.0,0.0,5.43,0.76,0.0
20220904:0311,0.0,0.0,5.29,0.83,0.0
20220904:0411,0.0,0.0,4.4,0.9,0.0
20220904:0511,16.01,4.38,4.19,0.97,0.0
20220904:0611,67.62,11.52,3.76,0.9,0.0
20220904:0711,275.54,18.48,4.51,0.83,0.0
20220904:0811,420.03,24.86,6.29,0.55,0.0
20220904:0911,553.17,30.17,7.92,0.48,0.0
20220904:1011,197.51,33.93,9.2,1.03,0.0
20220904:1111,656.14,35.68,10.15,1.31,0.0
20220904:1211,209.07,35.18,10.77,1.31,0.0
20220904:1311,677.6,32.5,11.28,1.45,0.0
20220904:1411,589.66,28.0,11.41,1.52,0.0
20220904:1511,392.46,22.17,11.16,1.38,0.0
20220904:1611,236.2,15.48,11.11,0.97,0.0
20220904:1711,42.7,8.39,10.66,0.69,0.0
20220904:1811,1.78,1.29,10.28,0.69,0.0
20220904:1911,0.0,0.0,9.55,0.28,0.0
20220904:2011,0.0,0.0,8.8,0.55,0.0
20220904:2111,0.0,0.0,8.18,0.69,0.0
20220904:2211,0.0,0.0,7.71,0.83,0.0
20220904:2311,0.0,0.0,7.19,0.83,0.0
20220905:0011,0.0,0.0,6.71,0.9,0.0
20220905:0111,0.0,0.0,6.29,0.9,0.0
20220905:0211,0.0,0.0,5.96,0.9,0.0
20220905:0311,0.0,0.0,5.57,0.9,0.0
20220905:0411,0.0,0.0,5.37,0.9,0.0
20220905:0511,19.57,4.1,5.08,0.97,0.0
20220905:0611,72.95,11.24,4.48,1.1,0.0
20220905:0711,178.75,18.19,5.73,0.97,0.0
20220905:0811,409.57,24.55,7.04,0.83,0.0
20220905:0911,357.31,29.85,8.37,0.55,0.0
20220905:1011,239.32,33.58,9.6,0.55,0.0
20220905:1111,249.11,35.31,10.7,0.62,0.0
20220905:1211,241.1,34.8,11.5,0.69,0.0
20220905:1311,405.21,32.12,12.09,0.9,0.0
20220905:1411,453.48,27.63,12.21,1.1,0.0
20220905:1511,363.14,21.8,12.23,1.1,0.0
20220905:1611,252.05,15.11,11.9,0.9,0.0
20220905:1711,44.48,8.03,11.4,0.76,0.0
20220905:1811,0.0,0.0,10.86,0.62,0.0
20220905:1911,0.0,0.0,9.67,0.21,0.0
20220905:2011,0.0,0.0,9.08,0.48,0.0
20220905:2111,0.0,0.0,8.64,0.55,0.0
20220905:2211,0.0,0.0,8.11,0.62,0.0
20220905:2311,0.0,0.0,7.53,0.83,0.0
20220906:0011,0.0,0.0,7.0,0.9,0.0
20220906:0111,0.0,0.0,6.59,0.9,0.0
20220906:0211,0.0,0.0,6.26,0.9,0.0
20220906:0311,0.0,0.0,5.97,0.97,0.0
20220906:0411,0.0,0.0,5.71,0.97,0.0
20220906:0511,20.46,3.81,5.48,0.97,0.0
20220906:0611,48.04,10.95,5.56,0.97,0.0
20220906:0711,0.0,0.0,5.49,0.69,0.0
20220906:0811,584.09,24.25,7.93,0.34,0.0
20220906:0911,734.22,29.52,9.36,0.21,0.0
20220906:1011,106.76,33.23,10.42,0.14,0.0
20220906:1111,113.88,34.94,11.37,0.21,0.0
20220906:1211,118.33,34.42,12.09,0.34,0.0
20220906:1311,797.16,31.74,12.53,0.62,0.0
20220906:1411,666.44,27.25,12.78,0.55,0.0
20220906:1511,497.26,21.42,12.57,0.55,0.0
20220906:1611,287.55,14.74,12.27,0.9,0.0
20220906:1711,37.37,7.66,11.7,0.69,0.0
20220906:1811,0.0,0.0,11.02,0.55,0.0
20220906:1911,0.0,0.0,10.96,0.21,0.0
20220906:2011,0.0,0.0,10.1,0.62,0.0
20220906:2111,0.0,0.0,9.13,0.83,0.0
20220906:2211,0.0,0.0,8.31,0.97,0.0
20220906:2311,0.0,0.0,7.64,1.03,0.0
20220907:0011,0.0,0.0,7.08,1.17,0.0
20220907:0111,0.0,0.0,6.71,1.17,0.0
20220907:0211,0.0,0.0,6.42,1.17,0.0
20220907:0311,0.0,0.0,6.06,1.17,0.0
20220907:0411,0.0,0.0,5.73,1.24,0.0
20220907:0511,17.79,3.53,5.51,1.24,0.0
20220907:0611,45.37,10.67,5.64,1.17,0.0
20220907:0711,377.03,17.61,6.63,0.83,0.0
20220907:0811,580.89,23.94,8.67,0.9,0.0
20220907:0911,748.4,29.19,9.97,0.9,0.0
20220907:1011,91.64,32.88,10.89,0.83,0.0
20220907:1111,108.54,34.58,11.64,0.9,0.0
20220907:1211,116.55,34.04,12.15,0.97,0.0
20220907:1311,791.38,31.36,12.48,1.03,0.0
20220907:1411,671.85,26.87,12.65,1.24,0.0
20220907:1511,492.07,21.05,12.57,1.1,0.0
20220907:1611,280.26,14.37,12.35,0.9,0.0
20220907:1711,37.37,7.29,11.71,0.55,0.0
20220907:1811,0.0,0.0,10.78,0.62,0.0
20220907:1911,0.0,0.0,10.4,0.69,0.0
20220907:2011,0.0,0.0,9.42,0.9,0.0
20220907:2111,0.0,0.0,8.57,0.97,0.0
20220907:2211,0.0,0.0,7.87,1.03,0.0
20220907:2311,0.0,0.0,7.31,1.03,0.0
20220908:0011,0.0,0.0,6.73,1.03,0.0
20220908:0111,0.0,0.0,6.35,1.03,0.0
20220908:0211,0.0,0.0,5.99,0.97,0.0
20220908:0311,0.0,0.0,5.66,1.03,0.0
20220908:0411,0.0,0.0,5.48,1.03,0.0
20220908:0511,2.67,3.24,5.34,1.1,0.0
20220908:0611,56.05,10.38,5.48,1.1,0.0
20220908:0711,81.48,17.32,6.2,0.69,0.0
20220908:0811,110.52,23.63,7.04,0.9,0.0
20220908:0911,208.77,28.86,8.01,1.1,0.0
20220908:1011,153.02,32.53,8.71,1.24,0.0
20220908:1111,214.41,34.2,9.25,1.52,0.0
20220908:1211,201.96,33.66,9.67,1.52,0.0
20220908:1311,162.92,30.97,10.05,1.72,0.0
20220908:1411,133.84,26.49,10.05,1.72,0.0
20220908:1511,194.95,20.67,9.9,1.66,0.0
20220908:1611,90.45,14.0,9.35,1.31,0.0
20220908:1711,29.36,6.92,8.8,1.1,0.0
20220908:1811,0.0,0.0,8.27,0.97,0.0
20220908:1911,0.0,0.0,7.41,1.17,0.0
20220908:2011,0.0,0.0,6.61,1.1,0.0
20220908:2111,0.0,0.0,5.99,1.1,0.0
20220908:2211,0.0,0.0,5.68,1.03,0.0
20220908:2311,0.0,0.0,5.1,1.17,0.0
20220909:0011,0.0,0.0,4.86,1.1,0.0
20220909:0111,0.0,0.0,5.28,1.03,0.0
20220909:0211,0.0,0.0,4.63,1.1,0.0
20220909:0311,0.0,0.0,4.55,1.03,0.0
20220909:0411,0.0,0.0,4.64,0.97,0.0
20220909:0511,1.78,2.95,4.36,1.03,0.0
20220909:0611,29.36,10.09,4.0,1.03,0.0
20220909:0711,73.05,17.02,4.99,1.24,0.0
20220909:0811,125.4,23.32,6.45,1.17,0.0
20220909:0911,153.56,28.53,7.35,1.38,0.0
20220909:1011,201.96,32.18,7.68,1.31,0.0
20220909:1111,241.99,33.83,8.14,1.38,0.0
20220909:1211,238.43,33.28,8.6,1.45,0.0
20220909:1311,546.65,30.59,8.84,1.45,0.0
20220909:1411,491.72,26.1,8.94,1.45,0.0
20220909:1511,482.33,20.29,8.74,1.31,0.0
20220909:1611,52.49,13.62,8.41,1.31,0.0
20220909:1711,30.25,6.54,7.84,0.97,0.0
20220909:1811,0.0,0.0,7.3,0.97,0.0
20220909:1911,0.0,0.0,6.18,0.9,0.0
20220909:2011,0.0,0.0,6.12,0.9,0.0
20220909:2111,0.0,0.0,5.8,0.9,0.0
20220909:2211,0.0,0.0,5.31,0.9,0.0
20220909:2311,0.0,0.0,4.83,0.9,0.0
20220910:0011,0.0,0.0,4.33,0.9,0.0
20220910:0111,0.0,0.0,3.26,0.97,0.0
20220910:0211,0.0,0.0,2.95,1.03,0.0
20220910:0311,0.0,0.0,1.68,1.1,0.0
20220910:0411,0.0,0.0,0.62,1.24,0.0
20220910:0511,8.01,2.66,0.09,1.38,0.0
20220910:0611,62.28,9.81,0.65,1.31,0.0
20220910:0711,303.76,16.72,3.19,1.1,0.0
20220910:0811,457.61,23.01,5.48,0.83,0.0
20220910:0911,479.66,28.2,7.23,0.76,0.0
20220910:1011,121.0,31.82,8.26,0.83,0.0
20220910:1111,217.08,33.46,9.39,1.17,0.0
20220910:1211,234.88,32.89,9.73,1.31,0.0
20220910:1311,130.18,30.2,10.06,1.45,0.0
20220910:1411,420.82,25.72,10.17,1.52,0.0
20220910:1511,399.21,19.91,9.97,1.38,0.0
20220910:1611,80.07,13.25,9.73,1.24,0.0
20220910:1711,36.48,6.17,9.24,1.1,0.0
20220910:1811,0.0,0.0,8.56,0.9,0.0
20220910:1911,0.0,0.0,8.13,0.76,0.0
20220910:2011,0.0,0.0,8.1,0.69,0.0
20220910:2111,0.0,0.0,7.67,0.48,0.0
20220910:2211,0.0,0.0,7.37,0.34,0.0
20220910:2311,0.0,0.0,6.85,0.21,0.0
20220911:0011,0.0,0.0,6.4,0.0,0.0
20220911:0111,0.0,0.0,6.02,0.14,0.0
20220911:0211,0.0,0.0,5.01,0.48,0.0
20220911:0311,0.0,0.0,3.91,0.76,0.0
20220911:0411,0.0,0.0,2.69,0.9,0.0
20220911:0511,8.9,2.38,1.15,1.03,0.0
20220911:0611,47.15,9.52,1.6,1.03,0.0
20220911:0711,354.33,16.43,2.9,0.9,0.0
20220911:0811,532.55,22.69,4.32,0.55,0.0
20220911:0911,661.75,27.86,6.12,0.62,0.0
20220911:1011,142.35,31.46,7.27,1.1,0.0
20220911:1111,145.02,33.08,8.3,1.31,0.0
20220911:1211,153.02,32.5,9.09,1.45,0.0
20220911:1311,751.87,29.81,9.5,1.45,0.0
20220911:1411,414.93,25.33,9.69,1.45,0.0
20220911:1511,298.45,19.53,9.7,1.45,0.0
20220911:1611,87.19,12.87,9.21,1.24,0.0
20220911:1711,24.91,5.79,8.7,0.9,0.0
20220911:1811,0.0,0.0,8.03,0.62,0.0
20220911:1911,0.0,0.0,7.84,0.55,0.0
20220911:2011,0.0,0.0,7.45,0.41,0.0
20220911:2111,0.0,0.0,7.08,0.41,0.0
20220911:2211,0.0,0.0,6.68,0.48,0.0
20220911:2311,0.0,0.0,6.38,0.55,0.0
20220912:0011,0.0,0.0,6.1,0.55,0.0
20220912:0111,0.0,0.0,5.9,0.48,0.0
20220912:0211,0.0,0.0,5.77,0.62,0.0
20220912:0311,0.0,0.0,5.6,0.83,0.0
20220912:0411,0.0,0.0,5.46,0.9,0.0
20220912:0511,1.78,2.09,5.37,0.97,0.0
20220912:0611,22.24,9.22,5.47,0.97,0.0
20220912:0711,89.63,16.13,4.93,1.03,0.0
20220912:0811,86.16,22.38,6.36,1.1,0.0
20220912:0911,102.09,27.53,7.31,1.17,0.0
20220912:1011,153.91,31.11,7.93,1.17,0.0
20220912:1111,124.56,32.7,8.2,1.17,0.0
20220912:1211,88.08,32.12,8.74,1.03,0.0
20220912:1311,80.55,29.42,8.64,1.24,0.0
20220912:1411,68.37,24.94,8.28,1.52,0.0
20220912:1511,50.57,19.14,8.07,1.45,0.0
20220912:1611,23.13,12.49,7.87,1.24,0.0
20220912:1711,15.12,5.41,7.65,1.17,0.0
20220912:1811,0.0,0.0,7.34,1.17,0.0
20220912:1911,0.0,0.0,7.04,1.31,0.0
20220912:2011,0.0,0.0,6.82,1.24,0.0
20220912:2111,0.0,0.0,6.78,1.1,0.0
20220912:2211,0.0,0.0,6.8,1.1,0.0
20220912:2311,0.0,0.0,6.81,1.03,0.0
20220913:0011,0.0,0.0,7.49,0.69,0.0
20220913:0111,0.0,0.0,7.32,0.28,0.0
20220913:0211,0.0,0.0,7.23,0.28,0.0
20220913:0311,0.0,0.0,6.48,0.76,0.0
20220913:0411,0.0,0.0,6.07,0.97,0.0
20220913:0511,3.56,1.79,6.02,1.03,0.0
20220913:0611,15.12,8.93,5.9,1.17,0.0
20220913:0711,50.57,15.83,5.09,0.97,0.0
20220913:0811,43.08,22.06,4.8,1.17,0.0
20220913:0911,77.74,27.19,4.72,1.1,0.0
20220913:1011,146.8,30.75,4.6,1.1,0.0
20220913:1111,97.86,32.33,4.65,1.1,0.0
20220913:1211,137.9,31.73,4.72,1.24,0.0
20220913:1311,101.15,29.02,5.4,1.45,0.0
20220913:1411,49.64,24.55,5.58,1.52,0.0
20220913:1511,30.91,18.76,5.54,1.45,0.0
20220913:1611,42.7,12.11,5.49,1.45,0.0
20220913:1711,5.34,5.03,5.45,1.31,0.0
20220913:1811,0.0,0.0,5.2,1.38,0.0
20220913:1911,0.0,0.0,5.64,1.17,0.0
20220913:2011,0.0,0.0,5.34,1.17,0.0
20220913:2111,0.0,0.0,5.12,1.17,0.0
20220913:2211,0.0,0.0,4.88,1.24,0.0
20220913:2311,0.0,0.0,4.77,1.24,0.0
20220914:0011,0.0,0.0,4.55,1.1,0.0
20220914:0111,0.0,0.0,4.16,1.17,0.0
20220914:0211,0.0,0.0,4.17,1.1,0.0
20220914:0311,0.0,0.0,4.37,1.1,0.0
20220914:0411,0.0,0.0,4.4,1.1,0.0
20220914:0511,2.67,1.5,4.26,1.38,0.0
20220914:0611,39.15,8.64,4.11,1.31,0.0
20220914:0711,104.98,15.52,4.11,1.52,0.0
20220914:0811,144.44,21.74,4.05,1.38,0.0
20220914:0911,180.42,26.85,4.08,1.38,0.0
20220914:1011,177.94,30.39,5.25,1.59,0.0
20220914:1111,186.83,31.95,5.59,1.66,0.0
20220914:1211,217.97,31.33,5.65,1.72,0.0
20220914:1311,271.44,28.63,5.65,1.66,0.0
20220914:1411,63.69,24.16,5.82,1.52,0.0
20220914:1511,167.24,18.37,5.77,1.59,0.0
20220914:1611,73.84,11.72,5.08,1.31,0.0
20220914:1711,16.9,4.65,4.65,1.1,0.0
20220914:1811,0.0,0.0,4.23,1.17,0.0
20220914:1911,0.0,0.0,3.22,0.9,0.0
20220914:2011,0.0,0.0,2.8,0.97,0.0
20220914:2111,0.0,0.0,2.61,1.03,0.0
20220914:2211,0.0,0.0,2.74,1.17,0.0
20220914:2311,0.0,0.0,2.74,1.1,0.0
20220915:0011,0.0,0.0,2.56,1.03,0.0
20220915:0111,0.0,0.0,2.35,1.1,0.0
20220915:0211,0.0,0.0,2.1,1.1,0.0
20220915:0311,0.0,0.0,1.98,1.1,0.0
20220915:0411,0.0,0.0,1.98,1.17,0.0
20220915:0511,0.0,0.0,1.92,1.24,0.0
20220915:0611,27.58,8.34,1.89,1.38,0.0
20220915:0711,100.53,15.22,1.8,1.59,0.0
20220915:0811,157.11,21.43,2.14,1.59,0.0
20220915:0911,185.49,26.51,2.56,1.86,0.0
20220915:1011,190.39,30.02,3.08,1.79,0.0
20220915:1111,169.04,31.57,3.31,1.72,0.0
20220915:1211,176.16,30.94,3.42,1.72,0.0
20220915:1311,267.19,28.23,3.54,1.45,0.0
20220915:1411,131.22,23.77,3.73,1.31,0.0
20220915:1511,166.87,17.98,3.84,1.17,0.0
20220915:1611,72.95,11.34,3.91,1.1,0.0
20220915:1711,21.35,4.27,3.95,0.97,0.0
20220915:1811,0.0,0.0,3.99,0.9,0.0
20220915:1911,0.0,0.0,4.28,1.03,0.0
20220915:2011,0.0,0.0,4.07,0.97,0.0
20220915:2111,0.0,0.0,3.8,0.83,0.0
20220915:2211,0.0,0.0,3.81,0.9,0.0
20220915:2311,0.0,0.0,3.9,0.97,0.0
20220916:0011,0.0,0.0,4.18,1.17,0.0
20220916:0111,0.0,0.0,4.03,0.97,0.0
20220916:0211,0.0,0.0,4.03,1.24,0.0
20220916:0311,0.0,0.0,4.04,1.17,0.0
20220916:0411,0.0,0.0,3.98,1.38,0.0
20220916:0511,0.0,0.0,3.82,1.17,0.0
20220916:0611,12.46,8.05,3.85,1.38,0.0
20220916:0711,56.94,14.92,3.74,1.45,0.0
20220916:0811,60.88,21.11,3.85,1.59,0.0
20220916:0911,75.86,26.17,4.54,1.66,0.0
20220916:1011,83.63,29.66,5.11,1.59,0.0
20220916:1111,117.44,31.18,5.32,1.66,0.0
20220916:1211,179.72,30.55,5.52,1.72,0.0
20220916:1311,164.23,27.84,5.46,1.79,0.0
20220916:1411,121.81,23.37,5.92,1.72,0.0
20220916:1511,121.1,17.59,4.82,1.72,0.0
20220916:1611,56.94,10.96,4.46,1.66,0.0
20220916:1711,19.57,3.88,3.99,1.31,0.0
20220916:1811,0.0,0.0,3.52,1.38,0.0
20220916:1911,0.0,0.0,3.38,1.24,0.0
20220916:2011,0.0,0.0,2.98,1.31,0.0
20220916:2111,0.0,0.0,2.8,1.38,0.0
20220916:2211,0.0,0.0,2.38,1.38,0.0
20220916:2311,0.0,0.0,1.54,1.24,0.0
20220917:0011,0.0,0.0,1.4,1.31,0.0
20220917:0111,0.0,0.0,1.5,1.24,0.0
20220917:0211,0.0,0.0,1.7,1.31,0.0
20220917:0311,0.0,0.0,1.53,1.17,0.0
20220917:0411,0.0,0.0,1.47,1.45,0.0
20220917:0511,0.0,0.0,1.4,1.38,0.0
20220917:0611,31.14,7.75,1.31,1.59,0.0
20220917:0711,93.42,14.61,1.74,1.72,0.0
20220917:0811,145.91,20.78,2.24,1.79,0.0
20220917:0911,295.49,25.83,3.02,1.86,0.0
20220917:1011,185.05,29.3,3.45,1.79,0.0
20220917:1111,198.4,30.8,3.8,1.72,0.0
20220917:1211,216.19,30.15,3.92,1.93,0.0
20220917:1311,210.18,27.44,4.54,1.86,0.0
20220917:1411,117.15,22.98,4.45,1.86,0.0
20220917:1511,39.34,17.2,4.3,1.66,0.0
20220917:1611,22.24,10.57,4.13,1.59,0.0
20220917:1711,3.56,3.5,3.85,1.38,0.0
20220917:1811,0.0,0.0,3.36,1.45,0.0
20220917:1911,0.0,0.0,2.08,1.17,0.0
20220917:2011,0.0,0.0,1.92,1.03,0.0
20220917:2111,0.0,0.0,1.66,1.1,0.0
20220917:2211,0.0,0.0,1.33,1.1,0.0
20220917:2311,0.0,0.0,1.33,1.03,0.0
20220918:0011,0.0,0.0,1.35,1.1,0.0
20220918:0111,0.0,0.0,1.26,1.1,0.0
20220918:0211,0.0,0.0,1.26,0.97,0.0
20220918:0311,0.0,0.0,1.07,0.97,0.0
20220918:0411,0.0,0.0,0.51,1.03,0.0
20220918:0511,0.0,0.0,0.14,0.9,0.0
20220918:0611,35.59,7.46,0.09,0.83,0.0
20220918:0711,56.94,14.3,1.5,0.9,0.0
20220918:0811,69.39,20.46,2.09,0.83,0.0
20220918:0911,182.38,25.49,2.63,0.97,0.0
20220918:1011,208.18,28.93,3.29,0.97,0.0
20220918:1111,217.97,30.42,3.97,1.1,0.0
20220918:1211,194.84,29.76,4.05,1.38,0.0
20220918:1311,594.09,27.04,4.87,1.45,0.0
20220918:1411,528.51,22.58,5.42,1.59,0.0
20220918:1511,293.87,16.81,5.67,1.66,0.0
20220918:1611,56.94,10.18,5.39,1.31,0.0
20220918:1711,14.23,3.12,4.77,1.17,0.0
20220918:1811,0.0,0.0,3.54,1.1,0.0
20220918:1911,0.0,0.0,2.96,0.97,0.0
20220918:2011,0.0,0.0,2.94,0.9,0.0
20220918:2111,0.0,0.0,2.47,0.9,0.0
20220918:2211,0.0,0.0,1.93,0.97,0.0
20220918:2311,0.0,0.0,0.88,1.03,0.0
20220919:0011,0.0,0.0,0.13,1.1,0.0
20220919:0111,0.0,0.0,-0.28,1.17,0.0
20220919:0211,0.0,0.0,-0.22,1.17,0.0
20220919:0311,0.0,0.0,-0.09,1.17,0.0
20220919:0411,0.0,0.0,-0.47,1.1,0.0
20220919:0511,0.0,0.0,-0.78,1.1,0.0
20220919:0611,38.26,7.16,-0.58,1.17,0.0
20220919:0711,63.17,14.0,0.3,1.03,0.0
20220919:0811,80.07,20.14,0.68,1.59,0.0
20220919:0911,93.42,25.14,2.24,2.0,0.0
20220919:1011,94.31,28.56,3.51,2.21,0.0
20220919:1111,129.0,30.03,4.51,2.14,0.0
20220919:1211,130.78,29.36,5.17,2.0,0.0
20220919:1311,104.09,26.64,5.34,1.79,0.0
20220919:1411,100.53,22.19,5.34,1.79,0.0
20220919:1511,381.57,16.42,5.17,1.72,0.0
20220919:1611,56.94,9.8,4.59,1.31,0.0
20220919:1711,13.35,2.73,3.99,1.17,0.0
20220919:1811,0.0,0.0,2.69,1.1,0.0
20220919:1911,0.0,0.0,2.24,1.03,0.0
20220919:2011,0.0,0.0,1.82,1.1,0.0
20220919:2111,0.0,0.0,1.12,1.17,0.0
20220919:2211,0.0,0.0,0.05,1.38,0.0
20220919:2311,0.0,0.0,-0.86,1.52,0.0
20220920:0011,0.0,0.0,-1.44,1.52,0.0
20220920:0111,0.0,0.0,-1.63,1.45,0.0
20220920:0211,0.0,0.0,-2.19,1.45,0.0
20220920:0311,0.0,0.0,-2.83,1.52,0.0
20220920:0411,0.0,0.0,-3.22,1.59,0.0
20220920:0511,0.0,0.0,-3.58,1.59,0.0
20220920:0611,36.48,6.86,-3.29,1.59,0.0
20220920:0711,60.5,13.69,-0.97,1.17,0.0
20220920:0811,81.85,19.81,1.21,1.03,0.0
20220920:0911,92.53,24.8,2.82,0.76,0.0
20220920:1011,104.09,28.2,3.94,0.48,0.0
20220920:1111,112.1,29.65,4.74,0.76,0.0
20220920:1211,132.56,28.97,5.37,1.1,0.0
20220920:1311,102.31,26.24,5.79,1.24,0.0
20220920:1411,90.75,21.79,5.98,1.31,0.0
20220920:1511,392.78,16.03,5.89,1.24,0.0
20220920:1611,48.93,9.41,5.55,1.03,0.0
20220920:1711,11.57,2.35,5.08,0.83,0.0
20220920:1811,0.0,0.0,4.55,0.55,0.0
20220920:1911,0.0,0.0,4.27,0.41,0.0
20220920:2011,0.0,0.0,3.9,0.21,0.0
20220920:2111,0.0,0.0,3.6,0.14,0.0
20220920:2211,0.0,0.0,3.28,0.21,0.0
20220920:2311,0.0,0.0,2.99,0.28,0.0
20220921:0011,0.0,0.0,2.76,0.34,0.0
20220921:0111,0.0,0.0,2.64,0.55,0.0
20220921:0211,0.0,0.0,2.41,0.55,0.0
20220921:0311,0.0,0.0,2.06,0.55,0.0
20220921:0411,0.0,0.0,2.01,0.62,0.0
20220921:0511,0.0,0.0,1.83,0.76,0.0
20220921:0611,13.35,6.56,1.76,0.83,0.0
20220921:0711,26.69,13.38,2.07,0.55,0.0
20220921:0811,72.95,19.49,3.32,0.28,0.0
20220921:0911,68.51,24.45,4.17,0.41,0.0
20220921:1011,128.11,27.83,5.26,0.62,0.0
20220921:1111,158.36,29.26,5.98,0.69,0.0
20220921:1211,169.93,28.57,7.04,0.83,0.0
20220921:1311,163.7,25.85,7.4,0.9,0.0
20220921:1411,99.64,21.39,7.69,0.9,0.0
20220921:1511,87.42,15.64,7.68,0.83,0.0
20220921:1611,34.7,9.02,7.47,0.69,0.0
20220921:1711,2.67,1.96,6.8,0.48,0.0
20220921:1811,0.0,0.0,6.78,0.21,0.0
20220921:1911,0.0,0.0,6.72,0.28,0.0
20220921:2011,0.0,0.0,6.65,0.28,0.0
20220921:2111,0.0,0.0,6.63,0.34,0.0
20220921:2211,0.0,0.0,6.54,0.48,0.0
20220921:2311,0.0,0.0,6.33,0.48,0.0
20220922:0011,0.0,0.0,6.14,0.55,0.0
20220922:0111,0.0,0.0,5.74,0.62,0.0
20220922:0211,0.0,0.0,5.45,0.69,0.0
20220922:0311,0.0,0.0,5.22,0.69,0.0
20220922:0411,0.0,0.0,5.07,0.69,0.0
20220922:0511,0.0,0.0,4.93,0.69,0.0
20220922:0611,23.13,6.26,4.97,0.69,0.0
20220922:0711,83.63,13.07,4.12,0.76,0.0
20220922:0811,126.33,19.16,5.0,0.76,0.0
20220922:0911,69.39,24.1,6.32,0.76,0.0
20220922:1011,70.28,27.46,7.18,1.24,0.0
20220922:1111,52.49,28.87,7.55,1.38,0.0
20220922:1211,80.07,28.17,7.99,1.45,0.0
20220922:1311,40.04,25.45,8.33,1.93,0.0
20220922:1411,95.2,21.0,7.83,0.97,0.0
20220922:1511,30.91,15.25,7.63,0.83,0.0
20220922:1611,12.46,8.63,7.66,0.83,0.0
20220922:1711,0.89,1.57,7.28,0.83,0.0
20220922:1811,0.0,0.0,7.02,0.83,0.0
20220922:1911,0.0,0.0,6.76,0.62,0.0
20220922:2011,0.0,0.0,6.76,0.62,0.0
20220922:2111,0.0,0.0,6.64,0.76,0.0
20220922:2211,0.0,0.0,6.48,0.76,0.0
20220922:2311,0.0,0.0,6.7,0.62,0.0
20220923:0011,0.0,0.0,6.69,0.48,0.0
20220923:0111,0.0,0.0,6.54,0.28,0.0
20220923:0211,0.0,0.0,6.48,0.14,0.0
20220923:0311,0.0,0.0,6.34,0.14,0.0
20220923:0411,0.0,0.0,6.16,0.55,0.0
20220923:0511,0.0,0.0,5.21,0.97,0.0
20220923:0611,10.68,5.96,4.97,0.9,0.0
20220923:0711,72.95,12.76,5.58,0.62,0.0
20220923:0811,94.31,18.83,5.96,0.9,0.0
20220923:0911,120.11,23.76,6.36,1.24,0.0
20220923:1011,64.06,27.09,6.64,1.38,0.0
20220923:1111,81.85,28.49,7.03,1.52,0.0
20220923:1211,119.22,27.78,7.22,1.66,0.0
20220923:1311,159.25,25.05,7.38,1.72,0.0
20220923:1411,140.57,20.6,7.2,1.66,0.0
20220923:1511,192.2,14.85,7.13,1.59,0.0
20220923:1611,47.15,8.25,6.65,1.31,0.0
20220923:1711,0.89,1.19,5.91,1.17,0.0
20220923:1811,0.0,0.0,4.83,0.97,0.0
20220923:1911,0.0,0.0,4.63,1.03,0.0
20220923:2011,0.0,0.0,4.62,0.9,0.0
20220923:2111,0.0,0.0,4.34,0.76,0.0
20220923:2211,0.0,0.0,3.9,0.76,0.0
20220923:2311,0.0,0.0,3.44,0.69,0.0
20220924:0011,0.0,0.0,3.02,0.69,0.0
20220924:0111,0.0,0.0,2.9,0.62,0.0
20220924:0211,0.0,0.0,3.02,0.55,0.0
20220924:0311,0.0,0.0,2.91,0.55,0.0
20220924:0411,0.0,0.0,2.67,0.55,0.0
20220924:0511,0.0,0.0,2.44,0.48,0.0
20220924:0611,32.92,5.66,2.21,0.41,0.0
20220924:0711,62.28,12.45,2.1,0.69,0.0
20220924:0811,110.32,18.51,2.66,1.03,0.0
20220924:0911,168.15,23.41,3.7,0.76,0.0
20220924:1011,190.39,26.72,4.81,0.76,0.0
20220924:1111,195.73,28.1,5.59,0.69,0.0
20220924:1211,155.69,27.38,6.04,0.62,0.0
20220924:1311,135.23,24.65,6.35,0.69,0.0
20220924:1411,140.57,20.2,6.46,0.69,0.0
20220924:1511,169.69,14.46,6.26,0.69,0.0
20220924:1611,45.37,7.86,6.1,0.55,0.0
20220924:1711,0.0,0.0,5.82,0.48,0.0
20220924:1811,0.0,0.0,5.43,0.41,0.0
20220924:1911,0.0,0.0,5.2,0.34,0.0
20220924:2011,0.0,0.0,4.78,0.14,0.0
20220924:2111,0.0,0.0,4.44,0.21,0.0
20220924:2211,0.0,0.0,4.02,0.34,0.0
20220924:2311,0.0,0.0,3.46,0.55,0.0
20220925:0011,0.0,0.0,3.04,0.55,0.0
20220925:0111,0.0,0.0,2.95,0.55,0.0
20220925:0211,0.0,0.0,2.46,0.62,0.0
20220925:0311,0.0,0.0,1.21,0.76,0.0
20220925:0411,0.0,0.0,0.93,0.83,0.0
20220925:0511,0.0,0.0,1.02,0.69,0.0
20220925:0611,27.58,5.35,0.4,0.76,0.0
20220925:0711,75.62,12.13,0.04,0.55,0.0
20220925:0811,98.75,18.18,1.45,0.76,0.0
20220925:0911,96.98,23.06,1.78,0.97,0.0
20220925:1011,114.77,26.35,2.8,1.38,0.0
20220925:1111,126.33,27.71,3.64,1.66,0.0
20220925:1211,152.14,26.98,3.83,1.79,0.0
20220925:1311,106.76,24.25,3.68,1.72,0.0
20220925:1411,48.93,19.81,3.26,1.45,0.0
20220925:1511,63.69,14.07,2.91,1.31,0.0
20220925:1611,8.01,7.47,2.53,1.38,0.0
20220925:1711,0.0,0.0,2.0,1.45,0.0
20220925:1811,0.0,0.0,1.48,1.31,0.0
20220925:1911,0.0,0.0,1.16,1.1,0.0
20220925:2011,0.0,0.0,1.23,1.1,0.0
20220925:2111,0.0,0.0,1.43,1.31,0.0
20220925:2211,0.0,0.0,1.53,1.31,0.0
20220925:2311,0.0,0.0,1.53,1.38,0.0
20220926:0011,0.0,0.0,1.56,1.38,0.0
20220926:0111,0.0,0.0,1.54,1.38,0.0
20220926:0211,0.0,0.0,1.27,1.38,0.0
20220926:0311,0.0,0.0,0.96,1.38,0.0
20220926:0411,0.0,0.0,0.75,1.45,0.0
20220926:0511,0.0,0.0,0.46,1.52,0.0
20220926:0611,14.23,5.05,0.19,1.52,0.0
20220926:0711,58.72,11.82,1.28,1.45,0.0
20220926:0811,32.92,17.85,2.22,1.45,0.0
20220926:0911,69.39,22.71,2.78,1.86,0.0
20220926:1011,48.04,25.98,2.84,1.52,0.0
20220926:1111,70.28,27.32,2.62,1.52,0.0
20220926:1211,67.62,26.58,2.53,1.52,0.0
20220926:1311,48.93,23.85,2.65,1.52,0.0
20220926:1411,81.85,19.41,2.69,1.52,0.0
20220926:1511,73.4,13.68,2.66,1.59,0.0
20220926:1611,24.91,7.08,2.63,1.59,0.0
20220926:1711,0.0,0.0,2.39,1.38,0.0
20220926:1811,0.0,0.0,2.25,1.31,0.0
20220926:1911,0.0,0.0,1.96,1.31,0.0
20220926:2011,0.0,0.0,1.97,1.45,0.0
20220926:2111,0.0,0.0,2.0,1.45,0.0
20220926:2211,0.0,0.0,2.04,1.59,0.0
20220926:2311,0.0,0.0,2.11,1.59,0.0
20220927:0011,0.0,0.0,2.05,1.59,0.0
20220927:0111,0.0,0.0,2.02,1.59,0.0
20220927:0211,0.0,0.0,1.37,1.72,0.0
20220927:0311,0.0,0.0,1.44,1.72,0.0
20220927:0411,0.0,0.0,1.46,1.79,0.0
20220927:0511,0.0,0.0,1.6,1.79,0.0
20220927:0611,4.45,4.75,1.72,1.86,0.0
20220927:0711,34.7,11.51,2.02,1.66,0.0
20220927:0811,94.31,17.52,3.74,2.07,0.0
20220927:0911,92.53,22.36,4.28,2.14,0.0
20220927:1011,160.14,25.61,4.86,2.14,0.0
20220927:1111,103.2,26.94,5.14,2.48,0.0
20220927:1211,75.62,26.19,4.08,2.48,0.0
20220927:1311,65.84,23.45,3.69,2.07,0.0
20220927:1411,40.93,19.01,3.74,2.14,0.0
20220927:1511,24.35,13.29,5.47,1.79,0.0
20220927:1611,8.9,6.7,5.08,1.66,0.0
20220927:1711,0.0,0.0,4.76,1.66,0.0
20220927:1811,0.0,0.0,4.17,1.45,0.0
20220927:1911,0.0,0.0,3.79,1.31,0.0
20220927:2011,0.0,0.0,3.37,1.31,0.0
20220927:2111,0.0,0.0,2.97,1.38,0.0
20220927:2211,0.0,0.0,2.61,1.38,0.0
20220927:2311,0.0,0.0,2.34,1.38,0.0
20220928:0011,0.0,0.0,2.22,1.31,0.0
20220928:0111,0.0,0.0,2.09,1.38,0.0
20220928:0211,0.0,0.0,2.03,1.45,0.0
20220928:0311,0.0,0.0,2.08,1.38,0.0
20220928:0411,0.0,0.0,1.97,1.45,0.0
20220928:0511,0.0,0.0,1.89,1.38,0.0
20220928:0611,11.57,4.44,1.77,1.38,0.0
20220928:0711,66.73,11.19,2.84,1.31,0.0
20220928:0811,117.44,17.19,4.36,1.86,0.0
20220928:0911,112.99,22.0,4.95,1.72,0.0
20220928:1011,140.57,25.24,5.48,1.59,0.0
20220928:1111,134.34,26.55,5.75,1.79,0.0
20220928:1211,160.14,25.79,5.8,1.72,0.0
20220928:1311,163.7,23.05,5.92,1.66,0.0
20220928:1411,80.96,18.62,6.09,1.38,0.0
20220928:1511,123.99,12.9,5.64,1.24,0.0
20220928:1611,29.36,6.31,5.41,1.17,0.0
20220928:1711,0.0,0.0,4.9,1.1,0.0
20220928:1811,0.0,0.0,3.96,1.03,0.0
20220928:1911,0.0,0.0,4.58,0.83,0.0
20220928:2011,0.0,0.0,4.45,0.83,0.0
20220928:2111,0.0,0.0,4.31,0.9,0.0
20220928:2211,0.0,0.0,4.1,0.9,0.0
20220928:2311,0.0,0.0,3.92,0.9,0.0
20220929:0011,0.0,0.0,3.67,0.9,0.0
20220929:0111,0.0,0.0,3.16,0.9,0.0
20220929:0211,0.0,0.0,2.45,0.97,0.0
20220929:0311,0.0,0.0,1.35,1.03,0.0
20220929:0411,0.0,0.0,0.13,1.17,0.0
20220929:0511,0.0,0.0,-0.69,1.24,0.0
20220929:0611,17.79,4.14,-0.79,1.38,0.0
20220929:0711,56.94,10.88,0.49,0.9,0.0
20220929:0811,116.55,16.85,1.66,0.69,0.0
20220929:0911,121.0,21.65,2.29,0.76,0.0
20220929:1011,158.36,24.86,3.55,0.48,0.0
20220929:1111,184.16,26.16,4.54,0.28,0.0
20220929:1211,183.27,25.39,5.3,0.07,0.0
20220929:1311,153.02,22.65,5.94,0.07,0.0
20220929:1411,117.44,18.22,6.14,0.28,0.0
20220929:1511,205.01,12.51,6.06,0.55,0.0
20220929:1611,35.59,5.93,5.68,0.55,0.0
20220929:1711,0.0,0.0,4.94,0.34,0.0
20220929:1811,0.0,0.0,4.51,0.34,0.0
20220929:1911,0.0,0.0,4.09,0.48,0.0
20220929:2011,0.0,0.0,3.64,0.21,0.0
20220929:2111,0.0,0.0,3.27,0.21,0.0
20220929:2211,0.0,0.0,1.93,0.62,0.0
20220929:2311,0.0,0.0,1.03,0.9,0.0
20220930:0011,0.0,0.0,-1.37,1.03,0.0
20220930:0111,0.0,0.0,-0.95,1.1,0.0
20220930:0211,0.0,0.0,-1.56,1.17,0.0
20220930:0311,0.0,0.0,-1.9,1.24,0.0
20220930:0411,0.0,0.0,-2.18,1.31,0.0
20220930:0511,0.0,0.0,-2.61,1.38,0.0
20220930:0611,20.46,3.83,-2.81,1.52,0.0
20220930:0711,55.16,10.56,-1.78,1.31,0.0
20220930:0811,78.29,16.52,-0.72,1.31,0.0
20220930:0911,101.42,21.3,0.86,1.17,0.0
20220930:1011,122.78,24.49,2.6,0.97,0.0
20220930:1111,137.01,25.77,3.77,1.31,0.0
20220930:1211,149.47,25.0,4.87,1.52,0.0
20220930:1311,159.25,22.25,5.62,2.0,0.0
20220930:1411,40.93,17.83,5.65,2.28,0.0
20220930:1511,171.91,12.12,5.52,2.28,0.0
20220930:1611,22.24,5.54,4.86,2.28,0.0
20220930:1711,0.0,0.0,3.96,2.21,0.0
20220930:1811,0.0,0.0,2.88,1.86,0.0
20220930:1911,0.0,0.0,2.13,1.52,0.0
20220930:2011,0.0,0.0,2.37,1.72,0.0
20220930:2111,0.0,0.0,2.4,1.66,0.0
20220930:2211,0.0,0.0,2.35,1.59,0.0
20220930:2311,0.0,0.0,2.16,1.52,0.0
20221001:0011,0.0,0.0,2.37,1.72,0.0
20221001:0111,0.0,0.0,2.37,1.72,0.0
20221001:0211,0.0,0.0,2.19,1.66,0.0
20221001:0311,0.0,0.0,2.26,1.66,0.0
20221001:0411,0.0,0.0,2.15,1.72,0.0
20221001:0511,0.0,0.0,2.22,1.79,0.0
20221001:0611,8.9,3.53,2.1,1.79,0.0
20221001:0711,32.92,10.24,2.77,1.66,0.0
20221001:0811,49.82,16.19,3.45,1.45,0.0
20221001:0911,97.86,20.95,3.69,1.52,0.0
20221001:1011,128.11,24.12,3.77,1.59,0.0
20221001:1111,66.73,25.39,4.0,1.45,0.0
20221001:1211,109.43,24.6,4.45,1.31,0.0
20221001:1311,66.73,21.85,4.62,1.03,0.0
20221001:1411,56.94,17.43,4.69,0.83,0.0
20221001:1511,14.99,11.73,4.71,0.55,0.0
20221001:1611,5.34,5.16,4.66,0.62,0.0
20221001:1711,0.0,0.0,4.44,0.48,0.0
20221001:1811,0.0,0.0,4.43,0.48,0.0
20221001:1911,0.0,0.0,4.4,0.34,0.0
20221001:2011,0.0,0.0,4.2,0.28,0.0
20221001:2111,0.0,0.0,4.07,0.34,0.0
20221001:2211,0.0,0.0,4.02,0.34,0.0
20221001:2311,0.0,0.0,4.02,0.41,0.0
20221002:0011,0.0,0.0,3.83,0.28,0.0
20221002:0111,0.0,0.0,3.28,0.41,0.0
20221002:0211,0.0,0.0,3.1,0.62,0.0
20221002:0311,0.0,0.0,2.69,0.69,0.0
20221002:0411,0.0,0.0,2.43,0.76,0.0
20221002:0511,0.0,0.0,2.39,0.76,0.0
20221002:0611,16.9,3.22,2.43,0.9,0.0
20221002:0711,60.5,9.93,2.95,0.83,0.0
20221002:0811,105.87,15.86,3.1,1.03,0.0
20221002:0911,129.89,20.6,3.45,1.24,0.0
20221002:1011,134.34,23.75,3.9,1.38,0.0
20221002:1111,146.8,25.0,4.47,1.52,0.0
20221002:1211,139.68,24.21,4.89,1.66,0.0
20221002:1311,127.22,21.46,5.07,1.59,0.0
20221002:1411,108.54,17.04,4.96,1.52,0.0
20221002:1511,69.74,11.34,4.64,1.38,0.0
20221002:1611,27.58,4.78,4.24,1.17,0.0
20221002:1711,0.0,0.0,3.67,1.03,0.0
20221002:1811,0.0,0.0,2.85,1.03,0.0
20221002:1911,0.0,0.0,3.12,1.38,0.0
20221002:2011,0.0,0.0,2.98,1.24,0.0
20221002:2111,0.0,0.0,3.21,1.45,0.0
20221002:2211,0.0,0.0,3.11,1.45,0.0
20221002:2311,0.0,0.0,2.58,1.38,0.0
20221003:0011,0.0,0.0,1.86,1.31,0.0
20221003:0111,0.0,0.0,1.56,1.17,0.0
20221003:0211,0.0,0.0,1.38,1.24,0.0
20221003:0311,0.0,0.0,1.29,1.17,0.0
20221003:0411,0.0,0.0,1.33,1.1,0.0
20221003:0511,0.0,0.0,1.22,1.17,0.0
20221003:0611,6.23,2.91,1.01,1.17,0.0
20221003:0711,50.71,9.61,2.05,1.66,0.0
20221003:0811,89.86,15.52,2.69,1.79,0.0
20221003:0911,56.05,20.25,3.62,1.72,0.0
20221003:1011,129.0,23.38,4.31,1.59,0.0
20221003:1111,76.51,24.61,4.75,1.52,0.0
20221003:1211,31.14,23.81,4.91,1.59,0.0
20221003:1311,38.26,21.06,5.09,1.72,0.0
20221003:1411,44.48,16.65,4.94,1.72,0.0
20221003:1511,103.6,10.96,4.83,1.66,0.0
20221003:1611,12.46,4.4,4.66,1.45,0.0
20221003:1711,0.0,0.0,4.38,1.1,0.0
20221003:1811,0.0,0.0,4.13,0.83,0.0
20221003:1911,0.0,0.0,3.69,0.97,0.0
20221003:2011,0.0,0.0,3.49,0.83,0.0
20221003:2111,0.0,0.0,3.59,0.62,0.0
20221003:2211,0.0,0.0,3.69,0.62,0.0
20221003:2311,0.0,0.0,3.65,0.62,0.0
20221004:0011,0.0,0.0,3.68,0.62,0.0
20221004:0111,0.0,0.0,3.44,0.69,0.0
20221004:0211,0.0,0.0,3.09,0.9,0.0
20221004:0311,0.0,0.0,2.44,0.97,0.0
20221004:0411,0.0,0.0,0.02,1.24,0.0
20221004:0511,0.0,0.0,-0.34,1.24,0.0
20221004:0611,5.34,2.61,0.57,1.31,0.0
20221004:0711,17.79,9.29,2.68,1.17,0.0
20221004:0811,29.36,15.19,3.4,1.1,0.0
20221004:0911,44.48,19.89,4.19,1.17,0.0
20221004:1011,58.72,23.01,4.46,1.03,0.0
20221004:1111,40.93,24.23,4.7,1.1,0.0
20221004:1211,58.72,23.42,4.97,1.17,0.0
20221004:1311,44.48,20.67,5.26,0.97,0.0
20221004:1411,71.17,16.26,5.56,0.97,0.0
20221004:1511,16.86,10.58,5.68,1.03,0.0
20221004:1611,13.35,4.02,5.52,0.97,0.0
20221004:1711,0.0,0.0,5.55,0.83,0.0
20221004:1811,0.0,0.0,5.86,0.76,0.0
20221004:1911,0.0,0.0,5.03,1.03,0.0
20221004:2011,0.0,0.0,5.42,0.9,0.0
20221004:2111,0.0,0.0,6.12,0.48,0.0
20221004:2211,0.0,0.0,5.45,1.1,0.0
20221004:2311,0.0,0.0,5.25,2.07,0.0
20221005:0011,0.0,0.0,4.65,1.79,0.0
20221005:0111,0.0,0.0,3.94,1.66,0.0
20221005:0211,0.0,0.0,3.28,1.31,0.0
20221005:0311,0.0,0.0,2.63,0.76,0.0
20221005:0411,0.0,0.0,2.04,0.41,0.0
20221005:0511,0.0,0.0,1.73,0.83,0.0
20221005:0611,1.78,2.3,1.33,1.1,0.0
20221005:0711,16.9,8.98,1.9,1.66,0.0
20221005:0811,37.37,14.86,2.36,1.66,0.0
20221005:0911,57.83,19.54,2.73,1.72,0.0
20221005:1011,91.64,22.64,3.11,1.93,0.0
20221005:1111,112.1,23.84,3.33,1.93,0.0
20221005:1211,85.41,23.03,3.59,1.79,0.0
20221005:1311,48.04,20.28,3.87,1.59,0.0
20221005:1411,37.37,15.87,3.98,1.38,0.0
20221005:1511,23.41,10.19,4.13,0.97,0.0
20221005:1611,5.34,3.64,4.4,0.69,0.0
20221005:1711,0.0,0.0,4.76,1.86,0.0
20221005:1811,0.0,0.0,4.37,2.0,0.0
20221005:1911,0.0,0.0,3.75,1.79,0.0
20221005:2011,0.0,0.0,2.55,1.66,0.0
20221005:2111,0.0,0.0,1.55,1.59,0.0
20221005:2211,0.0,0.0,0.85,1.72,0.0
20221005:2311,0.0,0.0,0.0,1.86,0.0
20221006:0011,0.0,0.0,-0.48,1.79,0.0
20221006:0111,0.0,0.0,-0.22,1.86,0.0
20221006:0211,0.0,0.0,0.59,1.93,0.0
20221006:0311,0.0,0.0,0.6,2.0,0.0
20221006:0411,0.0,0.0,0.65,2.0,0.0
20221006:0511,0.0,0.0,0.19,1.86,0.0
20221006:0611,2.67,1.99,0.3,2.34,0.0
20221006:0711,53.38,8.66,0.08,2.55,0.0
20221006:0811,83.63,14.52,0.16,2.14,0.0
20221006:0911,24.91,19.19,0.7,2.07,0.0
20221006:1011,56.94,22.27,1.23,2.21,0.0
20221006:1111,62.28,23.46,1.76,2.41,0.0
20221006:1211,47.15,22.63,1.6,2.14,0.0
20221006:1311,47.15,19.89,1.92,2.07,0.0
20221006:1411,57.83,15.49,1.39,2.28,0.0
20221006:1511,65.7,9.81,1.32,2.21,0.0
20221006:1611,2.67,3.26,1.14,2.14,0.0
20221006:1711,0.0,0.0,1.05,2.48,0.0
20221006:1811,0.0,0.0,1.08,2.69,0.0
20221006:1911,0.0,0.0,0.5,2.07,0.0
20221006:2011,0.0,0.0,0.56,2.07,0.0
20221006:2111,0.0,0.0,0.29,1.93,0.0
20221006:2211,0.0,0.0,0.2,1.59,0.0
20221006:2311,0.0,0.0,0.09,1.72,0.0
20221007:0011,0.0,0.0,0.14,1.72,0.0
20221007:0111,0.0,0.0,-0.15,1.45,0.0
20221007:0211,0.0,0.0,0.33,1.17,0.0
20221007:0311,0.0,0.0,0.36,1.17,0.0
20221007:0411,0.0,0.0,0.72,1.03,0.0
20221007:0511,0.0,0.0,0.0,1.24,0.0
20221007:0611,0.89,1.69,-0.38,1.45,0.0
20221007:0711,46.26,8.34,0.56,1.17,0.0
20221007:0811,29.36,14.19,1.23,1.03,0.0
20221007:0911,68.51,18.84,1.52,0.97,0.0
20221007:1011,67.62,21.9,1.54,1.52,0.0
20221007:1111,79.18,23.08,1.77,1.24,0.0
20221007:1211,62.28,22.25,1.85,1.38,0.0
20221007:1311,79.18,19.5,1.89,2.14,0.0
20221007:1411,78.29,15.1,1.8,1.66,0.0
20221007:1511,25.29,9.43,1.31,1.52,0.0
20221007:1611,14.23,2.89,1.07,1.72,0.0
20221007:1711,0.0,0.0,0.66,2.07,0.0
20221007:1811,0.0,0.0,0.01,2.14,0.0
20221007:1911,0.0,0.0,-0.47,1.93,0.0
20221007:2011,0.0,0.0,-1.11,1.79,0.0
20221007:2111,0.0,0.0,-1.35,1.72,0.0
20221007:2211,0.0,0.0,-1.28,1.72,0.0
20221007:2311,0.0,0.0,-1.21,1.72,0.0
20221008:0011,0.0,0.0,-1.18,1.79,0.0
20221008:0111,0.0,0.0,-1.06,1.72,0.0
20221008:0211,0.0,0.0,-1.24,1.79,0.0
20221008:0311,0.0,0.0,-1.25,1.72,0.0
20221008:0411,0.0,0.0,-1.25,1.45,0.0
20221008:0511,0.0,0.0,-1.35,1.52,0.0
20221008:0611,0.89,1.38,-1.32,1.52,0.0
20221008:0711,26.69,8.02,-1.07,1.45,0.0
20221008:0811,37.37,13.86,-1.07,1.52,0.0
20221008:0911,24.02,18.49,-0.8,1.72,0.0
20221008:1011,28.47,21.53,-0.85,1.86,0.0
20221008:1111,30.25,22.69,-0.17,2.14,0.0
20221008:1211,29.36,21.86,-0.07,2.28,0.0
20221008:1311,24.91,19.11,0.0,2.41,0.0
20221008:1411,38.26,14.72,-0.37,2.21,0.0
20221008:1511,332.01,9.06,-0.69,2.0,0.0
20221008:1611,1.78,2.52,-1.52,1.66,0.0
20221008:1711,0.0,0.0,-2.46,1.52,0.0
20221008:1811,0.0,0.0,-2.1,1.52,0.0
20221008:1911,0.0,0.0,-1.88,1.79,0.0
20221008:2011,0.0,0.0,-2.14,1.38,0.0
20221008:2111,0.0,0.0,-2.06,1.66,0.0
20221008:2211,0.0,0.0,-1.78,1.66,0.0
20221008:2311,0.0,0.0,-2.03,1.45,0.0
20221009:0011,0.0,0.0,-2.11,1.52,0.0
20221009:0111,0.0,0.0,-1.85,1.38,0.0
20221009:0211,0.0,0.0,-1.6,1.24,0.0
20221009:0311,0.0,0.0,-1.3,1.17,0.0
20221009:0411,0.0,0.0,-1.3,1.24,0.0
20221009:0511,0.0,0.0,-0.92,1.1,0.0
20221009:0611,0.0,0.0,-0.68,1.1,0.0
20221009:0711,40.93,7.71,-0.14,1.72,0.0
20221009:0811,50.71,13.53,0.38,1.72,0.0
20221009:0911,70.28,18.14,0.89,1.79,0.0
20221009:1011,53.38,21.16,1.2,1.59,0.0
20221009:1111,48.93,22.31,1.69,1.1,0.0
20221009:1211,40.04,21.47,2.28,1.24,0.0
20221009:1311,32.92,18.72,2.61,1.38,0.0
20221009:1411,36.48,14.34,2.54,1.59,0.0
20221009:1511,29.03,8.68,2.79,1.45,0.0
20221009:1611,3.56,2.15,2.82,1.38,0.0
20221009:1711,0.0,0.0,2.85,1.38,0.0
20221009:1811,0.0,0.0,3.85,1.24,0.0
20221009:1911,0.0,0.0,3.65,0.97,0.0
20221009:2011,0.0,0.0,3.34,1.03,0.0
20221009:2111,0.0,0.0,3.23,1.17,0.0
20221009:2211,0.0,0.0,3.17,1.31,0.0
20221009:2311,0.0,0.0,2.98,1.38,0.0
20221010:0011,0.0,0.0,2.85,1.31,0.0
20221010:0111,0.0,0.0,2.45,1.24,0.0
20221010:0211,0.0,0.0,2.28,1.24,0.0
20221010:0311,0.0,0.0,2.3,1.31,0.0
20221010:0411,0.0,0.0,2.45,1.31,0.0
20221010:0511,0.0,0.0,2.59,1.38,0.0
20221010:0611,0.0,0.0,2.07,1.38,0.0
20221010:0711,16.9,7.39,2.33,1.45,0.0
20221010:0811,88.08,13.19,2.35,1.31,0.0
20221010:0911,83.63,17.78,2.72,1.17,0.0
20221010:1011,47.15,20.79,1.93,0.9,0.0
20221010:1111,103.2,21.93,1.46,1.79,0.0
20221010:1211,50.71,21.08,1.39,2.0,0.0
20221010:1311,41.81,18.34,1.32,2.0,0.0
20221010:1411,25.8,13.96,1.35,2.34,0.0
20221010:1511,47.22,8.31,0.85,1.66,0.0
20221010:1611,3.56,1.78,0.24,1.72,0.0
20221010:1711,0.0,0.0,-0.29,1.86,0.0
20221010:1811,0.0,0.0,-0.42,1.93,0.0
20221010:1911,0.0,0.0,-0.15,2.0,0.0
20221010:2011,0.0,0.0,0.0,2.34,0.0
20221010:2111,0.0,0.0,-0.19,1.86,0.0
20221010:2211,0.0,0.0,-0.32,1.45,0.0
20221010:2311,0.0,0.0,-0.62,1.59,0.0
20221011:0011,0.0,0.0,-0.87,2.07,0.0
20221011:0111,0.0,0.0,-1.44,1.79,0.0
20221011:0211,0.0,0.0,-1.62,1.79,0.0
20221011:0311,0.0,0.0,-1.88,1.86,0.0
20221011:0411,0.0,0.0,-1.74,1.86,0.0
20221011:0511,0.0,0.0,-1.95,1.79,0.0
20221011:0611,0.0,0.0,-2.04,1.93,0.0
20221011:0711,16.9,7.07,-1.95,2.0,0.0
20221011:0811,58.72,12.86,-1.79,2.0,0.0
20221011:0911,24.91,17.44,-1.11,2.07,0.0
20221011:1011,46.26,20.43,-0.59,2.07,0.0
20221011:1111,0.0,0.0,-0.21,2.28,0.0
20221011:1211,27.58,20.7,-0.36,2.14,0.0
20221011:1311,23.13,17.95,-0.11,2.21,0.0
20221011:1411,16.9,13.58,-0.46,2.21,0.0
20221011:1511,19.67,7.94,-1.0,2.0,0.0
20221011:1611,0.89,1.42,-1.82,1.66,0.0
20221011:1711,0.0,0.0,-2.45,1.31,0.0
20221011:1811,0.0,0.0,-2.89,1.52,0.0
20221011:1911,0.0,0.0,-2.48,1.52,0.0
20221011:2011,0.0,0.0,-1.85,1.52,0.0
20221011:2111,0.0,0.0,-1.44,1.45,0.0
20221011:2211,0.0,0.0,-1.21,1.52,0.0
20221011:2311,0.0,0.0,-1.01,1.59,0.0
20221012:0011,0.0,0.0,-0.88,1.45,0.0
20221012:0111,0.0,0.0,-0.92,1.1,0.0
20221012:0211,0.0,0.0,-0.72,1.24,0.0
20221012:0311,0.0,0.0,-0.75,0.9,0.0
20221012:0411,0.0,0.0,-0.28,0.69,0.0
20221012:0511,0.0,0.0,-0.26,0.76,0.0
20221012:0611,0.0,0.0,-0.1,0.76,0.0
20221012:0711,16.01,6.75,0.31,0.83,0.0
20221012:0811,27.58,12.53,0.63,0.76,0.0
20221012:0911,25.8,17.09,1.11,0.76,0.0
20221012:1011,40.93,20.06,1.91,0.76,0.0
20221012:1111,0.0,0.0,2.15,0.9,0.0
20221012:1211,62.28,20.32,2.78,0.9,0.0
20221012:1311,48.04,17.57,3.05,0.97,0.0
20221012:1411,58.72,13.2,3.44,0.83,0.0
20221012:1511,28.1,7.57,3.51,0.69,0.0
20221012:1611,0.0,0.0,3.7,0.62,0.0
20221012:1711,0.0,0.0,3.61,0.62,0.0
20221012:1811,0.0,0.0,3.61,0.69,0.0
20221012:1911,0.0,0.0,3.15,0.55,0.0
20221012:2011,0.0,0.0,3.19,0.69,0.0
20221012:2111,0.0,0.0,3.14,0.69,0.0
20221012:2211,0.0,0.0,3.22,0.76,0.0
20221012:2311,0.0,0.0,3.14,0.83,0.0
20221013:0011,0.0,0.0,2.89,0.76,0.0
20221013:0111,0.0,0.0,2.78,0.76,0.0
20221013:0211,0.0,0.0,2.88,0.69,0.0
20221013:0311,0.0,0.0,2.8,0.69,0.0
20221013:0411,0.0,0.0,2.8,0.55,0.0
20221013:0511,0.0,0.0,2.83,0.48,0.0
20221013:0611,0.0,0.0,2.96,0.48,0.0
20221013:0711,27.58,6.44,3.24,0.28,0.0
20221013:0811,18.68,12.2,3.08,0.83,0.0
20221013:0911,34.7,16.74,1.92,1.66,0.0
20221013:1011,124.56,19.7,1.76,1.59,0.0
20221013:1111,53.38,20.8,1.71,1.59,0.0
20221013:1211,41.81,19.94,1.74,1.38,0.0
20221013:1311,72.06,17.2,1.98,1.24,0.0
20221013:1411,88.08,12.83,1.8,1.1,0.0
20221013:1511,68.06,7.2,1.63,1.03,0.0
20221013:1611,0.0,0.0,1.78,0.83,0.0
20221013:1711,0.0,0.0,1.29,0.41,0.0
20221013:1811,0.0,0.0,0.95,0.41,0.0
20221013:1911,0.0,0.0,0.46,0.48,0.0
20221013:2011,0.0,0.0,0.17,0.69,0.0
20221013:2111,0.0,0.0,-0.2,0.9,0.0
20221013:2211,0.0,0.0,-0.58,1.03,0.0
20221013:2311,0.0,0.0,-1.16,1.17,0.0
20221014:0011,0.0,0.0,-2.48,1.31,0.0
20221014:0111,0.0,0.0,-2.65,1.45,0.0
20221014:0211,0.0,0.0,-2.26,1.31,0.0
20221014:0311,0.0,0.0,-1.95,1.24,0.0
20221014:0411,0.0,0.0,-2.16,1.31,0.0
20221014:0511,0.0,0.0,-2.2,1.31,0.0
20221014:0611,0.0,0.0,-2.19,1.45,0.0
20221014:0711,31.14,6.12,-2.07,1.38,0.0
20221014:0811,70.28,11.87,-1.07,1.24,0.0
20221014:0911,82.74,16.39,0.22,1.17,0.0
20221014:1011,137.9,19.34,0.51,1.24,0.0
20221014:1111,48.93,20.43,0.64,1.24,0.0
20221014:1211,25.8,19.56,1.57,1.24,0.0
20221014:1311,21.35,16.82,1.67,1.03,0.0
20221014:1411,15.12,12.46,1.25,0.76,0.0
20221014:1511,7.49,6.84,0.87,0.48,0.0
20221014:1611,0.0,0.0,0.38,0.48,0.0
20221014:1711,0.0,0.0,0.04,0.69,0.0
20221014:1811,0.0,0.0,0.01,0.9,0.0
20221014:1911,0.0,0.0,0.54,0.97,0.0
20221014:2011,0.0,0.0,0.13,1.03,0.0
20221014:2111,0.0,0.0,-0.15,1.03,0.0
20221014:2211,0.0,0.0,-0.75,1.24,0.0
20221014:2311,0.0,0.0,-0.78,1.17,0.0
20221015:0011,0.0,0.0,-0.65,1.03,0.0
20221015:0111,0.0,0.0,-0.15,0.41,0.0
20221015:0211,0.0,0.0,-0.1,0.21,0.0
20221015:0311,0.0,0.0,-0.27,0.48,0.0
20221015:0411,0.0,0.0,-0.85,0.9,0.0
20221015:0511,0.0,0.0,-0.87,1.24,0.0
20221015:0611,0.0,0.0,-1.32,1.24,0.0
20221015:0711,32.03,5.81,-1.16,1.38,0.0
20221015:0811,32.03,11.54,-1.26,1.52,0.0
20221015:0911,24.02,16.04,-1.7,1.72,0.0
20221015:1011,29.36,18.97,-1.24,1.52,0.0
20221015:1111,26.69,20.06,-0.45,0.97,0.0
20221015:1211,75.62,19.19,0.44,0.55,0.0
20221015:1311,21.35,16.45,0.77,0.97,0.0
20221015:1411,64.06,12.09,0.72,1.24,0.0
20221015:1511,37.62,6.48,0.97,1.24,0.0
20221015:1611,0.0,0.0,-0.96,1.72,0.0
20221015:1711,0.0,0.0,-2.03,1.93,0.0
20221015:1811,0.0,0.0,-2.13,1.93,0.0
20221015:1911,0.0,0.0,-1.42,1.72,0.0
20221015:2011,0.0,0.0,-0.96,1.59,0.0
20221015:2111,0.0,0.0,-0.98,1.52,0.0
20221015:2211,0.0,0.0,-0.74,1.31,0.0
20221015:2311,0.0,0.0,-0.27,1.17,0.0
20221016:0011,0.0,0.0,-0.02,0.97,0.0
20221016:0111,0.0,0.0,-0.06,0.97,0.0
20221016:0211,0.0,0.0,-0.17,0.97,0.0
20221016:0311,0.0,0.0,-0.29,1.03,0.0
20221016:0411,0.0,0.0,-0.65,1.17,0.0
20221016:0511,0.0,0.0,-0.91,1.24,0.0
20221016:0611,0.0,0.0,-1.23,1.45,0.0
20221016:0711,17.79,5.49,-1.95,1.52,0.0
20221016:0811,32.03,11.21,-1.55,1.52,0.0
20221016:0911,32.03,15.7,-1.48,1.52,0.0
20221016:1011,71.17,18.62,-1.3,1.52,0.0
20221016:1111,71.17,19.69,-0.51,1.38,0.0
20221016:1211,84.52,18.81,0.27,1.24,0.0
20221016:1311,86.3,16.08,1.4,0.97,0.0
20221016:1411,19.57,11.73,1.65,0.83,0.0
20221016:1511,23.41,6.12,1.65,0.55,0.0
20221016:1611,0.0,0.0,1.42,0.48,0.0
20221016:1711,0.0,0.0,1.41,0.41,0.0
20221016:1811,0.0,0.0,1.33,0.62,0.0
20221016:1911,0.0,0.0,1.23,0.97,0.0
20221016:2011,0.0,0.0,-0.83,1.45,0.0
20221016:2111,0.0,0.0,-1.48,1.17,0.0
20221016:2211,0.0,0.0,-2.48,1.59,0.0
20221016:2311,0.0,0.0,-2.06,1.38,0.0
20221017:0011,0.0,0.0,-1.89,1.24,0.0
20221017:0111,0.0,0.0,-1.82,1.45,0.0
20221017:0211,0.0,0.0,-1.5,1.38,0.0
20221017:0311,0.0,0.0,-1.39,1.45,0.0
20221017:0411,0.0,0.0,-1.29,1.52,0.0
20221017:0511,0.0,0.0,-1.35,1.45,0.0
20221017:0611,0.0,0.0,-0.95,1.17,0.0
20221017:0711,8.01,5.18,0.14,0.62,0.0
20221017:0811,56.05,10.88,0.12,0.62,0.0
20221017:0911,56.94,15.35,-0.26,0.97,0.0
20221017:1011,52.49,18.26,-0.08,1.03,0.0
20221017:1111,84.52,19.32,0.22,1.1,0.0
20221017:1211,68.51,18.44,0.18,1.24,0.0
20221017:1311,30.25,15.71,0.17,1.31,0.0
20221017:1411,16.9,11.37,0.14,1.31,0.0
20221017:1511,11.24,5.77,0.31,1.24,0.0
20221017:1611,0.0,0.0,0.22,1.24,0.0
20221017:1711,0.0,0.0,0.02,1.24,0.0
20221017:1811,0.0,0.0,0.28,1.1,0.0
20221017:1911,0.0,0.0,-0.14,0.9,0.0
20221017:2011,0.0,0.0,-0.1,0.83,0.0
20221017:2111,0.0,0.0,-0.24,0.9,0.0
20221017:2211,0.0,0.0,-0.37,0.9,0.0
20221017:2311,0.0,0.0,-0.72,0.97,0.0
20221018:0011,0.0,0.0,-0.91,0.97,0.0
20221018:0111,0.0,0.0,-1.21,0.97,0.0
20221018:0211,0.0,0.0,-1.54,1.03,0.0
20221018:0311,0.0,0.0,-2.6,1.31,0.0
20221018:0411,0.0,0.0,-3.35,1.31,0.0
20221018:0511,0.0,0.0,-2.75,1.24,0.0
20221018:0611,0.0,0.0,-2.77,1.17,0.0
20221018:0711,4.45,4.86,-1.24,0.97,0.0
20221018:0811,32.92,10.55,-0.94,1.03,0.0
20221018:0911,39.15,15.01,-0.97,1.1,0.0
20221018:1011,23.13,17.9,-1.25,1.31,0.0
20221018:1111,42.7,18.96,-1.47,1.24,0.0
20221018:1211,41.81,18.07,-1.62,1.24,0.0
20221018:1311,39.15,15.34,-1.67,1.17,0.0
20221018:1411,32.92,11.01,-1.87,1.31,0.0
20221018:1511,5.62,5.42,-2.27,1.31,0.0
20221018:1611,0.0,0.0,-3.0,1.38,0.0
20221018:1711,0.0,0.0,-3.67,1.31,0.0
20221018:1811,0.0,0.0,-3.66,1.24,0.0
20221018:1911,0.0,0.0,-0.98,1.03,0.0
20221018:2011,0.0,0.0,-0.91,0.97,0.0
20221018:2111,0.0,0.0,-1.14,1.03,0.0
20221018:2211,0.0,0.0,-1.29,0.97,0.0
20221018:2311,0.0,0.0,-1.55,0.97,0.0
20221019:0011,0.0,0.0,-1.83,0.97,0.0
20221019:0111,0.0,0.0,-2.04,1.03,0.0
20221019:0211,0.0,0.0,-2.56,1.03,0.0
20221019:0311,0.0,0.0,-3.81,1.17,0.0
20221019:0411,0.0,0.0,-4.79,1.24,0.0
20221019:0511,0.0,0.0,-5.59,1.24,0.0
20221019:0611,0.0,0.0,-6.92,1.31,0.0
20221019:0711,4.45,4.55,-4.01,1.1,0.0
20221019:0811,12.46,10.22,-3.67,1.03,0.0
20221019:0911,80.07,14.67,-3.4,0.97,0.0
20221019:1011,40.04,17.55,-3.02,0.9,0.0
20221019:1111,40.93,18.59,-2.04,0.9,0.0
20221019:1211,40.93,17.71,-1.3,0.76,0.0
20221019:1311,81.85,14.98,-0.58,0.62,0.0
20221019:1411,35.59,10.65,-0.34,0.62,0.0
20221019:1511,5.62,5.07,-0.85,0.69,0.0
20221019:1611,0.0,0.0,-1.57,0.9,0.0
20221019:1711,0.0,0.0,-2.13,0.97,0.0
20221019:1811,0.0,0.0,-2.57,0.97,0.0
20221019:1911,0.0,0.0,-2.12,1.03,0.0
20221019:2011,0.0,0.0,-2.06,1.1,0.0
20221019:2111,0.0,0.0,-2.1,1.17,0.0
20221019:2211,0.0,0.0,-2.22,1.17,0.0
20221019:2311,0.0,0.0,-2.26,1.17,0.0
20221020:0011,0.0,0.0,-2.19,1.17,0.0
20221020:0111,0.0,0.0,-2.18,1.17,0.0
20221020:0211,0.0,0.0,-2.18,1.24,0.0
20221020:0311,0.0,0.0,-2.34,1.31,0.0
20221020:0411,0.0,0.0,-3.32,1.31,0.0
20221020:0511,0.0,0.0,-3.84,1.31,0.0
20221020:0611,0.0,0.0,-4.17,1.31,0.0
20221020:0711,4.45,4.24,-4.09,1.24,0.0
20221020:0811,11.57,9.9,-2.16,1.1,0.0
20221020:0911,22.24,14.33,-0.88,0.9,0.0
20221020:1011,39.15,17.19,1.14,0.62,0.0
20221020:1111,40.04,18.23,2.38,0.21,0.0
20221020:1211,40.04,17.35,2.75,0.14,0.0
20221020:1311,37.37,14.62,2.77,0.28,0.0
20221020:1411,15.12,10.3,2.15,0.55,0.0
20221020:1511,64.09,4.72,1.64,0.83,0.0
20221020:1611,0.0,0.0,0.71,1.03,0.0
20221020:1711,0.0,0.0,-0.18,1.24,0.0
20221020:1811,0.0,0.0,-0.95,1.38,0.0
20221020:1911,0.0,0.0,-1.87,1.66,0.0
20221020:2011,0.0,0.0,-2.65,1.72,0.0
20221020:2111,0.0,0.0,-2.91,1.59,0.0
20221020:2211,0.0,0.0,-3.1,1.72,0.0
20221020:2311,0.0,0.0,-3.18,1.72,0.0
20221021:0011,0.0,0.0,-3.4,1.86,0.0
20221021:0111,0.0,0.0,-3.57,1.86,0.0
20221021:0211,0.0,0.0,-3.5,1.79,0.0
20221021:0311,0.0,0.0,-3.46,1.79,0.0
20221021:0411,0.0,0.0,-3.51,1.79,0.0
20221021:0511,0.0,0.0,-3.6,1.86,0.0
20221021:0611,0.0,0.0,-3.57,1.86,0.0
20221021:0711,14.23,3.93,-3.57,1.86,0.0
20221021:0811,44.48,9.57,-2.86,1.72,0.0
20221021:0911,96.98,13.99,-1.45,1.59,0.0
20221021:1011,82.74,16.84,-0.12,1.52,0.0
20221021:1111,129.89,17.87,1.57,1.38,0.0
20221021:1211,123.67,16.99,2.19,1.24,0.0
20221021:1311,88.97,14.26,2.18,1.17,0.0
20221021:1411,64.95,9.95,1.59,1.24,0.0
20221021:1511,28.48,4.38,0.73,1.31,0.0
20221021:1611,0.0,0.0,-0.23,1.45,0.0
20221021:1711,0.0,0.0,-0.96,1.59,0.0
20221021:1811,0.0,0.0,-1.34,1.52,0.0
20221021:1911,0.0,0.0,-1.5,1.52,0.0
20221021:2011,0.0,0.0,-1.42,1.38,0.0
20221021:2111,0.0,0.0,-0.98,1.31,0.0
20221021:2211,0.0,0.0,-0.6,1.24,0.0
20221021:2311,0.0,0.0,-0.38,1.17,0.0
20221022:0011,0.0,0.0,-0.33,1.03,0.0
20221022:0111,0.0,0.0,-0.31,0.97,0.0
20221022:0211,0.0,0.0,-0.25,0.97,0.0
20221022:0311,0.0,0.0,-0.17,0.9,0.0
20221022:0411,0.0,0.0,-0.17,0.97,0.0
20221022:0511,0.0,0.0,-0.14,0.97,0.0
20221022:0611,0.0,0.0,-0.14,0.9,0.0
20221022:0711,19.57,3.61,0.33,0.83,0.0
20221022:0811,36.48,9.25,0.85,0.62,0.0
20221022:0911,33.81,13.66,1.42,0.48,0.0
20221022:1011,34.7,16.49,1.76,0.55,0.0
20221022:1111,22.24,17.52,1.91,0.55,0.0
20221022:1211,38.26,16.63,2.27,0.55,0.0
20221022:1311,48.93,13.91,2.47,0.34,0.0
20221022:1411,16.9,9.61,2.44,0.34,0.0
20221022:1511,8.9,4.05,2.4,0.55,0.0
20221022:1611,0.0,0.0,2.22,0.55,0.0
20221022:1711,0.0,0.0,1.84,0.55,0.0
20221022:1811,0.0,0.0,1.68,0.69,0.0
20221022:1911,0.0,0.0,2.05,0.62,0.0
20221022:2011,0.0,0.0,1.76,0.62,0.0
20221022:2111,0.0,0.0,1.43,0.69,0.0
20221022:2211,0.0,0.0,1.24,0.76,0.0
20221022:2311,0.0,0.0,0.95,0.76,0.0
20221023:0011,0.0,0.0,0.49,0.83,0.0
20221023:0111,0.0,0.0,0.07,0.97,0.0
20221023:0211,0.0,0.0,-0.12,1.03,0.0
20221023:0311,0.0,0.0,-0.37,1.03,0.0
20221023:0411,0.0,0.0,-0.62,1.03,0.0
20221023:0511,0.0,0.0,-0.77,1.1,0.0
20221023:0611,0.0,0.0,-0.93,1.17,0.0
20221023:0711,9.79,3.31,-0.52,1.1,0.0
20221023:0811,29.36,8.93,0.04,1.03,0.0
20221023:0911,16.01,13.32,1.03,0.9,0.0
20221023:1011,50.71,16.15,2.16,0.69,0.0
20221023:1111,81.85,17.17,3.18,0.62,0.0
20221023:1211,30.25,16.28,3.67,0.55,0.0
20221023:1311,38.26,13.56,3.67,0.55,0.0
20221023:1411,19.57,9.26,3.78,0.55,0.0
20221023:1511,18.68,3.71,3.61,0.69,0.0
20221023:1611,0.0,0.0,3.15,0.83,0.0
20221023:1711,0.0,0.0,2.88,0.9,0.0
20221023:1811,0.0,0.0,2.66,0.9,0.0
20221023:1911,0.0,0.0,2.52,0.97,0.0
20221023:2011,0.0,0.0,2.26,0.97,0.0
20221023:2111,0.0,0.0,2.15,0.97,0.0
20221023:2211,0.0,0.0,2.15,1.03,0.0
20221023:2311,0.0,0.0,2.01,1.17,0.0
20221024:0011,0.0,0.0,2.04,1.1,0.0
20221024:0111,0.0,0.0,2.09,1.1,0.0
20221024:0211,0.0,0.0,1.98,1.1,0.0
20221024:0311,0.0,0.0,1.92,1.17,0.0
20221024:0411,0.0,0.0,1.7,1.24,0.0
20221024:0511,0.0,0.0,1.46,1.31,0.0
20221024:0611,0.0,0.0,0.96,1.38,0.0
20221024:0711,11.57,3.0,0.77,1.31,0.0
20221024:0811,34.7,8.61,0.87,1.31,0.0
20221024:0911,53.38,12.99,1.12,1.31,0.0
20221024:1011,77.4,15.81,1.54,1.45,0.0
20221024:1111,81.85,16.82,1.94,1.45,0.0
20221024:1211,53.38,15.92,2.34,1.45,0.0
20221024:1311,18.68,13.22,2.47,1.38,0.0
20221024:1411,49.82,8.93,2.36,1.45,0.0
20221024:1511,10.68,3.38,2.09,1.45,0.0
20221024:1611,0.0,0.0,1.84,1.38,0.0
20221024:1711,0.0,0.0,1.52,1.31,0.0
20221024:1811,0.0,0.0,1.19,1.38,0.0
20221024:1911,0.0,0.0,1.01,1.52,0.0
20221024:2011,0.0,0.0,1.11,1.45,0.0
20221024:2111,0.0,0.0,1.08,1.45,0.0
20221024:2211,0.0,0.0,1.03,1.45,0.0
20221024:2311,0.0,0.0,0.97,1.45,0.0
20221025:0011,0.0,0.0,0.81,1.38,0.0
20221025:0111,0.0,0.0,0.82,1.31,0.0
20221025:0211,0.0,0.0,0.87,1.24,0.0
20221025:0311,0.0,0.0,0.71,1.17,0.0
20221025:0411,0.0,0.0,0.66,1.17,0.0
20221025:0511,0.0,0.0,0.82,1.17,0.0
20221025:0611,0.0,0.0,1.07,1.03,0.0
20221025:0711,1.78,2.69,1.81,1.03,0.0
20221025:0811,24.91,8.29,2.23,0.97,0.0
20221025:0911,31.14,12.66,2.54,0.69,0.0
20221025:1011,108.54,15.46,2.99,0.55,0.0
20221025:1111,41.81,16.47,3.51,0.34,0.0
20221025:1211,39.15,15.58,3.98,0.21,0.0
20221025:1311,51.6,12.87,3.9,0.83,0.0
20221025:1411,9.79,8.59,3.77,0.69,0.0
20221025:1511,2.67,3.06,3.64,0.55,0.0
20221025:1611,0.0,0.0,3.42,0.41,0.0
20221025:1711,0.0,0.0,3.23,0.21,0.0
20221025:1811,0.0,0.0,3.08,0.14,0.0
20221025:1911,0.0,0.0,3.33,0.34,0.0
20221025:2011,0.0,0.0,3.4,0.41,0.0
20221025:2111,0.0,0.0,3.42,0.48,0.0
20221025:2211,0.0,0.0,3.5,0.48,0.0
20221025:2311,0.0,0.0,3.51,0.62,0.0
20221026:0011,0.0,0.0,3.39,0.76,0.0
20221026:0111,0.0,0.0,3.18,0.69,0.0
20221026:0211,0.0,0.0,3.09,0.62,0.0
20221026:0311,0.0,0.0,2.95,0.69,0.0
20221026:0411,0.0,0.0,2.93,0.55,0.0
20221026:0511,0.0,0.0,2.91,0.55,0.0
20221026:0611,0.0,0.0,2.8,0.41,0.0
20221026:0711,1.78,2.39,3.27,0.76,0.0
20221026:0811,32.92,7.97,3.25,0.41,0.0
20221026:0911,29.36,12.33,3.23,0.34,0.0
20221026:1011,60.5,15.13,3.07,0.62,0.0
20221026:1111,36.48,16.12,3.04,0.76,0.0
20221026:1211,86.3,15.23,3.62,0.76,0.0
20221026:1311,75.62,12.53,3.99,0.69,0.0
20221026:1411,53.38,8.26,3.88,0.76,0.0
20221026:1511,12.46,2.74,3.73,0.97,0.0
20221026:1611,0.0,0.0,3.33,1.03,0.0
20221026:1711,0.0,0.0,2.85,1.03,0.0
20221026:1811,0.0,0.0,2.21,1.31,0.0
20221026:1911,0.0,0.0,1.94,1.31,0.0
20221026:2011,0.0,0.0,1.66,1.38,0.0
20221026:2111,0.0,0.0,1.58,1.31,0.0
20221026:2211,0.0,0.0,1.71,1.24,0.0
20221026:2311,0.0,0.0,1.76,1.17,0.0
20221027:0011,0.0,0.0,2.19,0.97,0.0
20221027:0111,0.0,0.0,2.27,0.83,0.0
20221027:0211,0.0,0.0,2.39,0.76,0.0
20221027:0311,0.0,0.0,2.7,0.69,0.0
20221027:0411,0.0,0.0,2.89,0.83,0.0
20221027:0511,0.0,0.0,3.02,0.9,0.0
20221027:0611,0.0,0.0,2.99,0.9,0.0
20221027:0711,1.78,2.08,3.34,1.31,0.0
20221027:0811,40.04,7.66,3.45,1.31,0.0
20221027:0911,45.37,12.0,3.31,1.38,0.0
20221027:1011,46.26,14.79,3.22,1.38,0.0
20221027:1111,32.03,15.78,3.11,1.86,0.0
20221027:1211,101.42,14.89,3.22,1.52,0.0
20221027:1311,78.29,12.2,3.39,1.38,0.0
20221027:1411,31.14,7.94,3.56,1.24,0.0
20221027:1511,1.78,2.42,3.62,1.24,0.0
20221027:1611,0.0,0.0,4.04,1.24,0.0
20221027:1711,0.0,0.0,3.98,1.17,0.0
20221027:1811,0.0,0.0,3.66,1.03,0.0
20221027:1911,0.0,0.0,3.77,1.17,0.0
20221027:2011,0.0,0.0,3.49,0.97,0.0
20221027:2111,0.0,0.0,3.25,0.97,0.0
20221027:2211,0.0,0.0,3.51,0.76,0.0
20221027:2311,0.0,0.0,3.5,0.69,0.0
20221028:0011,0.0,0.0,3.64,0.62,0.0
20221028:0111,0.0,0.0,3.72,0.55,0.0
20221028:0211,0.0,0.0,3.69,0.62,0.0
20221028:0311,0.0,0.0,3.72,0.55,0.0
20221028:0411,0.0,0.0,3.83,0.48,0.0
20221028:0511,0.0,0.0,3.88,0.48,0.0
20221028:0611,0.0,0.0,4.03,0.55,0.0
20221028:0711,0.89,1.78,4.84,0.69,0.0
20221028:0811,13.35,7.35,4.91,0.83,0.0
20221028:0911,21.35,11.68,5.14,0.69,0.0
20221028:1011,24.02,14.46,5.51,0.62,0.0
20221028:1111,19.57,15.45,5.88,0.76,0.0
20221028:1211,17.79,14.56,6.0,0.76,0.0
20221028:1311,24.02,11.87,6.49,0.62,0.0
20221028:1411,8.01,7.61,6.58,0.62,0.0
20221028:1511,1.78,2.11,6.66,0.62,0.0
20221028:1611,0.0,0.0,6.6,0.69,0.0
20221028:1711,0.0,0.0,6.35,0.83,0.0
20221028:1811,0.0,0.0,6.08,0.97,0.0
20221028:1911,0.0,0.0,5.73,1.1,0.0
20221028:2011,0.0,0.0,5.6,1.17,0.0
20221028:2111,0.0,0.0,5.53,0.9,0.0
20221028:2211,0.0,0.0,4.83,1.31,0.0
20221028:2311,0.0,0.0,3.42,2.07,0.0
20221029:0011,0.0,0.0,3.68,3.03,0.0
20221029:0111,0.0,0.0,3.33,3.1,0.0
20221029:0211,0.0,0.0,2.89,2.9,0.0
20221029:0311,0.0,0.0,2.36,2.69,0.0
20221029:0411,0.0,0.0,2.24,2.62,0.0
20221029:0511,0.0,0.0,1.98,2.34,0.0
20221029:0611,0.0,0.0,1.89,2.41,0.0
20221029:0711,0.89,1.48,2.42,2.69,0.0
20221029:0811,35.59,7.04,2.65,2.69,0.0
20221029:0911,54.27,11.36,2.58,2.62,0.0
20221029:1011,17.79,14.13,2.35,2.14,0.0
20221029:1111,18.68,15.11,2.44,2.41,0.0
20221029:1211,17.79,14.22,2.29,2.0,0.0
20221029:1311,17.79,11.54,2.28,1.79,0.0
20221029:1411,8.01,7.3,2.8,1.24,0.0
20221029:1511,0.89,1.8,2.68,1.31,0.0
20221029:1611,0.0,0.0,2.98,1.1,0.0
20221029:1711,0.0,0.0,2.77,1.17,0.0
20221029:1811,0.0,0.0,2.44,1.38,0.0
20221029:1911,0.0,0.0,3.46,1.17,0.0
20221029:2011,0.0,0.0,2.88,1.31,0.0
20221029:2111,0.0,0.0,3.23,1.1,0.0
20221029:2211,0.0,0.0,3.59,0.83,0.0
20221029:2311,0.0,0.0,3.38,0.76,0.0
20221030:0011,0.0,0.0,3.13,0.76,0.0
20221030:0111,0.0,0.0,3.03,0.69,0.0
20221030:0211,0.0,0.0,2.85,0.55,0.0
20221030:0311,0.0,0.0,2.6,0.28,0.0
20221030:0411,0.0,0.0,2.27,0.76,0.0
20221030:0511,0.0,0.0,1.9,0.9,0.0
20221030:0611,0.0,0.0,1.52,0.97,0.0
20221030:0711,0.0,0.0,2.45,0.83,0.0
20221030:0811,40.04,6.73,2.07,0.97,0.0
20221030:0911,52.49,11.04,2.76,0.9,0.0
20221030:1011,63.17,13.8,4.0,0.76,0.0
20221030:1111,23.13,14.78,5.08,0.76,0.0
20221030:1211,16.9,13.89,5.65,0.69,0.0
20221030:1311,19.57,11.22,5.79,0.83,0.0
20221030:1411,7.12,6.98,6.02,0.97,0.0
20221030:1511,0.89,1.49,6.18,1.03,0.0
20221030:1611,0.0,0.0,6.14,0.97,0.0
20221030:1711,0.0,0.0,5.91,1.1,0.0
20221030:1811,0.0,0.0,5.67,1.1,0.0
20221030:1911,0.0,0.0,5.07,0.97,0.0
20221030:2011,0.0,0.0,4.86,0.97,0.0
20221030:2111,0.0,0.0,4.57,1.1,0.0
20221030:2211,0.0,0.0,4.76,1.03,0.0
20221030:2311,0.0,0.0,4.74,0.97,0.0
20221031:0011,0.0,0.0,4.67,0.83,0.0
20221031:0111,0.0,0.0,4.38,0.48,0.0
20221031:0211,0.0,0.0,4.46,0.48,0.0
20221031:0311,0.0,0.0,4.59,0.62,0.0
20221031:0411,0.0,0.0,4.51,0.48,0.0
20221031:0511,0.0,0.0,4.46,0.62,0.0
20221031:0611,0.0,0.0,4.25,0.69,0.0
20221031:0711,0.0,0.0,2.93,0.83,0.0
20221031:0811,14.23,6.42,3.15,0.76,0.0
20221031:0911,28.47,10.72,3.88,0.76,0.0
20221031:1011,35.59,13.47,3.8,1.1,0.0
20221031:1111,24.02,14.45,3.75,1.17,0.0
20221031:1211,39.15,13.57,4.1,1.1,0.0
20221031:1311,22.24,10.9,4.15,1.03,0.0
20221031:1411,19.57,6.67,4.33,0.97,0.0
20221031:1511,0.0,0.0,4.44,0.76,0.0
20221031:1611,0.0,0.0,4.19,0.76,0.0
20221031:1711,0.0,0.0,3.71,0.69,0.0
20221031:1811,0.0,0.0,3.18,0.76,0.0
20221031:1911,0.0,0.0,3.37,0.69,0.0
20221031:2011,0.0,0.0,2.97,0.9,0.0
20221031:2111,0.0,0.0,2.54,1.03,0.0
20221031:2211,0.0,0.0,2.08,1.03,0.0
20221031:2311,0.0,0.0,1.76,0.97,0.0
20221101:0011,0.0,0.0,0.9,1.1,0.0
20221101:0111,0.0,0.0,0.58,1.31,0.0
20221101:0211,0.0,0.0,0.04,1.45,0.0
20221101:0311,0.0,0.0,-1.76,1.59,0.0
20221101:0411,0.0,0.0,-2.87,1.72,0.0
20221101:0511,0.0,0.0,-3.18,1.79,0.0
20221101:0611,0.0,0.0,-3.52,1.86,0.0
20221101:0711,0.0,0.0,-2.7,1.86,0.0
20221101:0811,30.25,6.12,-2.41,1.86,0.0
20221101:0911,38.26,10.41,-1.49,1.86,0.0
20221101:1011,56.94,13.15,0.17,1.86,0.0
20221101:1111,73.84,14.13,1.35,1.86,0.0
20221101:1211,90.75,13.25,1.73,2.0,0.0
20221101:1311,32.03,10.59,1.9,2.07,0.0
20221101:1411,36.48,6.37,1.93,2.14,0.0
20221101:1511,0.0,0.0,1.67,2.0,0.0
20221101:1611,0.0,0.0,1.49,2.0,0.0
20221101:1711,0.0,0.0,1.47,2.0,0.0
20221101:1811,0.0,0.0,1.49,2.0,0.0
20221101:1911,0.0,0.0,1.83,1.72,0.0
20221101:2011,0.0,0.0,1.98,1.45,0.0
20221101:2111,0.0,0.0,2.11,1.31,0.0
20221101:2211,0.0,0.0,2.37,1.17,0.0
20221101:2311,0.0,0.0,2.59,1.1,0.0
20221102:0011,0.0,0.0,2.57,1.03,0.0
20221102:0111,0.0,0.0,1.98,1.1,0.0
20221102:0211,0.0,0.0,1.63,1.1,0.0
20221102:0311,0.0,0.0,1.77,0.97,0.0
20221102:0411,0.0,0.0,1.1,1.1,0.0
20221102:0511,0.0,0.0,1.58,0.97,0.0
20221102:0611,0.0,0.0,1.53,0.97,0.0
20221102:0711,0.0,0.0,1.49,0.83,0.0
20221102:0811,22.24,5.81,1.42,0.83,0.0
20221102:0911,43.59,10.1,1.75,0.69,0.0
20221102:1011,76.51,12.84,2.23,0.62,0.0
20221102:1111,71.17,13.81,2.77,0.55,0.0
20221102:1211,90.75,12.93,3.13,0.21,0.0
20221102:1311,65.84,10.28,2.95,0.21,0.0
20221102:1411,11.57,6.07,2.71,0.07,0.0
20221102:1511,0.0,0.0,2.28,0.21,0.0
20221102:1611,0.0,0.0,1.88,0.48,0.0
20221102:1711,0.0,0.0,1.5,0.69,0.0
20221102:1811,0.0,0.0,1.31,0.62,0.0
20221102:1911,0.0,0.0,0.84,0.69,0.0
20221102:2011,0.0,0.0,0.62,0.76,0.0
20221102:2111,0.0,0.0,0.3,0.83,0.0
20221102:2211,0.0,0.0,-0.71,1.1,0.0
20221102:2311,0.0,0.0,-1.69,1.38,0.0
20221103:0011,0.0,0.0,-1.85,1.45,0.0
20221103:0111,0.0,0.0,-1.68,1.93,0.0
20221103:0211,0.0,0.0,-1.39,2.28,0.0
20221103:0311,0.0,0.0,-0.9,2.0,0.0
20221103:0411,0.0,0.0,-0.72,1.93,0.0
20221103:0511,0.0,0.0,-0.57,2.07,0.0
20221103:0611,0.0,0.0,-0.79,1.72,0.0
20221103:0711,0.0,0.0,-0.61,1.59,0.0
20221103:0811,20.46,5.52,-0.94,1.66,0.0
20221103:0911,53.38,9.79,-0.06,1.52,0.0
20221103:1011,57.83,12.52,0.36,1.45,0.0
20221103:1111,43.59,13.49,0.99,1.31,0.0
20221103:1211,16.9,12.62,1.49,1.24,0.0
20221103:1311,54.27,9.97,1.87,1.17,0.0
20221103:1411,24.91,5.77,2.0,1.03,0.0
20221103:1511,0.0,0.0,2.01,1.1,0.0
20221103:1611,0.0,0.0,2.2,1.03,0.0
20221103:1711,0.0,0.0,2.1,0.97,0.0
20221103:1811,0.0,0.0,1.8,1.03,0.0
20221103:1911,0.0,0.0,2.01,1.17,0.0
20221103:2011,0.0,0.0,1.94,1.1,0.0
20221103:2111,0.0,0.0,1.54,1.03,0.0
20221103:2211,0.0,0.0,1.08,1.1,0.0
20221103:2311,0.0,0.0,0.91,1.17,0.0
20221104:0011,0.0,0.0,0.81,1.24,0.0
20221104:0111,0.0,0.0,0.86,1.31,0.0
20221104:0211,0.0,0.0,0.99,1.24,0.0
20221104:0311,0.0,0.0,1.29,1.1,0.0
20221104:0411,0.0,0.0,1.47,1.17,0.0
20221104:0511,0.0,0.0,1.59,1.24,0.0
20221104:0611,0.0,0.0,1.79,1.24,0.0
20221104:0711,0.0,0.0,2.61,1.1,0.0
20221104:0811,16.9,5.22,2.64,1.1,0.0
20221104:0911,26.69,9.48,2.88,1.1,0.0
20221104:1011,60.5,12.21,3.07,1.24,0.0
20221104:1111,88.97,13.18,3.59,1.1,0.0
20221104:1211,71.17,12.31,3.18,1.24,0.0
20221104:1311,32.03,9.67,3.02,1.17,0.0
20221104:1411,30.25,5.48,2.2,1.38,0.0
20221104:1511,0.0,0.0,1.56,1.38,0.0
20221104:1611,0.0,0.0,1.19,1.38,0.0
20221104:1711,0.0,0.0,1.03,1.24,0.0
20221104:1811,0.0,0.0,0.91,1.31,0.0
20221104:1911,0.0,0.0,0.77,1.38,0.0
20221104:2011,0.0,0.0,0.8,1.31,0.0
20221104:2111,0.0,0.0,0.69,1.38,0.0
20221104:2211,0.0,0.0,0.73,1.38,0.0
20221104:2311,0.0,0.0,0.79,1.31,0.0
20221105:0011,0.0,0.0,0.81,1.24,0.0
20221105:0111,0.0,0.0,0.73,1.24,0.0
20221105:0211,0.0,0.0,0.73,1.1,0.0
20221105:0311,0.0,0.0,0.68,1.1,0.0
20221105:0411,0.0,0.0,0.71,1.03,0.0
20221105:0511,0.0,0.0,0.94,0.9,0.0
20221105:0611,0.0,0.0,0.93,0.83,0.0
20221105:0711,0.0,0.0,1.17,0.62,0.0
20221105:0811,12.46,4.93,1.12,0.41,0.0
20221105:0911,10.68,9.18,1.07,0.55,0.0
20221105:1011,14.23,11.91,0.6,0.9,0.0
20221105:1111,35.59,12.88,0.66,1.24,0.0
20221105:1211,46.26,12.01,0.75,1.66,0.0
20221105:1311,17.79,9.38,0.51,1.17,0.0
20221105:1411,11.57,5.2,0.49,0.55,0.0
20221105:1511,0.0,0.0,0.46,0.41,0.0
20221105:1611,0.0,0.0,0.07,0.41,0.0
20221105:1711,0.0,0.0,-0.39,0.34,0.0
20221105:1811,0.0,0.0,-0.59,0.48,0.0
20221105:1911,0.0,0.0,-0.84,0.69,0.0
20221105:2011,0.0,0.0,-1.07,0.62,0.0
20221105:2111,0.0,0.0,-1.28,0.69,0.0
20221105:2211,0.0,0.0,-1.43,0.83,0.0
20221105:2311,0.0,0.0,-1.3,0.83,0.0
20221106:0011,0.0,0.0,-1.15,0.83,0.0
20221106:0111,0.0,0.0,-0.98,0.83,0.0
20221106:0211,0.0,0.0,-0.89,0.9,0.0
20221106:0311,0.0,0.0,-1.0,0.9,0.0
20221106:0411,0.0,0.0,-1.42,1.1,0.0
20221106:0511,0.0,0.0,-1.87,1.17,0.0
20221106:0611,0.0,0.0,-1.53,1.1,0.0
20221106:0711,0.0,0.0,-1.48,1.17,0.0
20221106:0811,24.91,4.64,-1.25,0.97,0.0
20221106:0911,22.24,8.89,-0.97,0.83,0.0
20221106:1011,14.23,11.6,-0.81,0.9,0.0
20221106:1111,18.68,12.57,-0.32,0.69,0.0
20221106:1211,19.57,11.71,0.01,0.48,0.0
20221106:1311,18.68,9.09,-0.31,0.76,0.0
20221106:1411,8.01,4.92,-0.78,0.97,0.0
20221106:1511,0.0,0.0,-0.53,0.76,0.0
20221106:1611,0.0,0.0,-0.17,0.41,0.0
20221106:1711,0.0,0.0,0.14,0.55,0.0
20221106:1811,0.0,0.0,0.3,0.62,0.0
20221106:1911,0.0,0.0,0.31,0.55,0.0
20221106:2011,0.0,0.0,0.21,0.76,0.0
20221106:2111,0.0,0.0,-0.07,0.97,0.0
20221106:2211,0.0,0.0,-0.77,1.1,0.0
20221106:2311,0.0,0.0,-1.53,1.31,0.0
20221107:0011,0.0,0.0,-2.02,1.38,0.0
20221107:0111,0.0,0.0,-2.7,1.52,0.0
20221107:0211,0.0,0.0,-3.04,1.66,0.0
20221107:0311,0.0,0.0,-3.01,1.66,0.0
20221107:0411,0.0,0.0,-2.79,1.66,0.0
20221107:0511,0.0,0.0,-2.56,1.59,0.0
20221107:0611,0.0,0.0,-2.15,1.45,0.0
20221107:0711,0.0,0.0,-2.14,1.52,0.0
20221107:0811,17.79,4.35,-1.69,1.38,0.0
20221107:0911,37.37,8.59,-1.14,1.17,0.0
20221107:1011,19.57,11.3,-0.68,1.03,0.0
20221107:1111,72.95,12.27,-0.23,0.9,0.0
20221107:1211,78.29,11.42,-0.07,0.76,0.0
20221107:1311,55.16,8.8,0.33,0.55,0.0
20221107:1411,24.02,4.64,0.5,0.14,0.0
20221107:1511,0.0,0.0,0.26,0.55,0.0
20221107:1611,0.0,0.0,-0.35,0.76,0.0
20221107:1711,0.0,0.0,-0.92,0.83,0.0
20221107:1811,0.0,0.0,-1.07,0.83,0.0
20221107:1911,0.0,0.0,-0.47,0.9,0.0
20221107:2011,0.0,0.0,-0.06,0.69,0.0
20221107:2111,0.0,0.0,-0.14,0.55,0.0
20221107:2211,0.0,0.0,-0.22,0.41,0.0
20221107:2311,0.0,0.0,-0.47,0.41,0.0
20221108:0011,0.0,0.0,-0.79,0.76,0.0
20221108:0111,0.0,0.0,-1.63,0.9,0.0
20221108:0211,0.0,0.0,-2.06,1.03,0.0
20221108:0311,0.0,0.0,-2.55,1.38,0.0
20221108:0411,0.0,0.0,-2.84,1.59,0.0
20221108:0511,0.0,0.0,-3.28,1.66,0.0
20221108:0611,0.0,0.0,-3.44,1.72,0.0
20221108:0711,0.0,0.0,-3.12,1.72,0.0
20221108:0811,12.46,4.06,-2.54,1.59,0.0
20221108:0911,39.15,8.3,-1.56,1.45,0.0
20221108:1011,16.9,11.01,-0.4,1.38,0.0
20221108:1111,14.23,11.98,0.28,1.38,0.0
20221108:1211,20.46,11.13,0.65,1.38,0.0
20221108:1311,43.59,8.52,0.68,1.52,0.0
20221108:1411,12.46,4.38,0.66,1.59,0.0
20221108:1511,0.0,0.0,0.11,1.59,0.0
20221108:1611,0.0,0.0,-0.14,1.59,0.0
20221108:1711,0.0,0.0,-0.02,1.52,0.0
20221108:1811,0.0,0.0,-0.25,1.52,0.0
20221108:1911,0.0,0.0,-0.4,1.45,0.0
20221108:2011,0.0,0.0,0.0,1.38,0.0
20221108:2111,0.0,0.0,0.09,1.24,0.0
20221108:2211,0.0,0.0,0.11,1.17,0.0
20221108:2311,0.0,0.0,0.15,1.24,0.0
20221109:0011,0.0,0.0,0.08,1.31,0.0
20221109:0111,0.0,0.0,-0.25,1.31,0.0
20221109:0211,0.0,0.0,-0.28,1.38,0.0
20221109:0311,0.0,0.0,-0.83,1.45,0.0
20221109:0411,0.0,0.0,-0.82,1.38,0.0
20221109:0511,0.0,0.0,-0.86,1.38,0.0
20221109:0611,0.0,0.0,-0.65,1.17,0.0
20221109:0711,0.0,0.0,-1.69,1.38,0.0
20221109:0811,16.01,3.78,-1.4,1.24,0.0
20221109:0911,33.81,8.01,-0.94,1.24,0.0
20221109:1011,12.46,10.72,-0.33,1.1,0.0
20221109:1111,46.26,11.69,0.47,1.03,0.0
20221109:1211,35.59,10.84,1.38,0.83,0.0
20221109:1311,20.46,8.25,1.49,0.76,0.0
20221109:1411,21.35,4.11,1.49,0.69,0.0
20221109:1511,0.0,0.0,0.97,0.62,0.0
20221109:1611,0.0,0.0,0.54,0.62,0.0
20221109:1711,0.0,0.0,0.49,0.62,0.0
20221109:1811,0.0,0.0,0.52,0.62,0.0
20221109:1911,0.0,0.0,-0.09,0.69,0.0
20221109:2011,0.0,0.0,0.17,0.62,0.0
20221109:2111,0.0,0.0,0.37,0.69,0.0
20221109:2211,0.0,0.0,0.56,0.76,0.0
20221109:2311,0.0,0.0,0.68,0.83,0.0
20221110:0011,0.0,0.0,0.58,0.9,0.0
20221110:0111,0.0,0.0,0.57,0.83,0.0
20221110:0211,0.0,0.0,0.6,0.83,0.0
20221110:0311,0.0,0.0,0.35,0.83,0.0
20221110:0411,0.0,0.0,0.46,0.9,0.0
20221110:0511,0.0,0.0,0.72,0.9,0.0
20221110:0611,0.0,0.0,0.51,1.1,0.0
20221110:0711,0.0,0.0,0.86,0.97,0.0
20221110:0811,3.56,3.5,0.76,1.03,0.0
20221110:0911,22.24,7.73,0.36,1.17,0.0
20221110:1011,35.59,10.43,0.39,1.17,0.0
20221110:1111,13.35,11.41,0.6,1.1,0.0
20221110:1211,12.46,10.56,0.78,1.03,0.0
20221110:1311,26.69,7.98,0.68,1.1,0.0
20221110:1411,6.23,3.85,0.94,0.97,0.0
20221110:1511,0.0,0.0,1.22,1.03,0.0
20221110:1611,0.0,0.0,1.93,0.9,0.0
20221110:1711,0.0,0.0,2.0,1.17,0.0
20221110:1811,0.0,0.0,2.63,1.17,0.0
20221110:1911,0.0,0.0,3.4,1.31,0.0
20221110:2011,0.0,0.0,3.25,1.66,0.0
20221110:2111,0.0,0.0,3.34,2.07,0.0
20221110:2211,0.0,0.0,3.36,2.14,0.0
20221110:2311,0.0,0.0,3.37,2.21,0.0
20221111:0011,0.0,0.0,3.4,2.55,0.0
20221111:0111,0.0,0.0,3.47,2.55,0.0
20221111:0211,0.0,0.0,3.35,2.41,0.0
20221111:0311,0.0,0.0,3.57,2.07,0.0
20221111:0411,0.0,0.0,3.38,1.93,0.0
20221111:0511,0.0,0.0,3.68,1.66,0.0
20221111:0611,0.0,0.0,3.65,1.52,0.0
20221111:0711,0.0,0.0,4.03,1.59,0.0
20221111:0811,8.01,3.23,3.61,1.79,0.0
20221111:0911,8.9,7.45,4.54,1.38,0.0
20221111:1011,55.16,10.15,5.28,1.17,0.0
20221111:1111,22.24,11.13,5.52,0.97,0.0
20221111:1211,54.27,10.29,5.65,1.17,0.0
20221111:1311,11.57,7.71,4.85,1.59,0.0
20221111:1411,4.45,3.6,4.79,1.86,0.0
20221111:1511,0.0,0.0,4.39,2.14,0.0
20221111:1611,0.0,0.0,4.43,2.07,0.0
20221111:1711,0.0,0.0,4.27,2.14,0.0
20221111:1811,0.0,0.0,4.23,2.21,0.0
20221111:1911,0.0,0.0,4.31,2.48,0.0
20221111:2011,0.0,0.0,4.28,2.41,0.0
20221111:2111,0.0,0.0,4.17,2.55,0.0
20221111:2211,0.0,0.0,4.15,2.48,0.0
20221111:2311,0.0,0.0,4.27,2.28,0.0
20221112:0011,0.0,0.0,3.86,2.55,0.0
20221112:0111,0.0,0.0,3.81,2.69,0.0
20221112:0211,0.0,0.0,3.13,2.41,0.0
20221112:0311,0.0,0.0,2.4,2.21,0.0
20221112:0411,0.0,0.0,1.98,2.07,0.0
20221112:0511,0.0,0.0,1.51,2.07,0.0
20221112:0611,0.0,0.0,1.4,1.93,0.0
20221112:0711,0.0,0.0,2.11,2.0,0.0
20221112:0811,2.67,2.96,1.81,1.72,0.0
20221112:0911,8.01,7.17,1.83,1.72,0.0
20221112:1011,21.35,9.87,1.89,2.0,0.0
20221112:1111,26.69,10.85,2.11,1.86,0.0
20221112:1211,49.82,10.02,2.02,1.79,0.0
20221112:1311,29.36,7.46,2.44,1.45,0.0
20221112:1411,2.67,3.35,2.44,1.24,0.0
20221112:1511,0.0,0.0,2.85,1.1,0.0
20221112:1611,0.0,0.0,3.01,0.76,0.0
20221112:1711,0.0,0.0,2.78,0.83,0.0
20221112:1811,0.0,0.0,2.53,0.41,0.0
20221112:1911,0.0,0.0,2.03,0.55,0.0
20221112:2011,0.0,0.0,1.8,0.76,0.0
20221112:2111,0.0,0.0,1.18,0.97,0.0
20221112:2211,0.0,0.0,0.73,1.1,0.0
20221112:2311,0.0,0.0,0.51,1.17,0.0
20221113:0011,0.0,0.0,0.33,1.17,0.0
20221113:0111,0.0,0.0,0.0,1.31,0.0
20221113:0211,0.0,0.0,-0.11,1.38,0.0
20221113:0311,0.0,0.0,-0.5,1.45,0.0
20221113:0411,0.0,0.0,-0.33,1.45,0.0
20221113:0511,0.0,0.0,-0.15,1.45,0.0
20221113:0611,0.0,0.0,-0.01,1.52,0.0
20221113:0711,0.0,0.0,0.07,1.45,0.0
20221113:0811,9.79,2.69,0.88,1.31,0.0
20221113:0911,25.8,6.9,0.8,1.31,0.0
20221113:1011,33.81,9.6,1.56,1.1,0.0
20221113:1111,54.27,10.58,2.29,0.97,0.0
20221113:1211,11.57,9.76,2.92,0.83,0.0
20221113:1311,9.79,7.2,3.05,0.76,0.0
20221113:1411,2.67,3.11,3.15,0.83,0.0
20221113:1511,0.0,0.0,3.11,0.83,0.0
20221113:1611,0.0,0.0,3.47,0.83,0.0
20221113:1711,0.0,0.0,3.59,0.83,0.0
20221113:1811,0.0,0.0,3.76,0.76,0.0
20221113:1911,0.0,0.0,3.76,0.76,0.0
20221113:2011,0.0,0.0,3.57,0.83,0.0
20221113:2111,0.0,0.0,3.23,0.97,0.0
20221113:2211,0.0,0.0,3.04,1.03,0.0
20221113:2311,0.0,0.0,2.6,1.1,0.0
20221114:0011,0.0,0.0,2.05,1.17,0.0
20221114:0111,0.0,0.0,1.51,1.24,0.0
20221114:0211,0.0,0.0,1.2,1.31,0.0
20221114:0311,0.0,0.0,0.02,1.45,0.0
20221114:0411,0.0,0.0,-2.37,1.59,0.0
20221114:0511,0.0,0.0,-3.98,1.66,0.0
20221114:0611,0.0,0.0,-4.54,1.72,0.0
20221114:0711,0.0,0.0,-3.04,1.86,0.0
20221114:0811,1.78,2.43,-2.7,1.86,0.0
20221114:0911,39.15,6.64,-1.91,1.86,0.0
20221114:1011,61.39,9.33,-0.8,1.72,0.0
20221114:1111,37.37,10.32,0.28,1.66,0.0
20221114:1211,44.48,9.5,0.89,1.59,0.0
20221114:1311,29.36,6.96,1.31,1.59,0.0
20221114:1411,11.57,2.88,1.1,1.66,0.0
20221114:1511,0.0,0.0,1.24,1.66,0.0
20221114:1611,0.0,0.0,1.48,1.66,0.0
20221114:1711,0.0,0.0,1.74,1.72,0.0
20221114:1811,0.0,0.0,2.1,1.66,0.0
20221114:1911,0.0,0.0,1.55,1.72,0.0
20221114:2011,0.0,0.0,1.59,1.72,0.0
20221114:2111,0.0,0.0,1.81,1.72,0.0
20221114:2211,0.0,0.0,1.82,1.72,0.0
20221114:2311,0.0,0.0,1.48,1.79,0.0
20221115:0011,0.0,0.0,1.4,1.79,0.0
20221115:0111,0.0,0.0,2.15,1.72,0.0
20221115:0211,0.0,0.0,2.57,1.72,0.0
20221115:0311,0.0,0.0,2.53,1.66,0.0
20221115:0411,0.0,0.0,1.84,1.79,0.0
20221115:0511,0.0,0.0,0.54,2.0,0.0
20221115:0611,0.0,0.0,0.0,2.0,0.0
20221115:0711,0.0,0.0,0.67,1.86,0.0
20221115:0811,1.78,2.17,0.91,1.79,0.0
20221115:0911,7.12,6.37,0.99,1.79,0.0
20221115:1011,22.24,9.07,1.1,1.79,0.0
20221115:1111,19.57,10.06,1.21,1.86,0.0
20221115:1211,56.05,9.25,1.41,1.93,0.0
20221115:1311,24.02,6.71,1.15,2.14,0.0
20221115:1411,10.68,2.65,0.38,2.14,0.0
20221115:1511,0.0,0.0,-0.48,2.14,0.0
20221115:1611,0.0,0.0,-1.65,2.14,0.0
20221115:1711,0.0,0.0,-2.35,2.14,0.0
20221115:1811,0.0,0.0,-2.92,2.14,0.0
20221115:1911,0.0,0.0,-3.55,2.34,0.0
20221115:2011,0.0,0.0,-3.81,2.21,0.0
20221115:2111,0.0,0.0,-4.06,2.21,0.0
20221115:2211,0.0,0.0,-4.65,2.21,0.0
20221115:2311,0.0,0.0,-5.03,2.34,0.0
20221116:0011,0.0,0.0,-5.25,2.21,0.0
20221116:0111,0.0,0.0,-5.23,2.07,0.0
20221116:0211,0.0,0.0,-5.83,2.21,0.0
20221116:0311,0.0,0.0,-5.85,2.21,0.0
20221116:0411,0.0,0.0,-5.62,2.21,0.0
20221116:0511,0.0,0.0,-5.56,2.28,0.0
20221116:0611,0.0,0.0,-5.55,2.21,0.0
20221116:0711,0.0,0.0,-4.99,2.14,0.0
20221116:0811,2.67,1.92,-4.78,2.0,0.0
20221116:0911,27.58,6.12,-4.82,2.07,0.0
20221116:1011,56.05,8.81,-4.69,2.14,0.0
20221116:1111,44.48,9.8,-4.32,2.21,0.0
20221116:1211,37.37,9.0,-3.91,2.21,0.0
20221116:1311,40.04,6.48,-3.55,2.14,0.0
20221116:1411,3.56,2.42,-4.06,2.14,0.0
20221116:1511,0.0,0.0,-4.23,2.14,0.0
20221116:1611,0.0,0.0,-4.42,2.07,0.0
20221116:1711,0.0,0.0,-4.63,2.14,0.0
20221116:1811,0.0,0.0,-4.68,2.07,0.0
20221116:1911,0.0,0.0,-3.84,1.93,0.0
20221116:2011,0.0,0.0,-4.06,2.0,0.0
20221116:2111,0.0,0.0,-4.36,2.07,0.0
20221116:2211,0.0,0.0,-4.18,2.0,0.0
20221116:2311,0.0,0.0,-4.25,1.93,0.0
20221117:0011,0.0,0.0,-4.16,1.86,0.0
20221117:0111,0.0,0.0,-4.81,2.07,0.0
20221117:0211,0.0,0.0,-4.91,2.0,0.0
20221117:0311,0.0,0.0,-4.5,1.86,0.0
20221117:0411,0.0,0.0,-5.11,2.0,0.0
20221117:0511,0.0,0.0,-5.05,1.93,0.0
20221117:0611,0.0,0.0,-4.75,1.86,0.0
20221117:0711,0.0,0.0,-5.03,1.93,0.0
20221117:0811,1.78,1.67,-4.04,1.79,0.0
20221117:0911,25.8,5.86,-4.15,1.86,0.0
20221117:1011,51.6,8.56,-4.43,1.86,0.0
20221117:1111,32.03,9.55,-4.39,1.86,0.0
20221117:1211,29.36,8.76,-4.34,1.86,0.0
20221117:1311,39.15,6.25,-4.35,1.86,0.0
20221117:1411,7.12,2.21,-4.72,2.0,0.0
20221117:1511,0.0,0.0,-4.67,1.93,0.0
20221117:1611,0.0,0.0,-4.57,1.86,0.0
20221117:1711,0.0,0.0,-5.18,1.93,0.0
20221117:1811,0.0,0.0,-4.9,1.86,0.0
20221117:1911,0.0,0.0,-4.4,1.86,0.0
20221117:2011,0.0,0.0,-5.19,2.0,0.0
20221117:2111,0.0,0.0,-5.31,2.0,0.0
20221117:2211,0.0,0.0,-4.71,1.86,0.0
20221117:2311,0.0,0.0,-4.52,1.79,0.0
20221118:0011,0.0,0.0,-5.14,1.93,0.0
20221118:0111,0.0,0.0,-4.78,1.86,0.0
20221118:0211,0.0,0.0,-5.01,1.86,0.0
20221118:0311,0.0,0.0,-5.03,1.86,0.0
20221118:0411,0.0,0.0,-4.67,1.72,0.0
20221118:0511,0.0,0.0,-4.67,1.72,0.0
20221118:0611,0.0,0.0,-4.75,1.79,0.0
20221118:0711,0.0,0.0,-4.82,1.86,0.0
20221118:0811,0.89,1.42,-4.65,1.79,0.0
20221118:0911,28.47,5.62,-4.45,1.66,0.0
20221118:1011,41.81,8.31,-4.36,1.72,0.0
20221118:1111,33.81,9.31,-4.45,1.72,0.0
20221118:1211,29.36,8.53,-4.18,1.66,0.0
20221118:1311,37.37,6.03,-3.96,1.66,0.0
20221118:1411,1.78,2.0,-3.74,1.66,0.0
20221118:1511,0.0,0.0,-3.8,1.59,0.0
20221118:1611,0.0,0.0,-4.11,1.52,0.0
20221118:1711,0.0,0.0,-4.36,1.45,0.0
20221118:1811,0.0,0.0,-4.62,1.45,0.0
20221118:1911,0.0,0.0,-4.62,1.52,0.0
20221118:2011,0.0,0.0,-4.69,1.52,0.0
20221118:2111,0.0,0.0,-4.8,1.52,0.0
20221118:2211,0.0,0.0,-4.93,1.45,0.0
20221118:2311,0.0,0.0,-5.04,1.45,0.0
20221119:0011,0.0,0.0,-5.12,1.45,0.0
20221119:0111,0.0,0.0,-5.28,1.45,0.0
20221119:0211,0.0,0.0,-5.36,1.45,0.0
20221119:0311,0.0,0.0,-5.75,1.45,0.0
20221119:0411,0.0,0.0,-5.9,1.59,0.0
20221119:0511,0.0,0.0,-5.89,1.59,0.0
20221119:0611,0.0,0.0,-5.87,1.66,0.0
20221119:0711,0.0,0.0,-6.13,1.59,0.0
20221119:0811,0.0,0.0,-6.35,1.66,0.0
20221119:0911,26.69,5.37,-6.45,1.59,0.0
20221119:1011,40.93,8.07,-5.81,1.52,0.0
20221119:1111,40.04,9.07,-4.78,1.24,0.0
20221119:1211,40.04,8.3,-4.14,1.17,0.0
20221119:1311,35.59,5.81,-4.24,1.24,0.0
20221119:1411,0.89,1.79,-4.78,1.31,0.0
20221119:1511,0.0,0.0,-5.3,1.45,0.0
20221119:1611,0.0,0.0,-5.55,1.59,0.0
20221119:1711,0.0,0.0,-5.79,1.66,0.0
20221119:1811,0.0,0.0,-5.83,1.66,0.0
20221119:1911,0.0,0.0,-4.88,1.59,0.0
20221119:2011,0.0,0.0,-5.1,1.59,0.0
20221119:2111,0.0,0.0,-5.29,1.59,0.0
20221119:2211,0.0,0.0,-5.59,1.59,0.0
20221119:2311,0.0,0.0,-5.97,1.52,0.0
20221120:0011,0.0,0.0,-6.32,1.38,0.0
20221120:0111,0.0,0.0,-6.59,1.31,0.0
20221120:0211,0.0,0.0,-6.87,1.31,0.0
20221120:0311,0.0,0.0,-7.18,1.45,0.0
20221120:0411,0.0,0.0,-7.53,1.52,0.0
20221120:0511,0.0,0.0,-7.77,1.52,0.0
20221120:0611,0.0,0.0,-7.96,1.52,0.0
20221120:0711,0.0,0.0,-8.61,1.59,0.0
20221120:0811,0.0,0.0,-8.58,1.59,0.0
20221120:0911,20.46,5.13,-8.37,1.45,0.0
20221120:1011,50.71,7.83,-7.99,1.45,0.0
20221120:1111,29.36,8.84,-7.37,1.38,0.0
20221120:1211,27.58,8.08,-6.8,1.31,0.0
20221120:1311,31.14,5.6,-6.45,1.24,0.0
20221120:1411,1.78,1.59,-6.52,1.31,0.0
20221120:1511,0.0,0.0,-6.7,1.38,0.0
20221120:1611,0.0,0.0,-6.76,1.38,0.0
20221120:1711,0.0,0.0,-6.69,1.31,0.0
20221120:1811,0.0,0.0,-6.63,1.38,0.0
20221120:1911,0.0,0.0,-6.79,1.45,0.0
20221120:2011,0.0,0.0,-6.6,1.52,0.0
20221120:2111,0.0,0.0,-6.56,1.45,0.0
20221120:2211,0.0,0.0,-6.55,1.45,0.0
20221120:2311,0.0,0.0,-6.81,1.45,0.0
20221121:0011,0.0,0.0,-7.02,1.52,0.0
20221121:0111,0.0,0.0,-7.38,1.45,0.0
20221121:0211,0.0,0.0,-7.42,1.38,0.0
20221121:0311,0.0,0.0,-8.34,1.52,0.0
20221121:0411,0.0,0.0,-10.01,1.72,0.0
20221121:0511,0.0,0.0,-10.57,1.72,0.0
20221121:0611,0.0,0.0,-10.91,1.86,0.0
20221121:0711,0.0,0.0,-10.54,1.59,0.0
20221121:0811,0.0,0.0,-9.94,1.52,0.0
20221121:0911,28.47,4.9,-10.08,1.66,0.0
20221121:1011,50.71,7.6,-10.22,2.0,0.0
20221121:1111,57.83,8.62,-10.45,2.07,0.0
20221121:1211,16.9,7.86,-10.21,2.0,0.0
20221121:1311,6.23,5.39,-9.94,2.07,0.0
20221121:1411,0.89,1.4,-10.13,1.86,0.0
20221121:1511,0.0,0.0,-9.76,1.79,0.0
20221121:1611,0.0,0.0,-9.21,1.59,0.0
20221121:1711,0.0,0.0,-9.0,1.52,0.0
20221121:1811,0.0,0.0,-8.78,1.52,0.0
20221121:1911,0.0,0.0,-8.78,1.52,0.0
20221121:2011,0.0,0.0,-8.66,1.45,0.0
20221121:2111,0.0,0.0,-8.12,1.31,0.0
20221121:2211,0.0,0.0,-8.22,1.24,0.0
20221121:2311,0.0,0.0,-8.38,1.31,0.0
20221122:0011,0.0,0.0,-9.22,1.45,0.0
20221122:0111,0.0,0.0,-10.95,2.55,0.0
20221122:0211,0.0,0.0,-9.75,1.31,0.0
20221122:0311,0.0,0.0,-10.57,1.72,0.0
20221122:0411,0.0,0.0,-9.84,1.45,0.0
20221122:0511,0.0,0.0,-10.02,1.52,0.0
20221122:0611,0.0,0.0,-9.91,1.45,0.0
20221122:0711,0.0,0.0,-8.66,1.38,0.0
20221122:0811,0.0,0.0,-8.64,1.38,0.0
20221122:0911,27.58,4.67,-9.04,1.52,0.0
20221122:1011,45.37,7.38,-9.11,1.59,0.0
20221122:1111,27.58,8.4,-8.8,1.59,0.0
20221122:1211,48.04,7.65,-8.47,1.66,0.0
20221122:1311,26.69,5.2,-8.25,1.66,0.0
20221122:1411,0.0,0.0,-7.96,1.45,0.0
20221122:1511,0.0,0.0,-8.06,1.59,0.0
20221122:1611,0.0,0.0,-8.32,1.66,0.0
20221122:1711,0.0,0.0,-8.12,1.66,0.0
20221122:1811,0.0,0.0,-8.2,1.66,0.0
20221122:1911,0.0,0.0,-8.33,1.72,0.0
20221122:2011,0.0,0.0,-8.36,1.79,0.0
20221122:2111,0.0,0.0,-8.13,1.79,0.0
20221122:2211,0.0,0.0,-8.16,1.86,0.0
20221122:2311,0.0,0.0,-7.86,1.86,0.0
20221123:0011,0.0,0.0,-7.36,1.79,0.0
20221123:0111,0.0,0.0,-6.99,1.86,0.0
20221123:0211,0.0,0.0,-6.68,1.86,0.0
20221123:0311,0.0,0.0,-6.79,2.0,0.0
20221123:0411,0.0,0.0,-6.68,1.79,0.0
20221123:0511,0.0,0.0,-6.85,1.86,0.0
20221123:0611,0.0,0.0,-6.9,1.79,0.0
20221123:0711,0.0,0.0,-6.46,1.79,0.0
20221123:0811,0.0,0.0,-6.45,1.79,0.0
20221123:0911,8.9,4.45,-6.0,1.59,0.0
20221123:1011,12.46,7.16,-5.98,1.72,0.0
20221123:1111,53.38,8.18,-5.74,1.72,0.0
20221123:1211,28.47,7.45,-5.55,1.72,0.0
20221123:1311,8.01,5.0,-5.43,1.72,0.0
20221123:1411,0.0,0.0,-5.65,1.86,0.0
20221123:1511,0.0,0.0,-5.8,1.79,0.0
20221123:1611,0.0,0.0,-5.98,1.72,0.0
20221123:1711,0.0,0.0,-6.17,1.79,0.0
20221123:1811,0.0,0.0,-6.31,1.86,0.0
20221123:1911,0.0,0.0,-6.26,1.86,0.0
20221123:2011,0.0,0.0,-6.37,1.93,0.0
20221123:2111,0.0,0.0,-6.3,1.86,0.0
20221123:2211,0.0,0.0,-6.33,1.79,0.0
20221123:2311,0.0,0.0,-6.46,1.79,0.0
20221124:0011,0.0,0.0,-6.62,1.93,0.0
20221124:0111,0.0,0.0,-6.51,1.93,0.0
20221124:0211,0.0,0.0,-6.46,1.93,0.0
20221124:0311,0.0,0.0,-6.42,1.86,0.0
20221124:0411,0.0,0.0,-6.38,1.86,0.0
20221124:0511,0.0,0.0,-6.39,1.86,0.0
20221124:0611,0.0,0.0,-6.36,1.86,0.0
20221124:0711,0.0,0.0,-6.04,1.93,0.0
20221124:0811,0.0,0.0,-6.01,1.93,0.0
20221124:0911,21.35,4.23,-5.8,1.93,0.0
20221124:1011,29.36,6.94,-5.56,1.93,0.0
20221124:1111,34.7,7.98,-5.0,1.93,0.0
20221124:1211,17.79,7.25,-4.73,1.86,0.0
20221124:1311,4.45,4.82,-4.62,1.79,0.0
20221124:1411,0.0,0.0,-4.82,1.79,0.0
20221124:1511,0.0,0.0,-4.99,1.79,0.0
20221124:1611,0.0,0.0,-5.01,1.72,0.0
20221124:1711,0.0,0.0,-4.97,1.79,0.0
20221124:1811,0.0,0.0,-4.86,1.72,0.0
20221124:1911,0.0,0.0,-4.58,1.72,0.0
20221124:2011,0.0,0.0,-4.37,1.72,0.0
20221124:2111,0.0,0.0,-4.55,1.72,0.0
20221124:2211,0.0,0.0,-4.37,1.66,0.0
20221124:2311,0.0,0.0,-4.32,1.66,0.0
20221125:0011,0.0,0.0,-4.19,1.66,0.0
20221125:0111,0.0,0.0,-4.52,1.72,0.0
20221125:0211,0.0,0.0,-4.79,1.79,0.0
20221125:0311,0.0,0.0,-4.71,1.86,0.0
20221125:0411,0.0,0.0,-4.54,1.79,0.0
20221125:0511,0.0,0.0,-4.43,1.79,0.0
20221125:0611,0.0,0.0,-4.27,1.86,0.0
20221125:0711,0.0,0.0,-3.74,1.86,0.0
20221125:0811,0.0,0.0,-3.71,1.86,0.0
20221125:0911,6.23,4.02,-3.48,1.72,0.0
20221125:1011,42.7,6.74,-3.15,1.72,0.0
20221125:1111,49.82,7.77,-2.83,1.72,0.0
20221125:1211,44.48,7.06,-2.6,1.72,0.0
20221125:1311,8.01,4.64,-2.55,1.66,0.0
20221125:1411,0.0,0.0,-2.79,1.52,0.0
20221125:1511,0.0,0.0,-3.05,1.52,0.0
20221125:1611,0.0,0.0,-3.25,1.59,0.0
20221125:1711,0.0,0.0,-3.39,1.59,0.0
20221125:1811,0.0,0.0,-3.44,1.66,0.0
20221125:1911,0.0,0.0,-3.43,1.72,0.0
20221125:2011,0.0,0.0,-3.24,1.59,0.0
20221125:2111,0.0,0.0,-3.24,1.52,0.0
20221125:2211,0.0,0.0,-3.26,1.59,0.0
20221125:2311,0.0,0.0,-3.31,1.59,0.0
20221126:0011,0.0,0.0,-3.38,1.59,0.0
20221126:0111,0.0,0.0,-3.33,1.52,0.0
20221126:0211,0.0,0.0,-3.28,1.45,0.0
20221126:0311,0.0,0.0,-3.3,1.31,0.0
20221126:0411,0.0,0.0,-3.52,1.45,0.0
20221126:0511,0.0,0.0,-3.5,1.38,0.0
20221126:0611,0.0,0.0,-3.27,1.31,0.0
20221126:0711,0.0,0.0,-2.94,1.31,0.0
20221126:0811,0.0,0.0,-2.4,1.24,0.0
20221126:0911,4.45,3.81,-2.64,1.24,0.0
20221126:1011,16.9,6.53,-2.43,1.24,0.0
20221126:1111,9.79,7.58,-2.17,1.17,0.0
20221126:1211,13.35,6.87,-1.9,1.17,0.0
20221126:1311,4.45,4.47,-1.75,1.17,0.0
20221126:1411,0.0,0.0,-1.98,1.17,0.0
20221126:1511,0.0,0.0,-2.47,1.31,0.0
20221126:1611,0.0,0.0,-2.96,1.38,0.0
20221126:1711,0.0,0.0,-2.87,1.31,0.0
20221126:1811,0.0,0.0,-2.88,1.24,0.0
20221126:1911,0.0,0.0,-2.52,1.31,0.0
20221126:2011,0.0,0.0,-2.84,1.38,0.0
20221126:2111,0.0,0.0,-2.64,1.38,0.0
20221126:2211,0.0,0.0,-2.64,1.38,0.0
20221126:2311,0.0,0.0,-2.7,1.38,0.0
20221127:0011,0.0,0.0,-3.04,1.45,0.0
20221127:0111,0.0,0.0,-3.05,1.52,0.0
20221127:0211,0.0,0.0,-3.12,1.59,0.0
20221127:0311,0.0,0.0,-3.34,1.66,0.0
20221127:0411,0.0,0.0,-3.34,1.66,0.0
20221127:0511,0.0,0.0,-3.27,1.59,0.0
20221127:0611,0.0,0.0,-3.16,1.66,0.0
20221127:0711,0.0,0.0,-2.81,1.79,0.0
20221127:0811,0.0,0.0,-2.42,1.72,0.0
20221127:0911,5.34,3.61,-2.04,1.66,0.0
20221127:1011,26.69,6.34,-1.63,1.59,0.0
20221127:1111,10.68,7.39,-1.15,1.59,0.0
20221127:1211,8.9,6.7,-0.93,1.59,0.0
20221127:1311,12.46,4.3,-1.02,1.59,0.0
20221127:1411,0.0,0.0,-1.1,1.52,0.0
20221127:1511,0.0,0.0,-1.11,1.45,0.0
20221127:1611,0.0,0.0,-1.16,1.45,0.0
20221127:1711,0.0,0.0,-1.18,1.45,0.0
20221127:1811,0.0,0.0,-1.27,1.45,0.0
20221127:1911,0.0,0.0,-1.21,1.45,0.0
20221127:2011,0.0,0.0,-1.35,1.45,0.0
20221127:2111,0.0,0.0,-1.28,1.45,0.0
20221127:2211,0.0,0.0,-1.45,1.45,0.0
20221127:2311,0.0,0.0,-1.56,1.45,0.0
20221128:0011,0.0,0.0,-1.68,1.52,0.0
20221128:0111,0.0,0.0,-2.19,1.52,0.0
20221128:0211,0.0,0.0,-2.21,1.59,0.0
20221128:0311,0.0,0.0,-2.27,1.59,0.0
20221128:0411,0.0,0.0,-2.28,1.59,0.0
20221128:0511,0.0,0.0,-2.39,1.45,0.0
20221128:0611,0.0,0.0,-2.59,1.52,0.0
20221128:0711,0.0,0.0,-2.16,1.59,0.0
20221128:0811,0.0,0.0,-1.95,1.45,0.0
20221128:0911,3.56,3.42,-1.97,1.45,0.0
20221128:1011,9.79,6.15,-1.96,1.52,0.0
20221128:1111,16.01,7.21,-1.91,1.45,0.0
20221128:1211,11.57,6.53,-2.0,1.52,0.0
20221128:1311,7.12,4.15,-2.12,1.45,0.0
20221128:1411,0.0,0.0,-2.28,1.45,0.0
20221128:1511,0.0,0.0,-2.51,1.45,0.0
20221128:1611,0.0,0.0,-2.68,1.52,0.0
20221128:1711,0.0,0.0,-2.71,1.52,0.0
20221128:1811,0.0,0.0,-2.77,1.45,0.0
20221128:1911,0.0,0.0,-2.47,1.52,0.0
20221128:2011,0.0,0.0,-2.47,1.45,0.0
20221128:2111,0.0,0.0,-2.44,1.45,0.0
20221128:2211,0.0,0.0,-2.56,1.38,0.0
20221128:2311,0.0,0.0,-2.57,1.38,0.0
20221129:0011,0.0,0.0,-2.63,1.38,0.0
20221129:0111,0.0,0.0,-2.68,1.31,0.0
20221129:0211,0.0,0.0,-2.74,1.31,0.0
20221129:0311,0.0,0.0,-2.8,1.31,0.0
20221129:0411,0.0,0.0,-2.81,1.24,0.0
20221129:0511,0.0,0.0,-2.75,1.17,0.0
20221129:0611,0.0,0.0,-2.65,1.1,0.0
20221129:0711,0.0,0.0,-2.59,1.1,0.0
20221129:0811,0.0,0.0,-2.6,1.1,0.0
20221129:0911,6.23,3.23,-2.6,1.1,0.0
20221129:1011,11.57,5.96,-2.62,1.1,0.0
20221129:1111,44.48,7.04,-2.52,1.1,0.0
20221129:1211,16.9,6.36,-2.44,1.03,0.0
20221129:1311,3.56,4.0,-2.13,0.97,0.0
20221129:1411,0.0,0.0,-2.35,0.9,0.0
20221129:1511,0.0,0.0,-2.5,0.9,0.0
20221129:1611,0.0,0.0,-3.0,0.83,0.0
20221129:1711,0.0,0.0,-2.98,0.83,0.0
20221129:1811,0.0,0.0,-3.03,0.83,0.0
20221129:1911,0.0,0.0,-2.65,0.83,0.0
20221129:2011,0.0,0.0,-2.69,0.76,0.0
20221129:2111,0.0,0.0,-2.73,0.76,0.0
20221129:2211,0.0,0.0,-2.79,0.76,0.0
20221129:2311,0.0,0.0,-2.82,0.69,0.0
20221130:0011,0.0,0.0,-2.82,0.62,0.0
20221130:0111,0.0,0.0,-2.84,0.55,0.0
20221130:0211,0.0,0.0,-2.95,0.55,0.0
20221130:0311,0.0,0.0,-3.04,0.62,0.0
20221130:0411,0.0,0.0,-3.01,0.62,0.0
20221130:0511,0.0,0.0,-3.24,0.55,0.0
20221130:0611,0.0,0.0,-3.3,0.62,0.0
20221130:0711,0.0,0.0,-3.54,0.55,0.0
20221130:0811,0.0,0.0,-3.45,0.55,0.0
20221130:0911,10.68,3.05,-3.34,0.48,0.0
20221130:1011,12.46,5.79,-3.47,0.48,0.0
20221130:1111,13.35,6.87,-3.21,0.41,0.0
20221130:1211,22.24,6.21,-3.09,0.34,0.0
20221130:1311,3.56,3.85,-2.97,0.34,0.0
20221130:1411,0.0,0.0,-3.16,0.48,0.0
20221130:1511,0.0,0.0,-3.46,0.55,0.0
20221130:1611,0.0,0.0,-3.6,0.62,0.0
20221130:1711,0.0,0.0,-4.08,0.76,0.0
20221130:1811,0.0,0.0,-4.28,0.76,0.0
20221130:1911,0.0,0.0,-5.62,1.03,0.0
20221130:2011,0.0,0.0,-5.8,1.1,0.0
20221130:2111,0.0,0.0,-5.95,1.1,0.0
20221130:2211,0.0,0.0,-6.13,1.1,0.0
20221130:2311,0.0,0.0,-6.22,1.17,0.0
20221201:0011,0.0,0.0,-6.42,1.17,0.0
20221201:0111,0.0,0.0,-6.54,1.24,0.0
20221201:0211,0.0,0.0,-6.84,1.24,0.0
20221201:0311,0.0,0.0,-7.26,1.24,0.0
20221201:0411,0.0,0.0,-7.59,1.24,0.0
20221201:0511,0.0,0.0,-7.85,1.31,0.0
20221201:0611,0.0,0.0,-8.48,1.38,0.0
20221201:0711,0.0,0.0,-5.93,1.17,0.0
20221201:0811,0.0,0.0,-6.36,1.24,0.0
20221201:0911,2.67,2.87,-6.95,1.31,0.0
20221201:1011,6.23,5.62,-6.96,1.38,0.0
20221201:1111,7.12,6.71,-7.02,1.31,0.0
20221201:1211,6.23,6.06,-6.89,1.31,0.0
20221201:1311,3.56,3.71,-6.92,1.24,0.0
20221201:1411,0.0,0.0,-7.84,1.31,0.0
20221201:1511,0.0,0.0,-8.65,1.45,0.0
20221201:1611,0.0,0.0,-9.18,1.52,0.0
20221201:1711,0.0,0.0,-9.64,1.59,0.0
20221201:1811,0.0,0.0,-9.91,1.66,0.0
20221201:1911,0.0,0.0,-9.71,1.59,0.0
20221201:2011,0.0,0.0,-9.65,1.52,0.0
20221201:2111,0.0,0.0,-9.79,1.59,0.0
20221201:2211,0.0,0.0,-9.97,1.59,0.0
20221201:2311,0.0,0.0,-10.4,1.66,0.0
20221202:0011,0.0,0.0,-10.44,1.66,0.0
20221202:0111,0.0,0.0,-10.47,1.66,0.0
20221202:0211,0.0,0.0,-10.56,1.66,0.0
20221202:0311,0.0,0.0,-10.51,1.59,0.0
20221202:0411,0.0,0.0,-10.31,1.59,0.0
20221202:0511,0.0,0.0,-10.34,1.59,0.0
20221202:0611,0.0,0.0,-10.43,1.59,0.0
20221202:0711,0.0,0.0,-10.4,1.59,0.0
20221202:0811,0.0,0.0,-10.48,1.66,0.0
20221202:0911,2.67,2.7,-10.22,1.59,0.0
20221202:1011,5.34,5.45,-9.45,1.59,0.0
20221202:1111,7.12,6.55,-7.62,1.45,0.0
20221202:1211,6.23,5.91,-6.92,1.31,0.0
20221202:1311,3.56,3.59,-6.56,1.31,0.0
20221202:1411,0.0,0.0,-6.7,1.31,0.0
20221202:1511,0.0,0.0,-7.0,1.31,0.0
20221202:1611,0.0,0.0,-7.57,1.38,0.0
20221202:1711,0.0,0.0,-7.89,1.38,0.0
20221202:1811,0.0,0.0,-8.13,1.38,0.0
20221202:1911,0.0,0.0,-8.1,1.31,0.0
20221202:2011,0.0,0.0,-8.12,1.38,0.0
20221202:2111,0.0,0.0,-8.17,1.38,0.0
20221202:2211,0.0,0.0,-8.44,1.45,0.0
20221202:2311,0.0,0.0,-8.85,1.45,0.0
20221203:0011,0.0,0.0,-9.4,1.45,0.0
20221203:0111,0.0,0.0,-9.76,1.45,0.0
20221203:0211,0.0,0.0,-9.88,1.45,0.0
20221203:0311,0.0,0.0,-10.39,1.38,0.0
20221203:0411,0.0,0.0,-10.01,1.38,0.0
20221203:0511,0.0,0.0,-10.13,1.38,0.0
20221203:0611,0.0,0.0,-10.48,1.31,0.0
20221203:0711,0.0,0.0,-9.64,1.31,0.0
20221203:0811,0.0,0.0,-9.6,1.31,0.0
20221203:0911,1.78,2.54,-9.72,1.31,0.0
20221203:1011,5.34,5.3,-9.53,1.24,0.0
20221203:1111,8.01,6.4,-8.57,1.24,0.0
20221203:1211,6.23,5.78,-8.02,1.17,0.0
20221203:1311,3.56,3.46,-8.12,1.17,0.0
20221203:1411,0.0,0.0,-8.58,1.24,0.0
20221203:1511,0.0,0.0,-9.12,1.31,0.0
20221203:1611,0.0,0.0,-9.68,1.31,0.0
20221203:1711,0.0,0.0,-10.76,1.38,0.0
20221203:1811,0.0,0.0,-10.91,1.38,0.0
20221203:1911,0.0,0.0,-11.93,1.38,0.0
20221203:2011,0.0,0.0,-11.96,1.38,0.0
20221203:2111,0.0,0.0,-12.77,1.38,0.0
20221203:2211,0.0,0.0,-12.7,1.45,0.0
20221203:2311,0.0,0.0,-12.5,1.38,0.0
20221204:0011,0.0,0.0,-12.66,1.38,0.0
20221204:0111,0.0,0.0,-13.16,1.38,0.0
20221204:0211,0.0,0.0,-13.57,1.38,0.0
20221204:0311,0.0,0.0,-13.69,1.38,0.0
20221204:0411,0.0,0.0,-14.1,1.38,0.0
20221204:0511,0.0,0.0,-13.98,1.38,0.0
20221204:0611,0.0,0.0,-14.4,1.38,0.0
20221204:0711,0.0,0.0,-14.32,1.45,0.0
20221204:0811,0.0,0.0,-13.95,1.38,0.0
20221204:0911,1.78,2.38,-13.44,1.45,0.0
20221204:1011,5.34,5.14,-11.25,1.31,0.0
20221204:1111,8.9,6.26,-10.3,1.17,0.0
20221204:1211,6.23,5.65,-9.46,1.1,0.0
20221204:1311,2.67,3.35,-9.59,1.17,0.0
20221204:1411,0.0,0.0,-10.26,1.24,0.0
20221204:1511,0.0,0.0,-10.65,1.31,0.0
20221204:1611,0.0,0.0,-10.91,1.31,0.0
20221204:1711,0.0,0.0,-11.33,1.31,0.0
20221204:1811,0.0,0.0,-12.96,1.38,0.0
20221204:1911,0.0,0.0,-11.68,1.45,0.0
20221204:2011,0.0,0.0,-11.53,1.38,0.0
20221204:2111,0.0,0.0,-11.76,1.38,0.0
20221204:2211,0.0,0.0,-11.32,1.31,0.0
20221204:2311,0.0,0.0,-10.77,1.17,0.0
20221205:0011,0.0,0.0,-10.12,1.03,0.0
20221205:0111,0.0,0.0,-9.87,0.97,0.0
20221205:0211,0.0,0.0,-9.95,0.9,0.0
20221205:0311,0.0,0.0,-10.02,0.9,0.0
20221205:0411,0.0,0.0,-10.22,0.97,0.0
20221205:0511,0.0,0.0,-10.22,0.97,0.0
20221205:0611,0.0,0.0,-9.93,1.03,0.0
20221205:0711,0.0,0.0,-9.48,1.03,0.0
20221205:0811,0.0,0.0,-8.93,0.97,0.0
20221205:0911,1.78,2.23,-8.4,0.76,0.0
20221205:1011,20.46,5.0,-7.74,0.55,0.0
20221205:1111,39.15,6.13,-7.05,0.28,0.0
20221205:1211,6.23,5.53,-6.73,0.0,0.0
20221205:1311,2.67,3.24,-6.49,0.14,0.0
20221205:1411,0.0,0.0,-6.44,0.21,0.0
20221205:1511,0.0,0.0,-6.37,0.14,0.0
20221205:1611,0.0,0.0,-6.32,0.28,0.0
20221205:1711,0.0,0.0,-6.36,0.48,0.0
20221205:1811,0.0,0.0,-6.44,0.55,0.0
20221205:1911,0.0,0.0,-6.38,0.48,0.0
20221205:2011,0.0,0.0,-6.31,0.62,0.0
20221205:2111,0.0,0.0,-6.28,0.69,0.0
20221205:2211,0.0,0.0,-6.05,0.69,0.0
20221205:2311,0.0,0.0,-5.92,0.69,0.0
20221206:0011,0.0,0.0,-5.89,0.69,0.0
20221206:0111,0.0,0.0,-6.21,0.76,0.0
20221206:0211,0.0,0.0,-6.23,0.69,0.0
20221206:0311,0.0,0.0,-6.3,0.69,0.0
20221206:0411,0.0,0.0,-6.21,0.62,0.0
20221206:0511,0.0,0.0,-6.2,0.55,0.0
20221206:0611,0.0,0.0,-6.21,0.55,0.0
20221206:0711,0.0,0.0,-7.15,0.62,0.0
20221206:0811,0.0,0.0,-7.03,0.55,0.0
20221206:0911,1.78,2.08,-6.93,0.48,0.0
20221206:1011,5.34,4.86,-6.88,0.83,0.0
20221206:1111,9.79,6.0,-7.45,1.17,0.0
20221206:1211,5.34,5.41,-7.49,1.24,0.0
20221206:1311,2.67,3.14,-7.68,1.24,0.0
20221206:1411,0.0,0.0,-7.56,0.9,0.0
20221206:1511,0.0,0.0,-8.05,0.9,0.0
20221206:1611,0.0,0.0,-8.29,0.83,0.0
20221206:1711,0.0,0.0,-7.93,0.97,0.0
20221206:1811,0.0,0.0,-8.07,1.1,0.0
20221206:1911,0.0,0.0,-9.13,0.9,0.0
20221206:2011,0.0,0.0,-9.75,0.83,0.0
20221206:2111,0.0,0.0,-10.5,0.83,0.0
20221206:2211,0.0,0.0,-10.89,0.9,0.0
20221206:2311,0.0,0.0,-11.61,0.9,0.0
20221207:0011,0.0,0.0,-12.77,1.03,0.0
20221207:0111,0.0,0.0,-13.93,1.1,0.0
20221207:0211,0.0,0.0,-13.83,1.1,0.0
20221207:0311,0.0,0.0,-13.48,1.1,0.0
20221207:0411,0.0,0.0,-13.63,1.1,0.0
20221207:0511,0.0,0.0,-13.72,1.03,0.0
20221207:0611,0.0,0.0,-13.83,1.1,0.0
20221207:0711,0.0,0.0,-13.85,0.97,0.0
20221207:0811,0.0,0.0,-13.37,0.83,0.0
20221207:0911,1.78,1.94,-12.58,0.76,0.0
20221207:1011,4.45,4.73,-11.96,0.83,0.0
20221207:1111,6.23,5.88,-11.76,0.69,0.0
20221207:1211,5.34,5.31,-11.65,0.55,0.0
20221207:1311,2.67,3.05,-11.87,0.55,0.0
20221207:1411,0.0,0.0,-12.25,0.48,0.0
20221207:1511,0.0,0.0,-12.67,0.48,0.0
20221207:1611,0.0,0.0,-12.95,0.48,0.0
20221207:1711,0.0,0.0,-13.14,0.55,0.0
20221207:1811,0.0,0.0,-13.51,0.48,0.0
20221207:1911,0.0,0.0,-12.62,0.55,0.0
20221207:2011,0.0,0.0,-12.33,0.62,0.0
20221207:2111,0.0,0.0,-12.17,0.55,0.0
20221207:2211,0.0,0.0,-12.09,0.48,0.0
20221207:2311,0.0,0.0,-11.93,0.48,0.0
20221208:0011,0.0,0.0,-11.87,0.34,0.0
20221208:0111,0.0,0.0,-11.7,0.14,0.0
20221208:0211,0.0,0.0,-11.6,0.14,0.0
20221208:0311,0.0,0.0,-11.72,0.48,0.0
20221208:0411,0.0,0.0,-12.12,0.62,0.0
20221208:0511,0.0,0.0,-12.29,0.76,0.0
20221208:0611,0.0,0.0,-12.43,0.83,0.0
20221208:0711,0.0,0.0,-11.47,0.76,0.0
20221208:0811,0.0,0.0,-11.56,0.76,0.0
20221208:0911,1.78,1.81,-12.22,0.83,0.0
20221208:1011,4.45,4.61,-11.5,0.76,0.0
20221208:1111,8.9,5.77,-10.92,0.69,0.0
20221208:1211,5.34,5.21,-10.58,0.69,0.0
20221208:1311,2.67,2.96,-10.7,0.83,0.0
20221208:1411,0.0,0.0,-11.43,1.17,0.0
20221208:1511,0.0,0.0,-12.17,1.24,0.0
20221208:1611,0.0,0.0,-13.31,1.38,0.0
20221208:1711,0.0,0.0,-14.0,1.45,0.0
20221208:1811,0.0,0.0,-14.49,1.52,0.0
20221208:1911,0.0,0.0,-12.93,1.45,0.0
20221208:2011,0.0,0.0,-13.86,1.52,0.0
20221208:2111,0.0,0.0,-14.49,1.52,0.0
20221208:2211,0.0,0.0,-15.12,1.59,0.0
20221208:2311,0.0,0.0,-16.64,1.72,0.0
20221209:0011,0.0,0.0,-17.17,1.79,0.0
20221209:0111,0.0,0.0,-17.47,1.86,0.0
20221209:0211,0.0,0.0,-17.64,1.79,0.0
20221209:0311,0.0,0.0,-17.83,1.79,0.0
20221209:0411,0.0,0.0,-18.18,1.72,0.0
20221209:0511,0.0,0.0,-18.72,1.79,0.0
20221209:0611,0.0,0.0,-19.15,1.86,0.0
20221209:0711,0.0,0.0,-18.91,1.86,0.0
20221209:0811,0.0,0.0,-18.64,1.93,0.0
20221209:0911,0.89,1.69,-18.93,1.93,0.0
20221209:1011,4.45,4.5,-18.56,1.86,0.0
20221209:1111,20.46,5.67,-18.22,1.86,0.0
20221209:1211,26.69,5.11,-17.96,1.86,0.0
20221209:1311,14.23,2.88,-18.03,1.79,0.0
20221209:1411,0.0,0.0,-18.42,1.79,0.0
20221209:1511,0.0,0.0,-18.87,1.86,0.0
20221209:1611,0.0,0.0,-19.1,1.93,0.0
20221209:1711,0.0,0.0,-19.13,1.86,0.0
20221209:1811,0.0,0.0,-19.22,1.86,0.0
20221209:1911,0.0,0.0,-19.1,1.86,0.0
20221209:2011,0.0,0.0,-19.32,1.93,0.0
20221209:2111,0.0,0.0,-19.23,1.93,0.0
20221209:2211,0.0,0.0,-19.54,1.86,0.0
20221209:2311,0.0,0.0,-19.78,1.79,0.0
20221210:0011,0.0,0.0,-20.27,1.79,0.0
20221210:0111,0.0,0.0,-20.42,1.79,0.0
20221210:0211,0.0,0.0,-20.4,1.79,0.0
20221210:0311,0.0,0.0,-20.57,1.72,0.0
20221210:0411,0.0,0.0,-20.7,1.79,0.0
20221210:0511,0.0,0.0,-20.8,1.79,0.0
20221210:0611,0.0,0.0,-20.88,1.79,0.0
20221210:0711,0.0,0.0,-20.76,1.79,0.0
20221210:0811,0.0,0.0,-20.58,1.79,0.0
20221210:0911,0.89,1.57,-20.4,1.79,0.0
20221210:1011,4.45,4.39,-19.95,1.72,0.0
20221210:1111,9.79,5.57,-19.24,1.66,0.0
20221210:1211,5.34,5.03,-18.91,1.66,0.0
20221210:1311,2.67,2.81,-19.06,1.66,0.0
20221210:1411,0.0,0.0,-19.65,1.72,0.0
20221210:1511,0.0,0.0,-20.12,1.79,0.0
20221210:1611,0.0,0.0,-20.49,1.79,0.0
20221210:1711,0.0,0.0,-20.79,1.79,0.0
20221210:1811,0.0,0.0,-20.85,1.79,0.0
20221210:1911,0.0,0.0,-20.86,1.79,0.0
20221210:2011,0.0,0.0,-20.65,1.72,0.0
20221210:2111,0.0,0.0,-20.76,1.72,0.0
20221210:2211,0.0,0.0,-20.93,1.72,0.0
20221210:2311,0.0,0.0,-21.03,1.72,0.0
20221211:0011,0.0,0.0,-21.06,1.72,0.0
20221211:0111,0.0,0.0,-20.91,1.72,0.0
20221211:0211,0.0,0.0,-20.41,1.59,0.0
20221211:0311,0.0,0.0,-20.83,1.66,0.0
20221211:0411,0.0,0.0,-21.14,1.66,0.0
20221211:0511,0.0,0.0,-21.18,1.72,0.0
20221211:0611,0.0,0.0,-21.24,1.72,0.0
20221211:0711,0.0,0.0,-19.57,1.66,0.0
20221211:0811,0.0,0.0,-19.72,1.66,0.0
20221211:0911,0.89,1.46,-19.8,1.66,0.0
20221211:1011,4.45,4.29,-19.02,1.59,0.0
20221211:1111,6.23,5.48,-17.87,1.52,0.0
20221211:1211,20.46,4.95,-17.55,1.52,0.0
20221211:1311,2.67,2.75,-17.74,1.52,0.0
20221211:1411,0.0,0.0,-18.95,1.66,0.0
20221211:1511,0.0,0.0,-19.42,1.66,0.0
20221211:1611,0.0,0.0,-20.18,1.72,0.0
20221211:1711,0.0,0.0,-20.63,1.79,0.0
20221211:1811,0.0,0.0,-21.18,1.79,0.0
20221211:1911,0.0,0.0,-19.21,1.72,0.0
20221211:2011,0.0,0.0,-19.88,1.72,0.0
20221211:2111,0.0,0.0,-20.49,1.79,0.0
20221211:2211,0.0,0.0,-20.89,1.79,0.0
20221211:2311,0.0,0.0,-20.77,1.79,0.0
20221212:0011,0.0,0.0,-20.8,1.79,0.0
20221212:0111,0.0,0.0,-20.21,1.72,0.0
20221212:0211,0.0,0.0,-19.85,1.72,0.0
20221212:0311,0.0,0.0,-19.43,1.72,0.0
20221212:0411,0.0,0.0,-19.26,1.66,0.0
20221212:0511,0.0,0.0,-19.03,1.66,0.0
20221212:0611,0.0,0.0,-19.06,1.66,0.0
20221212:0711,0.0,0.0,-20.52,1.86,0.0
20221212:0811,0.0,0.0,-20.22,1.79,0.0
20221212:0911,0.89,1.36,-19.91,1.79,0.0
20221212:1011,4.45,4.19,-19.63,1.79,0.0
20221212:1111,5.34,5.4,-19.13,1.72,0.0
20221212:1211,5.34,4.88,-18.71,1.72,0.0
20221212:1311,2.67,2.69,-18.96,1.72,0.0
20221212:1411,0.0,0.0,-19.53,1.79,0.0
20221212:1511,0.0,0.0,-20.31,1.79,0.0
20221212:1611,0.0,0.0,-20.93,1.79,0.0
20221212:1711,0.0,0.0,-21.38,1.79,0.0
20221212:1811,0.0,0.0,-21.82,1.79,0.0
20221212:1911,0.0,0.0,-19.69,1.66,0.0
20221212:2011,0.0,0.0,-19.67,1.66,0.0
20221212:2111,0.0,0.0,-19.47,1.66,0.0
20221212:2211,0.0,0.0,-20.61,1.66,0.0
20221212:2311,0.0,0.0,-21.31,1.59,0.0
20221213:0011,0.0,0.0,-21.5,1.59,0.0
20221213:0111,0.0,0.0,-22.41,1.59,0.0
20221213:0211,0.0,0.0,-22.43,1.59,0.0
20221213:0311,0.0,0.0,-22.49,1.52,0.0
20221213:0411,0.0,0.0,-22.36,1.52,0.0
20221213:0511,0.0,0.0,-21.65,1.45,0.0
20221213:0611,0.0,0.0,-20.76,1.31,0.0
20221213:0711,0.0,0.0,-17.88,1.31,0.0
20221213:0811,0.0,0.0,-17.92,1.38,0.0
20221213:0911,0.0,0.0,-18.33,1.38,0.0
20221213:1011,4.45,4.11,-17.89,1.24,0.0
20221213:1111,5.34,5.32,-17.23,1.17,0.0
20221213:1211,5.34,4.82,-17.39,1.24,0.0
20221213:1311,2.67,2.64,-18.11,1.38,0.0
20221213:1411,0.0,0.0,-18.65,1.45,0.0
20221213:1511,0.0,0.0,-20.44,1.59,0.0
20221213:1611,0.0,0.0,-22.86,1.59,0.0
20221213:1711,0.0,0.0,-23.44,1.66,0.0
20221213:1811,0.0,0.0,-23.48,1.66,0.0
20221213:1911,0.0,0.0,-23.51,1.66,0.0
20221213:2011,0.0,0.0,-23.61,1.66,0.0
20221213:2111,0.0,0.0,-23.53,1.66,0.0
20221213:2211,0.0,0.0,-23.44,1.59,0.0
20221213:2311,0.0,0.0,-23.06,1.59,0.0
20221214:0011,0.0,0.0,-23.82,1.59,0.0
20221214:0111,0.0,0.0,-23.94,1.52,0.0
20221214:0211,0.0,0.0,-23.56,1.52,0.0
20221214:0311,0.0,0.0,-23.75,1.52,0.0
20221214:0411,0.0,0.0,-24.19,1.52,0.0
20221214:0511,0.0,0.0,-23.7,1.52,0.0
20221214:0611,0.0,0.0,-23.62,1.52,0.0
20221214:0711,0.0,0.0,-22.89,1.52,0.0
20221214:0811,0.0,0.0,-22.71,1.59,0.0
20221214:0911,0.0,0.0,-21.34,1.66,0.0
20221214:1011,13.35,4.03,-19.22,1.52,0.0
20221214:1111,22.24,5.26,-18.07,1.38,0.0
20221214:1211,4.45,4.77,-17.7,1.38,0.0
20221214:1311,1.78,2.6,-17.87,1.45,0.0
20221214:1411,0.0,0.0,-17.46,1.52,0.0
20221214:1511,0.0,0.0,-17.25,1.52,0.0
20221214:1611,0.0,0.0,-17.77,1.59,0.0
20221214:1711,0.0,0.0,-17.18,1.59,0.0
20221214:1811,0.0,0.0,-16.64,1.45,0.0
20221214:1911,0.0,0.0,-15.88,1.17,0.0
20221214:2011,0.0,0.0,-15.35,1.17,0.0
20221214:2111,0.0,0.0,-14.84,1.17,0.0
20221214:2211,0.0,0.0,-14.54,1.17,0.0
20221214:2311,0.0,0.0,-14.39,1.1,0.0
20221215:0011,0.0,0.0,-14.38,1.1,0.0
20221215:0111,0.0,0.0,-14.41,1.1,0.0
20221215:0211,0.0,0.0,-14.12,1.1,0.0
20221215:0311,0.0,0.0,-14.04,1.17,0.0
20221215:0411,0.0,0.0,-13.97,1.17,0.0
20221215:0511,0.0,0.0,-14.13,1.17,0.0
20221215:0611,0.0,0.0,-15.33,1.24,0.0
20221215:0711,0.0,0.0,-16.65,1.31,0.0
20221215:0811,0.0,0.0,-17.02,1.31,0.0
20221215:0911,0.0,0.0,-17.14,1.31,0.0
20221215:1011,3.56,3.95,-16.67,1.24,0.0
20221215:1111,10.68,5.2,-15.28,1.1,0.0
20221215:1211,4.45,4.72,-14.48,1.03,0.0
20221215:1311,1.78,2.57,-14.11,0.97,0.0
20221215:1411,0.0,0.0,-14.14,1.03,0.0
20221215:1511,0.0,0.0,-14.8,1.17,0.0
20221215:1611,0.0,0.0,-14.46,1.1,0.0
20221215:1711,0.0,0.0,-15.11,1.17,0.0
20221215:1811,0.0,0.0,-15.25,1.17,0.0
20221215:1911,0.0,0.0,-14.88,1.17,0.0
20221215:2011,0.0,0.0,-15.42,1.24,0.0
20221215:2111,0.0,0.0,-16.03,1.24,0.0
20221215:2211,0.0,0.0,-16.64,1.24,0.0
20221215:2311,0.0,0.0,-16.91,1.31,0.0
20221216:0011,0.0,0.0,-17.47,1.31,0.0
20221216:0111,0.0,0.0,-17.93,1.38,0.0
20221216:0211,0.0,0.0,-18.28,1.38,0.0
20221216:0311,0.0,0.0,-18.5,1.38,0.0
20221216:0411,0.0,0.0,-18.9,1.38,0.0
20221216:0511,0.0,0.0,-18.24,1.38,0.0
20221216:0611,0.0,0.0,-18.27,1.31,0.0
20221216:0711,0.0,0.0,-18.2,1.52,0.0
20221216:0811,0.0,0.0,-17.72,1.52,0.0
20221216:0911,0.0,0.0,-17.69,1.52,0.0
20221216:1011,14.23,3.89,-17.56,1.52,0.0
20221216:1111,31.14,5.14,-16.87,1.52,0.0
20221216:1211,4.45,4.68,-16.48,1.59,0.0
20221216:1311,2.67,2.54,-16.31,1.59,0.0
20221216:1411,0.0,0.0,-16.05,1.52,0.0
20221216:1511,0.0,0.0,-16.08,1.52,0.0
20221216:1611,0.0,0.0,-15.5,1.45,0.0
20221216:1711,0.0,0.0,-14.64,1.38,0.0
20221216:1811,0.0,0.0,-15.49,1.38,0.0
20221216:1911,0.0,0.0,-14.07,1.31,0.0
20221216:2011,0.0,0.0,-13.75,1.38,0.0
20221216:2111,0.0,0.0,-13.55,1.38,0.0
20221216:2211,0.0,0.0,-13.1,1.31,0.0
20221216:2311,0.0,0.0,-12.77,1.24,0.0
20221217:0011,0.0,0.0,-12.53,1.24,0.0
20221217:0111,0.0,0.0,-12.66,1.31,0.0
20221217:0211,0.0,0.0,-12.88,1.31,0.0
20221217:0311,0.0,0.0,-13.16,1.38,0.0
20221217:0411,0.0,0.0,-14.19,1.52,0.0
20221217:0511,0.0,0.0,-15.11,1.59,0.0
20221217:0611,0.0,0.0,-15.34,1.66,0.0
20221217:0711,0.0,0.0,-16.22,1.79,0.0
20221217:0811,0.0,0.0,-17.08,1.79,0.0
20221217:0911,0.0,0.0,-17.66,1.86,0.0
20221217:1011,3.56,3.83,-17.59,1.79,0.0
20221217:1111,5.34,5.1,-16.88,1.72,0.0
20221217:1211,4.45,4.65,-16.42,1.72,0.0
20221217:1311,1.78,2.53,-16.46,1.66,0.0
20221217:1411,0.0,0.0,-16.77,1.66,0.0
20221217:1511,0.0,0.0,-16.4,1.59,0.0
20221217:1611,0.0,0.0,-15.13,1.59,0.0
20221217:1711,0.0,0.0,-13.38,1.45,0.0
20221217:1811,0.0,0.0,-12.16,1.38,0.0
20221217:1911,0.0,0.0,-13.59,1.52,0.0
20221217:2011,0.0,0.0,-12.02,1.45,0.0
20221217:2111,0.0,0.0,-11.39,1.45,0.0
20221217:2211,0.0,0.0,-11.07,1.52,0.0
20221217:2311,0.0,0.0,-10.39,1.45,0.0
20221218:0011,0.0,0.0,-10.05,1.31,0.0
20221218:0111,0.0,0.0,-9.62,1.24,0.0
20221218:0211,0.0,0.0,-8.83,1.24,0.0
20221218:0311,0.0,0.0,-7.82,1.1,0.0
20221218:0411,0.0,0.0,-7.26,1.17,0.0
20221218:0511,0.0,0.0,-6.95,1.31,0.0
20221218:0611,0.0,0.0,-7.88,1.72,0.0
20221218:0711,0.0,0.0,-7.37,1.38,0.0
20221218:0811,0.0,0.0,-7.86,1.24,0.0
20221218:0911,0.0,0.0,-8.0,0.9,0.0
20221218:1011,3.56,3.78,-8.67,0.69,0.0
20221218:1111,5.34,5.06,-9.0,0.69,0.0
20221218:1211,4.45,4.63,-9.1,0.83,0.0
20221218:1311,1.78,2.52,-8.96,0.9,0.0
20221218:1411,0.0,0.0,-8.88,0.76,0.0
20221218:1511,0.0,0.0,-9.55,0.34,0.0
20221218:1611,0.0,0.0,-10.31,0.41,0.0
20221218:1711,0.0,0.0,-11.01,0.69,0.0
20221218:1811,0.0,0.0,-11.44,0.97,0.0
20221218:1911,0.0,0.0,-17.1,1.52,0.0
20221218:2011,0.0,0.0,-17.44,1.72,0.0
20221218:2111,0.0,0.0,-16.61,1.72,0.0
20221218:2211,0.0,0.0,-16.39,1.86,0.0
20221218:2311,0.0,0.0,-16.29,1.93,0.0
20221219:0011,0.0,0.0,-16.47,1.93,0.0
20221219:0111,0.0,0.0,-15.7,1.86,0.0
20221219:0211,0.0,0.0,-15.14,1.86,0.0
20221219:0311,0.0,0.0,-14.34,1.79,0.0
20221219:0411,0.0,0.0,-13.47,1.72,0.0
20221219:0511,0.0,0.0,-12.68,1.79,0.0
20221219:0611,0.0,0.0,-11.73,1.79,0.0
20221219:0711,0.0,0.0,-11.37,1.93,0.0
20221219:0811,0.0,0.0,-10.68,1.93,0.0
20221219:0911,0.0,0.0,-10.62,1.93,0.0
20221219:1011,5.34,3.74,-10.42,1.93,0.0
20221219:1111,6.23,5.03,-10.1,1.86,0.0
20221219:1211,4.45,4.61,-9.78,1.79,0.0
20221219:1311,2.67,2.51,-9.62,1.86,0.0
20221219:1411,0.0,0.0,-9.54,1.79,0.0
20221219:1511,0.0,0.0,-9.65,1.79,0.0
20221219:1611,0.0,0.0,-9.37,1.79,0.0
20221219:1711,0.0,0.0,-9.26,1.79,0.0
20221219:1811,0.0,0.0,-8.77,1.86,0.0
20221219:1911,0.0,0.0,-8.07,1.72,0.0
20221219:2011,0.0,0.0,-7.68,1.86,0.0
20221219:2111,0.0,0.0,-7.55,1.79,0.0
20221219:2211,0.0,0.0,-7.41,1.79,0.0
20221219:2311,0.0,0.0,-7.07,1.79,0.0
20221220:0011,0.0,0.0,-6.77,1.66,0.0
20221220:0111,0.0,0.0,-6.54,1.72,0.0
20221220:0211,0.0,0.0,-6.04,1.72,0.0
20221220:0311,0.0,0.0,-5.42,1.66,0.0
20221220:0411,0.0,0.0,-5.13,1.52,0.0
20221220:0511,0.0,0.0,-4.24,1.17,0.0
20221220:0611,0.0,0.0,-3.27,0.9,0.0
20221220:0711,0.0,0.0,-2.96,0.83,0.0
20221220:0811,0.0,0.0,-1.78,0.76,0.0
20221220:0911,0.0,0.0,-1.07,0.69,0.0
20221220:1011,16.01,3.71,-0.59,0.62,0.0
20221220:1111,8.01,5.01,-0.26,0.55,0.0
20221220:1211,7.12,4.61,-0.38,0.62,0.0
20221220:1311,1.78,2.52,-0.52,0.48,0.0
20221220:1411,0.0,0.0,-0.62,0.34,0.0
20221220:1511,0.0,0.0,-0.89,0.41,0.0
20221220:1611,0.0,0.0,-1.29,0.48,0.0
20221220:1711,0.0,0.0,-1.83,0.62,0.0
20221220:1811,0.0,0.0,-2.66,0.76,0.0
20221220:1911,0.0,0.0,-2.88,0.9,0.0
20221220:2011,0.0,0.0,-2.86,0.83,0.0
20221220:2111,0.0,0.0,-2.68,0.69,0.0
20221220:2211,0.0,0.0,-2.45,0.69,0.0
20221220:2311,0.0,0.0,-2.5,0.76,0.0
20221221:0011,0.0,0.0,-2.77,0.83,0.0
20221221:0111,0.0,0.0,-3.64,0.97,0.0
20221221:0211,0.0,0.0,-4.87,1.17,0.0
20221221:0311,0.0,0.0,-5.12,1.1,0.0
20221221:0411,0.0,0.0,-5.3,1.03,0.0
20221221:0511,0.0,0.0,-5.28,0.9,0.0
20221221:0611,0.0,0.0,-5.25,0.9,0.0
20221221:0711,0.0,0.0,-5.49,0.9,0.0
20221221:0811,0.0,0.0,-5.63,0.9,0.0
20221221:0911,0.0,0.0,-6.35,0.97,0.0
20221221:1011,3.56,3.68,-6.88,1.03,0.0
20221221:1111,5.34,5.0,-6.85,1.03,0.0
20221221:1211,4.45,4.61,-6.77,1.1,0.0
20221221:1311,12.46,2.53,-7.34,1.1,0.0
20221221:1411,0.0,0.0,-9.36,1.31,0.0
20221221:1511,0.0,0.0,-10.55,1.38,0.0
20221221:1611,0.0,0.0,-13.68,1.66,0.0
20221221:1711,0.0,0.0,-14.39,1.79,0.0
20221221:1811,0.0,0.0,-14.62,1.72,0.0
20221221:1911,0.0,0.0,-13.89,1.59,0.0
20221221:2011,0.0,0.0,-13.6,1.52,0.0
20221221:2111,0.0,0.0,-12.46,1.45,0.0
20221221:2211,0.0,0.0,-11.58,1.38,0.0
20221221:2311,0.0,0.0,-10.68,1.31,0.0
20221222:0011,0.0,0.0,-9.85,1.24,0.0
20221222:0111,0.0,0.0,-9.02,1.17,0.0
20221222:0211,0.0,0.0,-8.44,1.1,0.0
20221222:0311,0.0,0.0,-8.4,1.03,0.0
20221222:0411,0.0,0.0,-8.54,1.03,0.0
20221222:0511,0.0,0.0,-8.47,1.03,0.0
20221222:0611,0.0,0.0,-8.55,1.1,0.0
20221222:0711,0.0,0.0,-9.29,1.31,0.0
20221222:0811,0.0,0.0,-10.67,1.38,0.0
20221222:0911,0.0,0.0,-12.73,1.59,0.0
20221222:1011,16.01,3.66,-13.67,1.79,0.0
20221222:1111,8.9,4.99,-13.9,1.86,0.0
20221222:1211,4.45,4.61,-13.91,1.86,0.0
20221222:1311,1.78,2.55,-14.05,1.86,0.0
20221222:1411,0.0,0.0,-13.64,1.79,0.0
20221222:1511,0.0,0.0,-12.41,1.59,0.0
20221222:1611,0.0,0.0,-10.93,1.38,0.0
20221222:1711,0.0,0.0,-9.88,1.24,0.0
20221222:1811,0.0,0.0,-8.92,1.1,0.0
20221222:1911,0.0,0.0,-8.95,1.03,0.0
20221222:2011,0.0,0.0,-8.31,0.9,0.0
20221222:2111,0.0,0.0,-8.12,0.76,0.0
20221222:2211,0.0,0.0,-8.55,0.76,0.0
20221222:2311,0.0,0.0,-10.2,0.9,0.0
20221223:0011,0.0,0.0,-11.12,1.03,0.0
20221223:0111,0.0,0.0,-11.72,1.1,0.0
20221223:0211,0.0,0.0,-13.62,1.17,0.0
20221223:0311,0.0,0.0,-15.78,1.31,0.0
20221223:0411,0.0,0.0,-16.61,1.45,0.0
20221223:0511,0.0,0.0,-16.72,1.52,0.0
20221223:0611,0.0,0.0,-17.09,1.59,0.0
20221223:0711,0.0,0.0,-14.36,1.24,0.0
20221223:0811,0.0,0.0,-15.63,1.38,0.0
20221223:0911,0.0,0.0,-15.81,1.31,0.0
20221223:1011,3.56,3.65,-15.23,1.17,0.0
20221223:1111,5.34,5.0,-14.02,0.97,0.0
20221223:1211,4.45,4.63,-13.02,0.97,0.0
20221223:1311,1.78,2.58,-13.05,0.97,0.0
20221223:1411,0.0,0.0,-12.97,0.97,0.0
20221223:1511,0.0,0.0,-13.21,0.97,0.0
20221223:1611,0.0,0.0,-12.8,0.9,0.0
20221223:1711,0.0,0.0,-12.36,0.76,0.0
20221223:1811,0.0,0.0,-12.09,0.69,0.0
20221223:1911,0.0,0.0,-9.68,0.21,0.0
20221223:2011,0.0,0.0,-9.91,0.21,0.0
20221223:2111,0.0,0.0,-9.88,0.14,0.0
20221223:2211,0.0,0.0,-10.61,0.07,0.0
20221223:2311,0.0,0.0,-11.53,0.62,0.0
20221224:0011,0.0,0.0,-12.07,0.83,0.0
20221224:0111,0.0,0.0,-12.57,0.9,0.0
20221224:0211,0.0,0.0,-13.43,0.97,0.0
20221224:0311,0.0,0.0,-14.47,1.1,0.0
20221224:0411,0.0,0.0,-14.75,1.1,0.0
20221224:0511,0.0,0.0,-14.69,1.1,0.0
20221224:0611,0.0,0.0,-15.06,1.17,0.0
20221224:0711,0.0,0.0,-17.5,1.45,0.0
20221224:0811,0.0,0.0,-18.06,1.52,0.0
20221224:0911,0.0,0.0,-18.5,1.59,0.0
20221224:1011,3.56,3.65,-19.03,1.52,0.0
20221224:1111,5.34,5.0,-18.81,1.59,0.0
20221224:1211,23.13,4.65,-19.17,1.59,0.0
20221224:1311,9.79,2.62,-19.57,1.52,0.0
20221224:1411,0.0,0.0,-20.03,1.59,0.0
20221224:1511,0.0,0.0,-20.35,1.66,0.0
20221224:1611,0.0,0.0,-20.99,1.72,0.0
20221224:1711,0.0,0.0,-21.48,1.72,0.0
20221224:1811,0.0,0.0,-22.2,1.79,0.0
20221224:1911,0.0,0.0,-20.75,1.72,0.0
20221224:2011,0.0,0.0,-20.12,1.72,0.0
20221224:2111,0.0,0.0,-20.43,1.79,0.0
20221224:2211,0.0,0.0,-21.03,1.79,0.0
20221224:2311,0.0,0.0,-20.97,1.93,0.0
20221225:0011,0.0,0.0,-20.64,2.0,0.0
20221225:0111,0.0,0.0,-19.75,1.93,0.0
20221225:0211,0.0,0.0,-18.68,1.86,0.0
20221225:0311,0.0,0.0,-17.76,1.86,0.0
20221225:0411,0.0,0.0,-16.75,1.93,0.0
20221225:0511,0.0,0.0,-16.2,1.93,0.0
20221225:0611,0.0,0.0,-16.2,2.07,0.0
20221225:0711,0.0,0.0,-16.65,2.07,0.0
20221225:0811,0.0,0.0,-15.72,2.21,0.0
20221225:0911,0.0,0.0,-15.25,2.28,0.0
20221225:1011,18.68,3.65,-14.44,2.14,0.0
20221225:1111,8.9,5.02,-13.35,1.93,0.0
20221225:1211,27.58,4.68,-12.75,1.93,0.0
20221225:1311,4.45,2.66,-12.12,1.93,0.0
20221225:1411,0.0,0.0,-11.79,1.79,0.0
20221225:1511,0.0,0.0,-11.48,1.79,0.0
20221225:1611,0.0,0.0,-11.39,1.86,0.0
20221225:1711,0.0,0.0,-11.35,1.86,0.0
20221225:1811,0.0,0.0,-11.3,1.86,0.0
20221225:1911,0.0,0.0,-10.55,2.0,0.0
20221225:2011,0.0,0.0,-10.33,1.93,0.0
20221225:2111,0.0,0.0,-10.42,1.93,0.0
20221225:2211,0.0,0.0,-10.21,1.93,0.0
20221225:2311,0.0,0.0,-9.85,1.86,0.0
20221226:0011,0.0,0.0,-9.53,1.79,0.0
20221226:0111,0.0,0.0,-9.59,1.72,0.0
20221226:0211,0.0,0.0,-9.38,1.72,0.0
20221226:0311,0.0,0.0,-9.44,1.79,0.0
20221226:0411,0.0,0.0,-9.44,1.86,0.0
20221226:0511,0.0,0.0,-9.24,1.86,0.0
20221226:0611,0.0,0.0,-8.98,1.86,0.0
20221226:0711,0.0,0.0,-8.78,1.93,0.0
20221226:0811,0.0,0.0,-8.31,1.93,0.0
20221226:0911,0.0,0.0,-8.3,1.86,0.0
20221226:1011,3.56,3.66,-8.07,1.79,0.0
20221226:1111,29.36,5.05,-7.78,1.79,0.0
20221226:1211,5.34,4.72,-7.04,1.52,0.0
20221226:1311,1.78,2.71,-6.26,0.97,0.0
20221226:1411,0.0,0.0,-6.05,0.69,0.0
20221226:1511,0.0,0.0,-5.76,0.62,0.0
20221226:1611,0.0,0.0,-5.52,0.76,0.0
20221226:1711,0.0,0.0,-5.01,0.9,0.0
20221226:1811,0.0,0.0,-4.8,1.1,0.0
20221226:1911,0.0,0.0,-4.87,1.24,0.0
20221226:2011,0.0,0.0,-5.08,1.38,0.0
20221226:2111,0.0,0.0,-5.5,1.59,0.0
20221226:2211,0.0,0.0,-5.52,1.59,0.0
20221226:2311,0.0,0.0,-5.64,1.52,0.0
20221227:0011,0.0,0.0,-5.99,1.52,0.0
20221227:0111,0.0,0.0,-7.11,1.66,0.0
20221227:0211,0.0,0.0,-7.55,1.72,0.0
20221227:0311,0.0,0.0,-7.18,1.66,0.0
20221227:0411,0.0,0.0,-7.88,1.79,0.0
20221227:0511,0.0,0.0,-8.42,1.79,0.0
20221227:0611,0.0,0.0,-8.71,1.86,0.0
20221227:0711,0.0,0.0,-9.19,1.66,0.0
20221227:0811,0.0,0.0,-9.56,1.66,0.0
20221227:0911,0.0,0.0,-9.21,1.45,0.0
20221227:1011,3.56,3.68,-8.6,1.38,0.0
20221227:1111,5.34,5.08,-8.53,1.38,0.0
20221227:1211,15.12,4.77,-9.12,1.45,0.0
20221227:1311,3.56,2.77,-9.05,1.38,0.0
20221227:1411,0.0,0.0,-9.23,1.1,0.0
20221227:1511,0.0,0.0,-9.52,1.03,0.0
20221227:1611,0.0,0.0,-9.73,0.97,0.0
20221227:1711,0.0,0.0,-9.85,0.83,0.0
20221227:1811,0.0,0.0,-9.88,0.69,0.0
20221227:1911,0.0,0.0,-9.31,0.83,0.0
20221227:2011,0.0,0.0,-9.38,0.55,0.0
20221227:2111,0.0,0.0,-9.62,0.28,0.0
20221227:2211,0.0,0.0,-10.68,0.55,0.0
20221227:2311,0.0,0.0,-11.35,0.97,0.0
20221228:0011,0.0,0.0,-13.21,1.24,0.0
20221228:0111,0.0,0.0,-14.95,1.59,0.0
20221228:0211,0.0,0.0,-16.05,1.79,0.0
20221228:0311,0.0,0.0,-16.72,2.0,0.0
20221228:0411,0.0,0.0,-17.47,2.14,0.0
20221228:0511,0.0,0.0,-17.59,2.28,0.0
20221228:0611,0.0,0.0,-17.14,2.21,0.0
20221228:0711,0.0,0.0,-15.62,1.93,0.0
20221228:0811,0.0,0.0,-14.8,1.86,0.0
20221228:0911,0.0,0.0,-13.87,1.79,0.0
20221228:1011,16.01,3.71,-13.07,1.72,0.0
20221228:1111,31.14,5.12,-12.54,1.66,0.0
20221228:1211,4.45,4.82,-12.56,1.72,0.0
20221228:1311,2.67,2.84,-12.54,1.72,0.0
20221228:1411,0.0,0.0,-12.58,1.72,0.0
20221228:1511,0.0,0.0,-13.03,1.79,0.0
20221228:1611,0.0,0.0,-12.96,1.79,0.0
20221228:1711,0.0,0.0,-13.03,1.79,0.0
20221228:1811,0.0,0.0,-13.4,1.86,0.0
20221228:1911,0.0,0.0,-12.05,1.86,0.0
20221228:2011,0.0,0.0,-13.32,2.0,0.0
20221228:2111,0.0,0.0,-13.11,1.86,0.0
20221228:2211,0.0,0.0,-13.44,2.0,0.0
20221228:2311,0.0,0.0,-13.16,2.07,0.0
20221229:0011,0.0,0.0,-12.62,2.07,0.0
20221229:0111,0.0,0.0,-12.35,2.14,0.0
20221229:0211,0.0,0.0,-12.06,2.14,0.0
20221229:0311,0.0,0.0,-11.9,2.21,0.0
20221229:0411,0.0,0.0,-11.81,2.34,0.0
20221229:0511,0.0,0.0,-11.64,2.28,0.0
20221229:0611,0.0,0.0,-11.48,2.28,0.0
20221229:0711,0.0,0.0,-10.89,2.34,0.0
20221229:0811,0.0,0.0,-10.77,2.28,0.0
20221229:0911,0.0,0.0,-10.6,2.21,0.0
20221229:1011,15.12,3.75,-10.69,2.14,0.0
20221229:1111,9.79,5.17,-10.59,2.21,0.0
20221229:1211,24.02,4.88,-10.44,2.14,0.0
20221229:1311,2.67,2.91,-10.04,2.0,0.0
20221229:1411,0.0,0.0,-9.89,1.93,0.0
20221229:1511,0.0,0.0,-9.79,1.93,0.0
20221229:1611,0.0,0.0,-9.34,1.79,0.0
20221229:1711,0.0,0.0,-9.11,1.66,0.0
20221229:1811,0.0,0.0,-8.51,1.38,0.0
20221229:1911,0.0,0.0,-6.96,1.1,0.0
20221229:2011,0.0,0.0,-6.67,0.83,0.0
20221229:2111,0.0,0.0,-6.11,0.48,0.0
20221229:2211,0.0,0.0,-5.4,0.41,0.0
20221229:2311,0.0,0.0,-4.91,0.48,0.0
20221230:0011,0.0,0.0,-4.63,0.55,0.0
20221230:0111,0.0,0.0,-4.71,0.48,0.0
20221230:0211,0.0,0.0,-4.55,0.41,0.0
20221230:0311,0.0,0.0,-4.47,0.48,0.0
20221230:0411,0.0,0.0,-4.56,0.55,0.0
20221230:0511,0.0,0.0,-4.58,1.1,0.0
20221230:0611,0.0,0.0,-4.97,1.31,0.0
20221230:0711,0.0,0.0,-5.31,1.66,0.0
20221230:0811,0.0,0.0,-4.78,1.38,0.0
20221230:0911,0.0,0.0,-4.81,1.03,0.0
20221230:1011,9.79,3.79,-5.14,0.76,0.0
20221230:1111,29.36,5.23,-5.6,0.83,0.0
20221230:1211,9.79,4.95,-6.0,1.31,0.0
20221230:1311,7.12,2.99,-7.05,1.59,0.0
20221230:1411,0.0,0.0,-8.03,2.0,0.0
20221230:1511,0.0,0.0,-7.8,1.93,0.0
20221230:1611,0.0,0.0,-7.81,2.0,0.0
20221230:1711,0.0,0.0,-7.65,2.0,0.0
20221230:1811,0.0,0.0,-7.49,1.86,0.0
20221230:1911,0.0,0.0,-7.51,2.0,0.0
20221230:2011,0.0,0.0,-7.4,2.0,0.0
20221230:2111,0.0,0.0,-7.16,2.0,0.0
20221230:2211,0.0,0.0,-7.07,1.93,0.0
20221230:2311,0.0,0.0,-6.55,1.79,0.0
20221231:0011,0.0,0.0,-6.16,1.66,0.0
20221231:0111,0.0,0.0,-6.04,1.45,0.0
20221231:0211,0.0,0.0,-5.88,1.45,0.0
20221231:0311,0.0,0.0,-5.0,1.1,0.0
20221231:0411,0.0,0.0,-5.08,1.17,0.0
20221231:0511,0.0,0.0,-4.08,1.24,0.0
20221231:0611,0.0,0.0,-3.8,1.59,0.0
20221231:0711,0.0,0.0,-2.97,1.45,0.0
20221231:0811,0.0,0.0,-2.8,1.03,0.0
20221231:0911,0.0,0.0,-3.16,0.48,0.0
20221231:1011,3.56,3.84,-3.48,0.62,0.0
20221231:1111,12.46,5.29,-5.18,1.45,0.0
20221231:1211,17.79,5.03,-4.45,1.24,0.0
20221231:1311,9.79,3.08,-5.07,1.31,0.0
20221231:1411,0.0,0.0,-6.19,1.52,0.0
20221231:1511,0.0,0.0,-5.72,1.31,0.0
20221231:1611,0.0,0.0,-6.81,1.52,0.0
20221231:1711,0.0,0.0,-7.73,1.59,0.0
20221231:1811,0.0,0.0,-8.0,1.52,0.0
20221231:1911,0.0,0.0,-7.34,1.31,0.0
20221231:2011,0.0,0.0,-7.6,1.24,0.0
20221231:2111,0.0,0.0,-7.86,0.97,0.0
20221231:2211,0.0,0.0,-8.24,0.62,0.0
20221231:2311,0.0,0.0,-8.62,0.28,0.0
20230101:0011,0.0,0.0,-9.06,0.14,0.0
20230101:0111,0.0,0.0,-9.44,0.41,0.0
20230101:0211,0.0,0.0,-9.78,0.62,0.0
20230101:0311,0.0,0.0,-10.1,0.76,0.0
20230101:0411,0.0,0.0,-10.59,0.9,0.0
20230101:0511,0.0,0.0,-11.59,1.1,0.0
20230101:0611,0.0,0.0,-13.43,1.31,0.0
20230101:0711,0.0,0.0,-16.08,1.66,0.0
20230101:0811,0.0,0.0,-17.48,1.79,0.0
20230101:0911,0.0,0.0,-18.39,2.0,0.0
20230101:1011,3.56,3.91,-18.77,2.14,0.0
20230101:1111,5.34,5.38,-18.98,2.07,0.0
20230101:1211,5.34,5.14,-19.0,2.0,0.0
20230101:1311,2.67,3.2,-19.18,2.0,0.0
20230101:1411,0.0,0.0,-19.05,1.86,0.0
20230101:1511,0.0,0.0,-18.19,1.72,0.0
20230101:1611,0.0,0.0,-17.25,1.66,0.0
20230101:1711,0.0,0.0,-16.93,1.66,0.0
20230101:1811,0.0,0.0,-17.82,1.72,0.0
20230101:1911,0.0,0.0,-19.95,1.79,0.0
20230101:2011,0.0,0.0,-19.38,1.79,0.0
20230101:2111,0.0,0.0,-18.73,1.79,0.0
20230101:2211,0.0,0.0,-18.28,1.79,0.0
20230101:2311,0.0,0.0,-17.31,1.66,0.0
20230102:0011,0.0,0.0,-16.29,1.59,0.0
20230102:0111,0.0,0.0,-15.65,1.59,0.0
20230102:0211,0.0,0.0,-15.32,1.59,0.0
20230102:0311,0.0,0.0,-14.62,1.52,0.0
20230102:0411,0.0,0.0,-14.54,1.52,0.0
20230102:0511,0.0,0.0,-14.3,1.52,0.0
20230102:0611,0.0,0.0,-14.03,1.52,0.0
20230102:0711,0.0,0.0,-15.95,1.66,0.0
20230102:0811,0.0,0.0,-15.86,1.66,0.0
20230102:0911,0.0,0.0,-16.17,1.72,0.0
20230102:1011,3.56,3.98,-16.47,1.72,0.0
20230102:1111,5.34,5.46,-16.5,1.79,0.0
20230102:1211,5.34,5.23,-16.79,1.79,0.0
20230102:1311,2.67,3.3,-16.87,1.79,0.0
20230102:1411,0.0,0.0,-17.01,1.86,0.0
20230102:1511,0.0,0.0,-17.88,1.93,0.0
20230102:1611,0.0,0.0,-18.27,2.0,0.0
20230102:1711,0.0,0.0,-19.81,2.07,0.0
20230102:1811,0.0,0.0,-19.68,2.07,0.0
20230102:1911,0.0,0.0,-25.38,2.21,0.0
20230102:2011,0.0,0.0,-25.2,2.21,0.0
20230102:2111,0.0,0.0,-24.82,2.21,0.0
20230102:2211,0.0,0.0,-23.95,2.14,0.0
20230102:2311,0.0,0.0,-22.68,2.07,0.0
20230103:0011,0.0,0.0,-21.42,2.0,0.0
20230103:0111,0.0,0.0,-19.92,1.93,0.0
20230103:0211,0.0,0.0,-18.65,1.86,0.0
20230103:0311,0.0,0.0,-16.47,1.79,0.0
20230103:0411,0.0,0.0,-15.68,1.66,0.0
20230103:0511,0.0,0.0,-15.07,1.66,0.0
20230103:0611,0.0,0.0,-15.0,1.66,0.0
20230103:0711,0.0,0.0,-19.8,1.86,0.0
20230103:0811,0.0,0.0,-18.74,1.86,0.0
20230103:0911,0.0,0.0,-17.79,1.79,0.0
20230103:1011,3.56,4.05,-16.56,1.72,0.0
20230103:1111,5.34,5.55,-16.67,1.72,0.0
20230103:1211,5.34,5.33,-16.06,1.72,0.0
20230103:1311,2.67,3.41,-15.74,1.72,0.0
20230103:1411,0.0,0.0,-15.4,1.72,0.0
20230103:1511,0.0,0.0,-15.27,1.72,0.0
20230103:1611,0.0,0.0,-15.19,1.72,0.0
20230103:1711,0.0,0.0,-15.01,1.72,0.0
20230103:1811,0.0,0.0,-15.01,1.79,0.0
20230103:1911,0.0,0.0,-17.31,1.93,0.0
20230103:2011,0.0,0.0,-18.17,2.07,0.0
20230103:2111,0.0,0.0,-17.82,2.0,0.0
20230103:2211,0.0,0.0,-18.07,2.07,0.0
20230103:2311,0.0,0.0,-18.35,2.14,0.0
20230104:0011,0.0,0.0,-18.31,2.14,0.0
20230104:0111,0.0,0.0,-17.03,2.14,0.0
20230104:0211,0.0,0.0,-16.09,2.14,0.0
20230104:0311,0.0,0.0,-15.31,2.14,0.0
20230104:0411,0.0,0.0,-14.44,2.07,0.0
20230104:0511,0.0,0.0,-14.01,2.14,0.0
20230104:0611,0.0,0.0,-13.35,2.14,0.0
20230104:0711,0.0,0.0,-12.79,2.28,0.0
20230104:0811,0.0,0.0,-12.4,2.28,0.0
20230104:0911,0.0,0.0,-12.21,2.28,0.0
20230104:1011,3.56,4.14,-12.14,2.28,0.0
20230104:1111,33.81,5.65,-12.09,2.28,0.0
20230104:1211,7.12,5.44,-12.16,2.28,0.0
20230104:1311,2.67,3.53,-12.36,2.34,0.0
20230104:1411,0.0,0.0,-12.6,2.34,0.0
20230104:1511,0.0,0.0,-12.87,2.34,0.0
20230104:1611,0.0,0.0,-13.03,2.34,0.0
20230104:1711,0.0,0.0,-13.06,2.21,0.0
20230104:1811,0.0,0.0,-12.96,2.07,0.0
20230104:1911,0.0,0.0,-12.15,2.0,0.0
20230104:2011,0.0,0.0,-12.09,1.93,0.0
20230104:2111,0.0,0.0,-12.09,1.86,0.0
20230104:2211,0.0,0.0,-11.91,1.72,0.0
20230104:2311,0.0,0.0,-11.72,1.66,0.0
20230105:0011,0.0,0.0,-11.71,1.59,0.0
20230105:0111,0.0,0.0,-11.5,1.59,0.0
20230105:0211,0.0,0.0,-11.48,1.59,0.0
20230105:0311,0.0,0.0,-11.49,1.59,0.0
20230105:0411,0.0,0.0,-11.28,1.52,0.0
20230105:0511,0.0,0.0,-11.17,1.45,0.0
20230105:0611,0.0,0.0,-11.21,1.45,0.0
20230105:0711,0.0,0.0,-10.63,1.38,0.0
20230105:0811,0.0,0.0,-10.52,1.38,0.0
20230105:0911,0.0,0.0,-10.9,1.38,0.0
20230105:1011,3.56,4.23,-11.07,1.38,0.0
20230105:1111,8.01,5.75,-11.24,1.45,0.0
20230105:1211,5.34,5.56,-11.33,1.45,0.0
20230105:1311,3.56,3.66,-11.28,1.45,0.0
20230105:1411,0.0,0.0,-11.5,1.52,0.0
20230105:1511,0.0,0.0,-11.86,1.59,0.0
20230105:1611,0.0,0.0,-12.22,1.66,0.0
20230105:1711,0.0,0.0,-12.55,1.72,0.0
20230105:1811,0.0,0.0,-12.78,1.72,0.0
20230105:1911,0.0,0.0,-12.04,1.72,0.0
20230105:2011,0.0,0.0,-12.19,1.79,0.0
20230105:2111,0.0,0.0,-12.42,1.79,0.0
20230105:2211,0.0,0.0,-12.54,1.86,0.0
20230105:2311,0.0,0.0,-12.59,2.0,0.0
20230106:0011,0.0,0.0,-12.63,2.0,0.0
20230106:0111,0.0,0.0,-12.55,2.07,0.0
20230106:0211,0.0,0.0,-12.52,2.14,0.0
20230106:0311,0.0,0.0,-12.37,2.21,0.0
20230106:0411,0.0,0.0,-12.25,2.28,0.0
20230106:0511,0.0,0.0,-12.09,2.34,0.0
20230106:0611,0.0,0.0,-12.01,2.41,0.0
20230106:0711,0.0,0.0,-11.78,2.41,0.0
20230106:0811,0.0,0.0,-11.76,2.41,0.0
20230106:0911,0.0,0.0,-11.78,2.34,0.0
20230106:1011,3.56,4.32,-11.75,2.28,0.0
20230106:1111,23.13,5.86,-11.63,2.21,0.0
20230106:1211,5.34,5.68,-11.5,2.14,0.0
20230106:1311,3.56,3.79,-11.45,2.21,0.0
20230106:1411,0.0,0.0,-11.6,2.21,0.0
20230106:1511,0.0,0.0,-11.91,2.21,0.0
20230106:1611,0.0,0.0,-12.09,2.28,0.0
20230106:1711,0.0,0.0,-12.0,2.28,0.0
20230106:1811,0.0,0.0,-11.7,2.28,0.0
20230106:1911,0.0,0.0,-11.5,2.28,0.0
20230106:2011,0.0,0.0,-11.45,2.07,0.0
20230106:2111,0.0,0.0,-11.3,1.86,0.0
20230106:2211,0.0,0.0,-11.13,1.72,0.0
20230106:2311,0.0,0.0,-10.89,1.59,0.0
20230107:0011,0.0,0.0,-10.74,1.52,0.0
20230107:0111,0.0,0.0,-10.9,1.52,0.0
20230107:0211,0.0,0.0,-10.68,1.45,0.0
20230107:0311,0.0,0.0,-10.68,1.38,0.0
20230107:0411,0.0,0.0,-10.26,1.31,0.0
20230107:0511,0.0,0.0,-9.98,1.31,0.0
20230107:0611,0.0,0.0,-9.32,1.31,0.0
20230107:0711,0.0,0.0,-8.53,1.31,0.0
20230107:0811,0.0,0.0,-8.06,1.38,0.0
20230107:0911,0.0,0.0,-8.21,1.66,0.0
20230107:1011,8.9,4.43,-7.65,1.59,0.0
20230107:1111,34.7,5.98,-7.31,1.66,0.0
20230107:1211,10.68,5.81,-7.28,1.79,0.0
20230107:1311,3.56,3.93,-7.19,1.86,0.0
20230107:1411,0.0,0.0,-7.02,1.93,0.0
20230107:1511,0.0,0.0,-6.99,2.0,0.0
20230107:1611,0.0,0.0,-6.84,2.07,0.0
20230107:1711,0.0,0.0,-6.74,2.07,0.0
20230107:1811,0.0,0.0,-6.74,2.14,0.0
20230107:1911,0.0,0.0,-6.61,2.21,0.0
20230107:2011,0.0,0.0,-6.43,2.14,0.0
20230107:2111,0.0,0.0,-6.44,2.07,0.0
20230107:2211,0.0,0.0,-6.2,2.0,0.0
20230107:2311,0.0,0.0,-6.1,2.0,0.0
20230108:0011,0.0,0.0,-5.9,2.0,0.0
20230108:0111,0.0,0.0,-6.0,2.07,0.0
20230108:0211,0.0,0.0,-5.86,2.07,0.0
20230108:0311,0.0,0.0,-5.77,2.07,0.0
20230108:0411,0.0,0.0,-5.75,2.0,0.0
20230108:0511,0.0,0.0,-5.6,1.93,0.0
20230108:0611,0.0,0.0,-5.47,1.86,0.0
20230108:0711,0.0,0.0,-4.75,1.86,0.0
20230108:0811,0.0,0.0,-4.43,1.66,0.0
20230108:0911,0.0,0.0,-4.25,1.52,0.0
20230108:1011,4.45,4.54,-4.08,1.45,0.0
20230108:1111,6.23,6.11,-3.98,1.38,0.0
20230108:1211,6.23,5.95,-3.87,1.31,0.0
20230108:1311,17.79,4.08,-3.49,1.31,0.0
20230108:1411,0.0,0.0,-3.65,1.31,0.0
20230108:1511,0.0,0.0,-4.02,1.38,0.0
20230108:1611,0.0,0.0,-4.59,1.52,0.0
20230108:1711,0.0,0.0,-4.7,1.52,0.0
20230108:1811,0.0,0.0,-4.65,1.59,0.0
20230108:1911,0.0,0.0,-3.56,1.45,0.0
20230108:2011,0.0,0.0,-3.01,1.45,0.0
20230108:2111,0.0,0.0,-2.88,1.38,0.0
20230108:2211,0.0,0.0,-2.82,1.38,0.0
20230108:2311,0.0,0.0,-3.11,1.38,0.0
20230109:0011,0.0,0.0,-3.15,1.45,0.0
20230109:0111,0.0,0.0,-3.64,1.45,0.0
20230109:0211,0.0,0.0,-4.04,1.52,0.0
20230109:0311,0.0,0.0,-4.06,1.45,0.0
20230109:0411,0.0,0.0,-4.17,1.52,0.0
20230109:0511,0.0,0.0,-4.08,1.52,0.0
20230109:0611,0.0,0.0,-4.27,1.59,0.0
20230109:0711,0.0,0.0,-3.24,1.45,0.0
20230109:0811,0.0,0.0,-3.15,1.45,0.0
20230109:0911,0.89,1.48,-3.44,1.52,0.0
20230109:1011,4.45,4.66,-2.68,1.38,0.0
20230109:1111,17.79,6.24,-2.63,1.38,0.0
20230109:1211,14.23,6.09,-2.43,1.45,0.0
20230109:1311,3.56,4.23,-2.45,1.45,0.0
20230109:1411,0.0,0.0,-2.82,1.45,0.0
20230109:1511,0.0,0.0,-2.96,1.31,0.0
20230109:1611,0.0,0.0,-3.38,1.24,0.0
20230109:1711,0.0,0.0,-3.39,1.17,0.0
20230109:1811,0.0,0.0,-3.32,1.1,0.0
20230109:1911,0.0,0.0,-2.92,1.1,0.0
20230109:2011,0.0,0.0,-2.88,0.97,0.0
20230109:2111,0.0,0.0,-2.9,0.83,0.0
20230109:2211,0.0,0.0,-2.89,0.76,0.0
20230109:2311,0.0,0.0,-2.93,0.62,0.0
20230110:0011,0.0,0.0,-3.28,0.69,0.0
20230110:0111,0.0,0.0,-3.13,0.69,0.0
20230110:0211,0.0,0.0,-3.45,0.76,0.0
20230110:0311,0.0,0.0,-3.52,0.76,0.0
20230110:0411,0.0,0.0,-3.71,0.69,0.0
20230110:0511,0.0,0.0,-3.82,0.69,0.0
20230110:0611,0.0,0.0,-4.0,0.69,0.0
20230110:0711,0.0,0.0,-4.64,1.03,0.0
20230110:0811,0.0,0.0,-4.68,0.97,0.0
20230110:0911,0.89,1.59,-4.55,0.9,0.0
20230110:1011,8.9,4.79,-4.41,0.97,0.0
20230110:1111,6.23,6.38,-4.02,0.9,0.0
20230110:1211,6.23,6.24,-3.75,0.83,0.0
20230110:1311,3.56,4.39,-3.38,0.9,0.0
20230110:1411,0.0,0.0,-3.32,0.97,0.0
20230110:1511,0.0,0.0,-3.44,0.9,0.0
20230110:1611,0.0,0.0,-3.95,0.9,0.0
20230110:1711,0.0,0.0,-5.06,1.03,0.0
20230110:1811,0.0,0.0,-5.99,1.17,0.0
20230110:1911,0.0,0.0,-5.63,1.31,0.0
20230110:2011,0.0,0.0,-6.22,1.45,0.0
20230110:2111,0.0,0.0,-7.38,1.72,0.0
20230110:2211,0.0,0.0,-7.62,1.79,0.0
20230110:2311,0.0,0.0,-7.65,1.93,0.0
20230111:0011,0.0,0.0,-7.61,2.07,0.0
20230111:0111,0.0,0.0,-7.28,2.07,0.0
20230111:0211,0.0,0.0,-7.02,2.21,0.0
20230111:0311,0.0,0.0,-6.84,2.07,0.0
20230111:0411,0.0,0.0,-6.41,1.86,0.0
20230111:0511,0.0,0.0,-5.86,1.72,0.0
20230111:0611,0.0,0.0,-5.36,1.52,0.0
20230111:0711,0.0,0.0,-3.99,1.31,0.0
20230111:0811,0.0,0.0,-3.52,1.17,0.0
20230111:0911,0.89,1.71,-3.69,1.24,0.0
20230111:1011,26.69,4.92,-3.36,1.38,0.0
20230111:1111,7.12,6.53,-4.33,2.07,0.0
20230111:1211,6.23,6.4,-5.06,2.34,0.0
20230111:1311,4.45,4.56,-4.95,2.28,0.0
20230111:1411,0.0,0.0,-5.09,2.21,0.0
20230111:1511,0.0,0.0,-5.03,2.14,0.0
20230111:1611,0.0,0.0,-4.71,1.86,0.0
20230111:1711,0.0,0.0,-4.74,1.86,0.0
20230111:1811,0.0,0.0,-4.6,1.86,0.0
20230111:1911,0.0,0.0,-4.37,1.72,0.0
20230111:2011,0.0,0.0,-4.8,1.86,0.0
20230111:2111,0.0,0.0,-4.94,2.0,0.0
20230111:2211,0.0,0.0,-4.95,2.14,0.0
20230111:2311,0.0,0.0,-5.13,2.41,0.0
20230112:0011,0.0,0.0,-4.77,2.14,0.0
20230112:0111,0.0,0.0,-4.58,2.0,0.0
20230112:0211,0.0,0.0,-4.56,1.86,0.0
20230112:0311,0.0,0.0,-4.42,1.66,0.0
20230112:0411,0.0,0.0,-4.21,1.52,0.0
20230112:0511,0.0,0.0,-4.03,1.38,0.0
20230112:0611,0.0,0.0,-3.61,1.17,0.0
20230112:0711,0.0,0.0,-2.96,1.03,0.0
20230112:0811,0.0,0.0,-2.95,0.9,0.0
20230112:0911,0.89,1.84,-2.92,0.9,0.0
20230112:1011,4.45,5.06,-3.01,0.97,0.0
20230112:1111,7.12,6.68,-2.99,0.83,0.0
20230112:1211,7.12,6.57,-2.99,0.76,0.0
20230112:1311,4.45,4.73,-3.04,0.69,0.0
20230112:1411,0.0,0.0,-3.14,0.55,0.0
20230112:1511,0.0,0.0,-3.23,0.41,0.0
20230112:1611,0.0,0.0,-3.38,0.41,0.0
20230112:1711,0.0,0.0,-3.9,0.48,0.0
20230112:1811,0.0,0.0,-4.63,0.69,0.0
20230112:1911,0.0,0.0,-7.45,1.1,0.0
20230112:2011,0.0,0.0,-9.71,1.38,0.0
20230112:2111,0.0,0.0,-10.86,1.52,0.0
20230112:2211,0.0,0.0,-11.35,1.66,0.0
20230112:2311,0.0,0.0,-11.5,1.93,0.0
20230113:0011,0.0,0.0,-11.96,1.93,0.0
20230113:0111,0.0,0.0,-12.57,2.07,0.0
20230113:0211,0.0,0.0,-12.68,2.0,0.0
20230113:0311,0.0,0.0,-12.19,1.86,0.0
20230113:0411,0.0,0.0,-11.74,1.86,0.0
20230113:0511,0.0,0.0,-10.81,1.86,0.0
20230113:0611,0.0,0.0,-10.74,1.86,0.0
20230113:0711,0.0,0.0,-9.5,1.66,0.0
20230113:0811,0.0,0.0,-8.99,1.52,0.0
20230113:0911,0.89,1.97,-8.66,1.45,0.0
20230113:1011,5.34,5.21,-8.39,1.45,0.0
20230113:1111,7.12,6.84,-8.17,1.38,0.0
20230113:1211,7.12,6.74,-7.81,1.38,0.0
20230113:1311,4.45,4.91,-7.28,1.24,0.0
20230113:1411,0.0,0.0,-6.69,1.17,0.0
20230113:1511,0.0,0.0,-6.72,1.17,0.0
20230113:1611,0.0,0.0,-6.87,1.17,0.0
20230113:1711,0.0,0.0,-7.61,1.31,0.0
20230113:1811,0.0,0.0,-8.14,1.31,0.0
20230113:1911,0.0,0.0,-7.59,1.31,0.0
20230113:2011,0.0,0.0,-7.23,1.24,0.0
20230113:2111,0.0,0.0,-6.9,1.17,0.0
20230113:2211,0.0,0.0,-6.98,1.17,0.0
20230113:2311,0.0,0.0,-7.52,1.17,0.0
20230114:0011,0.0,0.0,-7.98,1.24,0.0
20230114:0111,0.0,0.0,-8.57,1.31,0.0
20230114:0211,0.0,0.0,-9.33,1.38,0.0
20230114:0311,0.0,0.0,-10.02,1.38,0.0
20230114:0411,0.0,0.0,-10.26,1.38,0.0
20230114:0511,0.0,0.0,-10.32,1.38,0.0
20230114:0611,0.0,0.0,-11.5,1.45,0.0
20230114:0711,0.0,0.0,-10.84,1.38,0.0
20230114:0811,0.0,0.0,-11.31,1.45,0.0
20230114:0911,1.78,2.12,-12.59,1.52,0.0
20230114:1011,8.01,5.37,-13.24,1.59,0.0
20230114:1111,7.12,7.01,-13.13,1.59,0.0
20230114:1211,7.12,6.92,-12.83,1.52,0.0
20230114:1311,28.47,5.1,-12.78,1.66,0.0
20230114:1411,0.89,1.69,-12.31,1.66,0.0
20230114:1511,0.0,0.0,-11.99,1.66,0.0
20230114:1611,0.0,0.0,-11.44,1.66,0.0
20230114:1711,0.0,0.0,-10.89,1.66,0.0
20230114:1811,0.0,0.0,-10.32,1.66,0.0
20230114:1911,0.0,0.0,-10.28,1.66,0.0
20230114:2011,0.0,0.0,-10.04,1.79,0.0
20230114:2111,0.0,0.0,-9.67,1.79,0.0
20230114:2211,0.0,0.0,-9.4,1.86,0.0
20230114:2311,0.0,0.0,-9.23,1.93,0.0
20230115:0011,0.0,0.0,-8.99,1.86,0.0
20230115:0111,0.0,0.0,-8.86,1.86,0.0
20230115:0211,0.0,0.0,-8.69,1.72,0.0
20230115:0311,0.0,0.0,-8.55,1.66,0.0
20230115:0411,0.0,0.0,-8.31,1.59,0.0
20230115:0511,0.0,0.0,-8.07,1.45,0.0
20230115:0611,0.0,0.0,-7.64,1.31,0.0
20230115:0711,0.0,0.0,-6.14,1.17,0.0
20230115:0811,0.0,0.0,-6.29,1.03,0.0
20230115:0911,1.78,2.27,-6.63,0.97,0.0
20230115:1011,12.46,5.53,-7.0,0.9,0.0
20230115:1111,8.01,7.19,-7.34,0.83,0.0
20230115:1211,8.01,7.1,-7.58,0.83,0.0
20230115:1311,17.79,5.29,-7.83,0.76,0.0
20230115:1411,0.89,1.89,-7.92,0.69,0.0
20230115:1511,0.0,0.0,-7.92,0.69,0.0
20230115:1611,0.0,0.0,-8.04,0.62,0.0
20230115:1711,0.0,0.0,-8.01,0.62,0.0
20230115:1811,0.0,0.0,-7.97,0.69,0.0
20230115:1911,0.0,0.0,-7.99,0.76,0.0
20230115:2011,0.0,0.0,-7.88,0.69,0.0
20230115:2111,0.0,0.0,-7.67,0.69,0.0
20230115:2211,0.0,0.0,-7.52,0.69,0.0
20230115:2311,0.0,0.0,-7.33,0.83,0.0
20230116:0011,0.0,0.0,-7.21,1.03,0.0
20230116:0111,0.0,0.0,-7.47,1.1,0.0
20230116:0211,0.0,0.0,-7.86,1.31,0.0
20230116:0311,0.0,0.0,-8.01,1.45,0.0
20230116:0411,0.0,0.0,-7.97,1.38,0.0
20230116:0511,0.0,0.0,-7.9,1.31,0.0
20230116:0611,0.0,0.0,-7.5,1.1,0.0
20230116:0711,0.0,0.0,-7.87,0.97,0.0
20230116:0811,0.0,0.0,-8.25,0.48,0.0
20230116:0911,1.78,2.42,-8.77,0.55,0.0
20230116:1011,5.34,5.7,-10.32,0.83,0.0
20230116:1111,8.01,7.37,-11.82,1.1,0.0
20230116:1211,24.91,7.3,-13.44,1.31,0.0
20230116:1311,5.34,5.49,-14.38,1.52,0.0
20230116:1411,1.78,2.09,-15.29,1.66,0.0
20230116:1511,0.0,0.0,-16.18,1.72,0.0
20230116:1611,0.0,0.0,-16.74,1.79,0.0
20230116:1711,0.0,0.0,-16.67,1.86,0.0
20230116:1811,0.0,0.0,-15.93,1.86,0.0
20230116:1911,0.0,0.0,-14.02,1.86,0.0
20230116:2011,0.0,0.0,-13.09,1.72,0.0
20230116:2111,0.0,0.0,-12.51,1.72,0.0
20230116:2211,0.0,0.0,-12.19,1.72,0.0
20230116:2311,0.0,0.0,-11.87,1.72,0.0
20230117:0011,0.0,0.0,-11.58,1.72,0.0
20230117:0111,0.0,0.0,-11.33,1.72,0.0
20230117:0211,0.0,0.0,-11.1,1.79,0.0
20230117:0311,0.0,0.0,-10.92,1.79,0.0
20230117:0411,0.0,0.0,-10.67,1.79,0.0
20230117:0511,0.0,0.0,-10.48,1.86,0.0
20230117:0611,0.0,0.0,-10.31,1.86,0.0
20230117:0711,0.0,0.0,-9.74,2.0,0.0
20230117:0811,0.0,0.0,-9.41,1.86,0.0
20230117:0911,2.67,2.58,-9.28,1.86,0.0
20230117:1011,16.01,5.88,-9.06,1.86,0.0
20230117:1111,48.04,7.56,-8.73,1.79,0.0
20230117:1211,16.01,7.5,-8.48,1.79,0.0
20230117:1311,14.23,5.7,-8.15,1.72,0.0
20230117:1411,1.78,2.3,-7.84,1.66,0.0
20230117:1511,0.0,0.0,-7.64,1.59,0.0
20230117:1611,0.0,0.0,-7.35,1.52,0.0
20230117:1711,0.0,0.0,-6.99,1.45,0.0
20230117:1811,0.0,0.0,-7.05,1.45,0.0
20230117:1911,0.0,0.0,-6.35,1.31,0.0
20230117:2011,0.0,0.0,-6.5,1.31,0.0
20230117:2111,0.0,0.0,-6.51,1.31,0.0
20230117:2211,0.0,0.0,-6.62,1.24,0.0
20230117:2311,0.0,0.0,-6.84,1.24,0.0
20230118:0011,0.0,0.0,-7.1,1.24,0.0
20230118:0111,0.0,0.0,-7.31,1.17,0.0
20230118:0211,0.0,0.0,-7.49,1.17,0.0
20230118:0311,0.0,0.0,-7.7,1.1,0.0
20230118:0411,0.0,0.0,-7.9,1.1,0.0
20230118:0511,0.0,0.0,-8.21,1.03,0.0
20230118:0611,0.0,0.0,-8.87,1.03,0.0
20230118:0711,0.0,0.0,-9.54,1.1,0.0
20230118:0811,0.0,0.0,-10.66,1.17,0.0
20230118:0911,3.56,2.75,-11.48,1.31,0.0
20230118:1011,9.79,6.06,-12.08,1.31,0.0
20230118:1111,8.9,7.75,-12.27,1.31,0.0
20230118:1211,8.01,7.7,-12.25,1.24,0.0
20230118:1311,34.7,5.91,-12.15,1.17,0.0
20230118:1411,1.78,2.51,-12.02,1.17,0.0
20230118:1511,0.0,0.0,-12.09,1.1,0.0
20230118:1611,0.0,0.0,-12.18,1.1,0.0
20230118:1711,0.0,0.0,-12.43,1.1,0.0
20230118:1811,0.0,0.0,-13.83,1.24,0.0
20230118:1911,0.0,0.0,-12.91,1.24,0.0
20230118:2011,0.0,0.0,-12.55,1.17,0.0
20230118:2111,0.0,0.0,-12.32,1.17,0.0
20230118:2211,0.0,0.0,-11.99,1.1,0.0
20230118:2311,0.0,0.0,-11.52,1.03,0.0
20230119:0011,0.0,0.0,-11.08,1.03,0.0
20230119:0111,0.0,0.0,-10.66,0.97,0.0
20230119:0211,0.0,0.0,-10.45,0.97,0.0
20230119:0311,0.0,0.0,-10.53,0.97,0.0
20230119:0411,0.0,0.0,-10.65,1.03,0.0
20230119:0511,0.0,0.0,-10.92,1.1,0.0
20230119:0611,0.0,0.0,-11.28,1.17,0.0
20230119:0711,0.0,0.0,-15.12,1.52,0.0
20230119:0811,0.0,0.0,-16.0,1.59,0.0
20230119:0911,2.67,2.93,-17.19,1.66,0.0
20230119:1011,14.23,6.25,-17.23,1.66,0.0
20230119:1111,40.04,7.95,-16.68,1.66,0.0
20230119:1211,51.6,7.91,-16.0,1.66,0.0
20230119:1311,8.9,6.12,-15.99,1.59,0.0
20230119:1411,1.78,2.73,-16.67,1.66,0.0
20230119:1511,0.0,0.0,-17.14,1.66,0.0
20230119:1611,0.0,0.0,-17.53,1.72,0.0
20230119:1711,0.0,0.0,-17.46,1.66,0.0
20230119:1811,0.0,0.0,-17.52,1.66,0.0
20230119:1911,0.0,0.0,-19.03,1.79,0.0
20230119:2011,0.0,0.0,-19.02,1.79,0.0
20230119:2111,0.0,0.0,-18.93,1.79,0.0
20230119:2211,0.0,0.0,-19.21,1.79,0.0
20230119:2311,0.0,0.0,-19.27,1.79,0.0
20230120:0011,0.0,0.0,-19.39,1.79,0.0
20230120:0111,0.0,0.0,-19.44,1.79,0.0
20230120:0211,0.0,0.0,-19.54,1.79,0.0
20230120:0311,0.0,0.0,-19.46,1.79,0.0
20230120:0411,0.0,0.0,-19.61,1.79,0.0
20230120:0511,0.0,0.0,-19.48,1.79,0.0
20230120:0611,0.0,0.0,-19.72,1.79,0.0
20230120:0711,0.0,0.0,-22.32,2.0,0.0
20230120:0811,0.0,0.0,-22.83,2.0,0.0
20230120:0911,4.45,3.11,-22.65,2.0,0.0
20230120:1011,7.12,6.45,-21.98,1.93,0.0
20230120:1111,54.27,8.16,-20.94,1.86,0.0
20230120:1211,26.69,8.13,-19.69,1.79,0.0
20230120:1311,22.24,6.35,-18.5,1.79,0.0
20230120:1411,8.9,2.96,-17.28,1.72,0.0
20230120:1511,0.0,0.0,-16.03,1.66,0.0
20230120:1611,0.0,0.0,-15.48,1.66,0.0
20230120:1711,0.0,0.0,-15.37,1.66,0.0
20230120:1811,0.0,0.0,-15.24,1.59,0.0
20230120:1911,0.0,0.0,-20.15,1.86,0.0
20230120:2011,0.0,0.0,-19.25,1.79,0.0
20230120:2111,0.0,0.0,-17.72,1.72,0.0
20230120:2211,0.0,0.0,-16.43,1.59,0.0
20230120:2311,0.0,0.0,-15.83,1.52,0.0
20230121:0011,0.0,0.0,-15.29,1.52,0.0
20230121:0111,0.0,0.0,-14.72,1.52,0.0
20230121:0211,0.0,0.0,-14.46,1.45,0.0
20230121:0311,0.0,0.0,-14.28,1.45,0.0
20230121:0411,0.0,0.0,-14.04,1.45,0.0
20230121:0511,0.0,0.0,-13.93,1.45,0.0
20230121:0611,0.0,0.0,-13.87,1.45,0.0
20230121:0711,0.0,0.0,-14.46,1.52,0.0
20230121:0811,0.0,0.0,-13.94,1.52,0.0
20230121:0911,2.67,3.31,-13.24,1.45,0.0
20230121:1011,7.12,6.65,-12.52,1.45,0.0
20230121:1111,9.79,8.38,-11.7,1.31,0.0
20230121:1211,9.79,8.35,-10.86,1.17,0.0
20230121:1311,7.12,6.58,-9.87,1.03,0.0
20230121:1411,2.67,3.19,-9.14,0.97,0.0
20230121:1511,0.0,0.0,-8.7,0.9,0.0
20230121:1611,0.0,0.0,-8.35,0.9,0.0
20230121:1711,0.0,0.0,-8.27,0.9,0.0
20230121:1811,0.0,0.0,-8.38,0.9,0.0
20230121:1911,0.0,0.0,-10.44,1.31,0.0
20230121:2011,0.0,0.0,-10.23,1.31,0.0
20230121:2111,0.0,0.0,-10.23,1.38,0.0
20230121:2211,0.0,0.0,-10.33,1.38,0.0
20230121:2311,0.0,0.0,-10.37,1.38,0.0
20230122:0011,0.0,0.0,-10.43,1.45,0.0
20230122:0111,0.0,0.0,-10.32,1.45,0.0
20230122:0211,0.0,0.0,-10.27,1.38,0.0
20230122:0311,0.0,0.0,-10.24,1.45,0.0
20230122:0411,0.0,0.0,-10.29,1.45,0.0
20230122:0511,0.0,0.0,-10.39,1.45,0.0
20230122:0611,0.0,0.0,-10.61,1.45,0.0
20230122:0711,0.0,0.0,-12.51,1.59,0.0
20230122:0811,0.0,0.0,-12.29,1.52,0.0
20230122:0911,2.67,3.5,-12.04,1.52,0.0
20230122:1011,9.79,6.86,-11.67,1.45,0.0
20230122:1111,40.93,8.6,-11.14,1.38,0.0
20230122:1211,28.47,8.58,-10.6,1.31,0.0
20230122:1311,24.02,6.81,-10.28,1.24,0.0
20230122:1411,11.57,3.42,-9.96,1.1,0.0
20230122:1511,0.0,0.0,-9.54,1.03,0.0
20230122:1611,0.0,0.0,-9.27,1.1,0.0
20230122:1711,0.0,0.0,-9.54,1.1,0.0
20230122:1811,0.0,0.0,-9.63,1.1,0.0
20230122:1911,0.0,0.0,-9.95,1.24,0.0
20230122:2011,0.0,0.0,-9.18,1.1,0.0
20230122:2111,0.0,0.0,-8.28,0.97,0.0
20230122:2211,0.0,0.0,-7.61,0.83,0.0
20230122:2311,0.0,0.0,-7.04,0.83,0.0
20230123:0011,0.0,0.0,-6.72,0.69,0.0
20230123:0111,0.0,0.0,-6.58,0.62,0.0
20230123:0211,0.0,0.0,-6.43,0.62,0.0
20230123:0311,0.0,0.0,-6.37,0.55,0.0
20230123:0411,0.0,0.0,-6.07,0.55,0.0
20230123:0511,0.0,0.0,-5.82,0.55,0.0
20230123:0611,0.0,0.0,-5.68,0.55,0.0
20230123:0711,0.0,0.0,-5.27,0.69,0.0
20230123:0811,0.0,0.0,-5.04,0.55,0.0
20230123:0911,2.67,3.71,-4.8,0.62,0.0
20230123:1011,12.46,7.08,-4.42,0.55,0.0
20230123:1111,16.01,8.83,-4.17,0.41,0.0
20230123:1211,12.46,8.82,-3.87,0.62,0.0
20230123:1311,7.12,7.05,-3.63,0.76,0.0
20230123:1411,2.67,3.66,-3.58,0.69,0.0
20230123:1511,0.0,0.0,-3.52,0.76,0.0
20230123:1611,0.0,0.0,-3.48,0.69,0.0
20230123:1711,0.0,0.0,-3.42,0.62,0.0
20230123:1811,0.0,0.0,-3.25,0.55,0.0
20230123:1911,0.0,0.0,-2.56,0.76,0.0
20230123:2011,0.0,0.0,-2.42,0.62,0.0
20230123:2111,0.0,0.0,-2.3,0.55,0.0
20230123:2211,0.0,0.0,-2.18,0.55,0.0
20230123:2311,0.0,0.0,-2.1,0.55,0.0
20230124:0011,0.0,0.0,-1.95,0.48,0.0
20230124:0111,0.0,0.0,-2.01,0.48,0.0
20230124:0211,0.0,0.0,-1.91,0.48,0.0
20230124:0311,0.0,0.0,-1.78,0.41,0.0
20230124:0411,0.0,0.0,-1.63,0.41,0.0
20230124:0511,0.0,0.0,-1.52,0.34,0.0
20230124:0611,0.0,0.0,-1.37,0.62,0.0
20230124:0711,0.0,0.0,-1.03,0.76,0.0
20230124:0811,0.0,0.0,-1.04,0.9,0.0
20230124:0911,3.56,3.91,-0.94,0.97,0.0
20230124:1011,13.35,7.3,-0.88,0.9,0.0
20230124:1111,9.79,9.06,-0.79,0.9,0.0
20230124:1211,9.79,9.06,-0.6,0.69,0.0
20230124:1311,7.12,7.3,-0.6,0.55,0.0
20230124:1411,3.56,3.91,-0.31,0.69,0.0
20230124:1511,0.0,0.0,-0.03,0.76,0.0
20230124:1611,0.0,0.0,0.12,0.97,0.0
20230124:1711,0.0,0.0,0.11,1.17,0.0
20230124:1811,0.0,0.0,0.12,1.24,0.0
20230124:1911,0.0,0.0,0.66,1.17,0.0
20230124:2011,0.0,0.0,0.48,1.24,0.0
20230124:2111,0.0,0.0,0.43,1.24,0.0
20230124:2211,0.0,0.0,0.04,1.38,0.0
20230124:2311,0.0,0.0,0.03,1.45,0.0
20230125:0011,0.0,0.0,-0.13,1.59,0.0
20230125:0111,0.0,0.0,-0.26,1.45,0.0
20230125:0211,0.0,0.0,-0.43,1.52,0.0
20230125:0311,0.0,0.0,-0.57,1.59,0.0
20230125:0411,0.0,0.0,-0.6,1.79,0.0
20230125:0511,0.0,0.0,-0.4,2.14,0.0
20230125:0611,0.0,0.0,-0.42,2.14,0.0
20230125:0711,0.0,0.0,-0.39,2.0,0.0
20230125:0811,0.0,0.0,-0.5,1.93,0.0
20230125:0911,5.34,4.13,-0.59,1.79,0.0
20230125:1011,8.01,7.53,-0.45,1.86,0.0
20230125:1111,10.68,9.3,-0.41,2.0,0.0
20230125:1211,13.35,9.31,-0.53,1.93,0.0
20230125:1311,27.58,7.55,-0.67,1.79,0.0
20230125:1411,6.23,4.16,-1.61,1.45,0.0
20230125:1511,0.0,0.0,-2.1,1.17,0.0
20230125:1611,0.0,0.0,-2.09,0.76,0.0
20230125:1711,0.0,0.0,-2.13,0.76,0.0
20230125:1811,0.0,0.0,-2.6,0.76,0.0
20230125:1911,0.0,0.0,-2.87,0.83,0.0
20230125:2011,0.0,0.0,-2.99,0.83,0.0
20230125:2111,0.0,0.0,-3.36,0.9,0.0
20230125:2211,0.0,0.0,-3.39,0.97,0.0
20230125:2311,0.0,0.0,-3.42,0.9,0.0
20230126:0011,0.0,0.0,-3.44,0.83,0.0
20230126:0111,0.0,0.0,-3.57,0.97,0.0
20230126:0211,0.0,0.0,-3.66,0.97,0.0
20230126:0311,0.0,0.0,-3.66,1.1,0.0
20230126:0411,0.0,0.0,-3.73,1.1,0.0
20230126:0511,0.0,0.0,-3.77,1.1,0.0
20230126:0611,0.0,0.0,-4.27,1.03,0.0
20230126:0711,0.0,0.0,-4.92,1.03,0.0
20230126:0811,0.0,0.0,-4.78,1.24,0.0
20230126:0911,8.01,4.35,-4.96,1.17,0.0
20230126:1011,12.46,7.76,-5.14,1.17,0.0
20230126:1111,62.28,9.55,-5.13,1.17,0.0
20230126:1211,31.14,9.56,-5.08,1.1,0.0
20230126:1311,26.69,7.8,-4.78,0.9,0.0
20230126:1411,15.12,4.41,-5.35,0.83,0.0
20230126:1511,0.0,0.0,-6.09,0.9,0.0
20230126:1611,0.0,0.0,-6.88,1.03,0.0
20230126:1711,0.0,0.0,-7.4,1.1,0.0
20230126:1811,0.0,0.0,-7.96,1.1,0.0
20230126:1911,0.0,0.0,-8.23,0.97,0.0
20230126:2011,0.0,0.0,-8.83,1.03,0.0
20230126:2111,0.0,0.0,-9.46,1.03,0.0
20230126:2211,0.0,0.0,-10.46,1.03,0.0
20230126:2311,0.0,0.0,-10.56,0.97,0.0
20230127:0011,0.0,0.0,-10.52,0.9,0.0
20230127:0111,0.0,0.0,-10.03,0.9,0.0
20230127:0211,0.0,0.0,-9.7,0.76,0.0
20230127:0311,0.0,0.0,-8.92,0.48,0.0
20230127:0411,0.0,0.0,-8.38,0.34,0.0
20230127:0511,0.0,0.0,-8.09,0.21,0.0
20230127:0611,0.0,0.0,-7.84,0.14,0.0
20230127:0711,0.0,0.0,-7.23,0.14,0.0
20230127:0811,0.0,0.0,-7.08,0.28,0.0
20230127:0911,4.45,4.58,-7.03,0.34,0.0
20230127:1011,8.9,8.0,-6.91,0.41,0.0
20230127:1111,62.28,9.8,-6.68,0.48,0.0
20230127:1211,11.57,9.82,-6.45,0.48,0.0
20230127:1311,12.46,8.06,-6.22,0.55,0.0
20230127:1411,4.45,4.67,-6.07,0.62,0.0
20230127:1511,0.0,0.0,-5.95,0.55,0.0
20230127:1611,0.0,0.0,-5.84,0.55,0.0
20230127:1711,0.0,0.0,-5.73,0.55,0.0
20230127:1811,0.0,0.0,-5.67,0.69,0.0
20230127:1911,0.0,0.0,-5.49,0.83,0.0
20230127:2011,0.0,0.0,-5.43,0.9,0.0
20230127:2111,0.0,0.0,-5.4,1.03,0.0
20230127:2211,0.0,0.0,-5.25,0.97,0.0
20230127:2311,0.0,0.0,-5.19,1.1,0.0
20230128:0011,0.0,0.0,-5.81,1.31,0.0
20230128:0111,0.0,0.0,-6.27,1.38,0.0
20230128:0211,0.0,0.0,-6.39,1.66,0.0
20230128:0311,0.0,0.0,-6.39,1.72,0.0
20230128:0411,0.0,0.0,-6.5,1.45,0.0
20230128:0511,0.0,0.0,-6.53,1.52,0.0
20230128:0611,0.0,0.0,-6.63,1.52,0.0
20230128:0711,0.0,0.0,-5.7,1.31,0.0
20230128:0811,0.0,0.0,-5.83,1.38,0.0
20230128:0911,4.45,4.82,-6.03,1.45,0.0
20230128:1011,8.9,8.25,-5.93,1.52,0.0
20230128:1111,55.16,10.05,-5.67,1.72,0.0
20230128:1211,11.57,10.08,-5.59,1.79,0.0
20230128:1311,8.9,8.33,-5.2,1.86,0.0
20230128:1411,4.45,4.94,-5.04,1.72,0.0
20230128:1511,0.0,0.0,-4.8,1.52,0.0
20230128:1611,0.0,0.0,-4.63,1.45,0.0
20230128:1711,0.0,0.0,-4.42,1.31,0.0
20230128:1811,0.0,0.0,-4.52,1.38,0.0
20230128:1911,0.0,0.0,-4.88,1.45,0.0
20230128:2011,0.0,0.0,-4.85,1.38,0.0
20230128:2111,0.0,0.0,-4.74,1.31,0.0
20230128:2211,0.0,0.0,-4.79,1.38,0.0
20230128:2311,0.0,0.0,-4.9,1.59,0.0
20230129:0011,0.0,0.0,-4.88,1.66,0.0
20230129:0111,0.0,0.0,-4.78,1.66,0.0
20230129:0211,0.0,0.0,-4.62,1.66,0.0
20230129:0311,0.0,0.0,-4.56,1.66,0.0
20230129:0411,0.0,0.0,-4.48,1.79,0.0
20230129:0511,0.0,0.0,-4.48,2.07,0.0
20230129:0611,0.0,0.0,-4.24,2.14,0.0
20230129:0711,0.0,0.0,-3.9,2.21,0.0
20230129:0811,0.0,0.0,-3.81,2.14,0.0
20230129:0911,20.46,5.06,-3.74,2.0,0.0
20230129:1011,34.7,8.5,-3.64,1.93,0.0
20230129:1111,40.04,10.32,-3.43,1.93,0.0
20230129:1211,11.57,10.35,-3.22,2.0,0.0
20230129:1311,9.79,8.6,-2.99,2.07,0.0
20230129:1411,7.12,5.21,-2.75,2.28,0.0
20230129:1511,0.0,0.0,-2.76,2.21,0.0
20230129:1611,0.0,0.0,-2.83,2.14,0.0
20230129:1711,0.0,0.0,-3.01,2.0,0.0
20230129:1811,0.0,0.0,-3.12,2.07,0.0
20230129:1911,0.0,0.0,-2.69,3.86,0.0
20230129:2011,0.0,0.0,-4.05,3.31,0.0
20230129:2111,0.0,0.0,-4.59,2.41,0.0
20230129:2211,0.0,0.0,-5.21,2.21,0.0
20230129:2311,0.0,0.0,-5.68,2.14,0.0
20230130:0011,0.0,0.0,-5.4,2.34,0.0
20230130:0111,0.0,0.0,-5.82,2.28,0.0
20230130:0211,0.0,0.0,-5.66,1.93,0.0
20230130:0311,0.0,0.0,-6.19,1.59,0.0
20230130:0411,0.0,0.0,-6.94,1.31,0.0
20230130:0511,0.0,0.0,-7.62,1.52,0.0
20230130:0611,0.0,0.0,-7.75,1.66,0.0
20230130:0711,0.0,0.0,-6.78,1.66,0.0
20230130:0811,0.0,0.0,-6.73,1.59,0.0
20230130:0911,5.34,5.3,-6.64,1.52,0.0
20230130:1011,9.79,8.76,-6.77,1.66,0.0
20230130:1111,12.46,10.59,-6.85,1.72,0.0
20230130:1211,19.57,10.62,-7.11,1.79,0.0
20230130:1311,22.24,8.87,-7.53,2.0,0.0
20230130:1411,5.34,5.48,-7.45,1.86,0.0
20230130:1511,0.0,0.0,-7.71,1.86,0.0
20230130:1611,0.0,0.0,-8.13,1.86,0.0
20230130:1711,0.0,0.0,-8.4,1.79,0.0
20230130:1811,0.0,0.0,-8.78,1.93,0.0
20230130:1911,0.0,0.0,-7.46,1.52,0.0
20230130:2011,0.0,0.0,-6.91,1.38,0.0
20230130:2111,0.0,0.0,-7.05,1.24,0.0
20230130:2211,0.0,0.0,-7.41,1.1,0.0
20230130:2311,0.0,0.0,-7.76,0.97,0.0
20230131:0011,0.0,0.0,-7.97,0.97,0.0
20230131:0111,0.0,0.0,-7.94,1.03,0.0
20230131:0211,0.0,0.0,-8.52,1.1,0.0
20230131:0311,0.0,0.0,-8.78,1.1,0.0
20230131:0411,0.0,0.0,-8.89,1.03,0.0
20230131:0511,0.0,0.0,-9.07,0.97,0.0
20230131:0611,0.0,0.0,-8.87,0.83,0.0
20230131:0711,0.0,0.0,-8.75,0.9,0.0
20230131:0811,0.0,0.0,-9.07,0.9,0.0
20230131:0911,5.34,5.56,-9.86,1.17,0.0
20230131:1011,41.81,9.03,-9.85,1.17,0.0
20230131:1111,21.35,10.86,-9.35,1.1,0.0
20230131:1211,13.35,10.9,-8.83,0.97,0.0
20230131:1311,10.68,9.16,-8.52,0.97,0.0
20230131:1411,5.34,5.76,-8.15,0.76,0.0
20230131:1511,0.0,0.0,-8.01,0.76,0.0
20230131:1611,0.0,0.0,-8.01,0.69,0.0
20230131:1711,0.0,0.0,-8.27,0.48,0.0
20230131:1811,0.0,0.0,-8.12,0.21,0.0
20230131:1911,0.0,0.0,-7.71,0.62,0.0
20230131:2011,0.0,0.0,-7.64,0.48,0.0
20230131:2111,0.0,0.0,-7.7,0.41,0.0
20230131:2211,0.0,0.0,-7.51,0.62,0.0
20230131:2311,0.0,0.0,-7.31,0.69,0.0
20230201:0011,0.0,0.0,-7.0,0.62,0.0
20230201:0111,0.0,0.0,-6.84,0.48,0.0
20230201:0211,0.0,0.0,-6.72,0.48,0.0
20230201:0311,0.0,0.0,-6.76,0.41,0.0
20230201:0411,0.0,0.0,-6.79,0.34,0.0
20230201:0511,0.0,0.0,-6.77,0.21,0.0
20230201:0611,0.0,0.0,-6.78,0.14,0.0
20230201:0711,0.0,0.0,-6.26,0.0,0.0
20230201:0811,0.0,0.0,-6.35,0.48,0.0
20230201:0911,6.23,5.81,-6.63,0.76,0.0
20230201:1011,10.68,9.3,-6.93,0.9,0.0
20230201:1111,13.35,11.14,-6.4,0.9,0.0
20230201:1211,13.35,11.19,-6.0,0.76,0.0
20230201:1311,10.68,9.44,-6.0,0.69,0.0
20230201:1411,6.23,6.04,-5.92,0.69,0.0
20230201:1511,0.0,0.0,-6.08,0.69,0.0
20230201:1611,0.0,0.0,-6.6,0.76,0.0
20230201:1711,0.0,0.0,-7.19,0.83,0.0
20230201:1811,0.0,0.0,-7.88,0.9,0.0
20230201:1911,0.0,0.0,-10.33,1.31,0.0
20230201:2011,0.0,0.0,-10.7,1.24,0.0
20230201:2111,0.0,0.0,-12.39,1.31,0.0
20230201:2211,0.0,0.0,-13.18,1.38,0.0
20230201:2311,0.0,0.0,-13.69,1.52,0.0
20230202:0011,0.0,0.0,-13.94,1.59,0.0
20230202:0111,0.0,0.0,-14.7,1.66,0.0
20230202:0211,0.0,0.0,-15.02,1.66,0.0
20230202:0311,0.0,0.0,-15.14,1.66,0.0
20230202:0411,0.0,0.0,-15.37,1.59,0.0
20230202:0511,0.0,0.0,-15.91,1.59,0.0
20230202:0611,0.0,0.0,-16.3,1.59,0.0
20230202:0711,0.0,0.0,-15.53,1.66,0.0
20230202:0811,0.0,0.0,-15.63,1.72,0.0
20230202:0911,8.01,6.08,-15.68,1.59,0.0
20230202:1011,11.57,9.57,-15.4,1.59,0.0
20230202:1111,14.23,11.42,-14.83,1.66,0.0
20230202:1211,37.37,11.48,-14.26,1.59,0.0
20230202:1311,26.69,9.73,-14.49,1.59,0.0
20230202:1411,18.68,6.32,-14.9,1.59,0.0
20230202:1511,0.0,0.0,-16.07,1.66,0.0
20230202:1611,0.0,0.0,-17.12,1.79,0.0
20230202:1711,0.0,0.0,-17.76,1.86,0.0
20230202:1811,0.0,0.0,-17.82,1.93,0.0
20230202:1911,0.0,0.0,-15.55,1.79,0.0
20230202:2011,0.0,0.0,-15.11,1.86,0.0
20230202:2111,0.0,0.0,-14.28,1.86,0.0
20230202:2211,0.0,0.0,-13.52,1.93,0.0
20230202:2311,0.0,0.0,-12.85,1.93,0.0
20230203:0011,0.0,0.0,-12.39,1.93,0.0
20230203:0111,0.0,0.0,-12.14,1.86,0.0
20230203:0211,0.0,0.0,-11.94,1.86,0.0
20230203:0311,0.0,0.0,-11.85,1.86,0.0
20230203:0411,0.0,0.0,-11.7,1.86,0.0
20230203:0511,0.0,0.0,-11.46,1.72,0.0
20230203:0611,0.0,0.0,-11.3,1.66,0.0
20230203:0711,0.0,0.0,-11.11,1.66,0.0
20230203:0811,0.0,0.0,-10.55,1.45,0.0
20230203:0911,6.23,6.35,-9.94,1.38,0.0
20230203:1011,65.84,9.85,-9.58,1.31,0.0
20230203:1111,30.25,11.71,-9.37,1.24,0.0
20230203:1211,30.25,11.77,-9.02,1.24,0.0
20230203:1311,27.58,10.02,-8.91,1.24,0.0
20230203:1411,19.57,6.61,-9.07,1.24,0.0
20230203:1511,3.56,1.8,-9.58,1.38,0.0
20230203:1611,0.0,0.0,-10.57,1.52,0.0
20230203:1711,0.0,0.0,-11.67,1.59,0.0
20230203:1811,0.0,0.0,-13.59,1.66,0.0
20230203:1911,0.0,0.0,-13.71,1.72,0.0
20230203:2011,0.0,0.0,-15.86,1.79,0.0
20230203:2111,0.0,0.0,-16.65,1.79,0.0
20230203:2211,0.0,0.0,-17.26,1.86,0.0
20230203:2311,0.0,0.0,-17.38,1.79,0.0
20230204:0011,0.0,0.0,-18.1,1.86,0.0
20230204:0111,0.0,0.0,-18.27,1.86,0.0
20230204:0211,0.0,0.0,-17.82,1.79,0.0
20230204:0311,0.0,0.0,-17.67,1.79,0.0
20230204:0411,0.0,0.0,-16.79,1.66,0.0
20230204:0511,0.0,0.0,-15.96,1.66,0.0
20230204:0611,0.0,0.0,-14.84,1.52,0.0
20230204:0711,0.0,0.0,-15.89,1.52,0.0
20230204:0811,0.89,1.72,-15.17,1.52,0.0
20230204:0911,7.12,6.62,-14.36,1.45,0.0
20230204:1011,11.57,10.14,-13.42,1.38,0.0
20230204:1111,15.12,12.01,-12.33,1.31,0.0
20230204:1211,37.37,12.07,-10.9,1.1,0.0
20230204:1311,12.46,10.32,-10.08,1.03,0.0
20230204:1411,32.92,6.91,-9.4,0.97,0.0
20230204:1511,0.89,2.09,-8.8,0.97,0.0
20230204:1611,0.0,0.0,-8.37,0.97,0.0
20230204:1711,0.0,0.0,-8.14,0.97,0.0
20230204:1811,0.0,0.0,-7.91,1.03,0.0
20230204:1911,0.0,0.0,-8.17,1.1,0.0
20230204:2011,0.0,0.0,-7.8,1.1,0.0
20230204:2111,0.0,0.0,-7.46,1.03,0.0
20230204:2211,0.0,0.0,-7.17,1.1,0.0
20230204:2311,0.0,0.0,-7.0,0.9,0.0
20230205:0011,0.0,0.0,-6.74,0.55,0.0
20230205:0111,0.0,0.0,-6.71,0.21,0.0
20230205:0211,0.0,0.0,-6.29,0.76,0.0
20230205:0311,0.0,0.0,-6.3,1.03,0.0
20230205:0411,0.0,0.0,-6.39,1.03,0.0
20230205:0511,0.0,0.0,-6.6,0.9,0.0
20230205:0611,0.0,0.0,-7.07,0.97,0.0
20230205:0711,0.0,0.0,-6.63,0.76,0.0
20230205:0811,0.89,1.99,-6.57,0.76,0.0
20230205:0911,7.12,6.9,-6.51,0.83,0.0
20230205:1011,12.46,10.43,-6.28,0.83,0.0
20230205:1111,15.12,12.3,-6.13,1.03,0.0
20230205:1211,15.12,12.37,-5.76,1.03,0.0
20230205:1311,12.46,10.62,-5.52,1.03,0.0
20230205:1411,8.01,7.2,-5.56,0.97,0.0
20230205:1511,1.78,2.38,-5.57,0.9,0.0
20230205:1611,0.0,0.0,-5.76,0.55,0.0
20230205:1711,0.0,0.0,-5.72,0.34,0.0
20230205:1811,0.0,0.0,-5.51,0.21,0.0
20230205:1911,0.0,0.0,-4.66,0.21,0.0
20230205:2011,0.0,0.0,-4.43,0.34,0.0
20230205:2111,0.0,0.0,-4.29,0.34,0.0
20230205:2211,0.0,0.0,-4.09,0.28,0.0
20230205:2311,0.0,0.0,-4.06,0.48,0.0
20230206:0011,0.0,0.0,-3.91,0.48,0.0
20230206:0111,0.0,0.0,-3.46,0.48,0.0
20230206:0211,0.0,0.0,-3.39,0.55,0.0
20230206:0311,0.0,0.0,-3.38,0.48,0.0
20230206:0411,0.0,0.0,-3.18,0.21,0.0
20230206:0511,0.0,0.0,-3.29,0.21,0.0
20230206:0611,0.0,0.0,-3.33,0.28,0.0
20230206:0711,0.0,0.0,-2.98,0.28,0.0
20230206:0811,1.78,2.26,-2.88,0.28,0.0
20230206:0911,8.01,7.19,-2.76,0.34,0.0
20230206:1011,12.46,10.73,-2.6,0.34,0.0
20230206:1111,15.12,12.61,-2.3,0.55,0.0
20230206:1211,15.12,12.68,-2.39,0.62,0.0
20230206:1311,12.46,10.93,-2.41,0.55,0.0
20230206:1411,46.26,7.5,-2.5,0.48,0.0
20230206:1511,1.78,2.67,-2.59,0.34,0.0
20230206:1611,0.0,0.0,-2.6,0.28,0.0
20230206:1711,0.0,0.0,-2.48,0.34,0.0
20230206:1811,0.0,0.0,-2.36,0.48,0.0
20230206:1911,0.0,0.0,-2.12,0.48,0.0
20230206:2011,0.0,0.0,-2.18,0.48,0.0
20230206:2111,0.0,0.0,-2.18,0.41,0.0
20230206:2211,0.0,0.0,-2.38,0.48,0.0
20230206:2311,0.0,0.0,-2.25,0.48,0.0
20230207:0011,0.0,0.0,-2.14,0.55,0.0
20230207:0111,0.0,0.0,-2.0,0.62,0.0
20230207:0211,0.0,0.0,-1.67,0.62,0.0
20230207:0311,0.0,0.0,-1.49,0.48,0.0
20230207:0411,0.0,0.0,-1.22,0.62,0.0
20230207:0511,0.0,0.0,-1.26,0.83,0.0
20230207:0611,0.0,0.0,-1.57,1.03,0.0
20230207:0711,0.0,0.0,-1.9,0.97,0.0
20230207:0811,2.67,2.54,-1.94,0.83,0.0
20230207:0911,8.01,7.48,-2.01,0.76,0.0
20230207:1011,64.06,11.03,-2.0,0.83,0.0
20230207:1111,24.91,12.92,-1.77,0.97,0.0
20230207:1211,16.01,12.99,-1.71,0.97,0.0
20230207:1311,13.35,11.24,-1.63,0.9,0.0
20230207:1411,36.48,7.81,-1.66,0.83,0.0
20230207:1511,1.78,2.97,-1.73,0.83,0.0
20230207:1611,0.0,0.0,-1.86,0.83,0.0
20230207:1711,0.0,0.0,-1.88,0.83,0.0
20230207:1811,0.0,0.0,-1.99,0.83,0.0
20230207:1911,0.0,0.0,-1.77,0.83,0.0
20230207:2011,0.0,0.0,-1.75,0.97,0.0
20230207:2111,0.0,0.0,-1.6,1.03,0.0
20230207:2211,0.0,0.0,-1.94,1.17,0.0
20230207:2311,0.0,0.0,-2.1,1.24,0.0
20230208:0011,0.0,0.0,-2.27,1.31,0.0
20230208:0111,0.0,0.0,-2.56,1.45,0.0
20230208:0211,0.0,0.0,-2.43,1.38,0.0
20230208:0311,0.0,0.0,-2.41,1.31,0.0
20230208:0411,0.0,0.0,-2.2,1.31,0.0
20230208:0511,0.0,0.0,-2.04,1.31,0.0
20230208:0611,0.0,0.0,-2.45,1.31,0.0
20230208:0711,0.0,0.0,-2.27,1.1,0.0
20230208:0811,1.78,2.82,-2.35,1.03,0.0
20230208:0911,8.9,7.77,-2.79,1.1,0.0
20230208:1011,15.12,11.33,-2.37,1.03,0.0
20230208:1111,16.9,13.23,-2.09,1.1,0.0
20230208:1211,16.9,13.3,-2.32,1.24,0.0
20230208:1311,43.59,11.55,-3.07,1.52,0.0
20230208:1411,48.93,8.11,-2.7,1.38,0.0
20230208:1511,2.67,3.27,-3.1,1.79,0.0
20230208:1611,0.0,0.0,-3.12,1.86,0.0
20230208:1711,0.0,0.0,-3.21,1.93,0.0
20230208:1811,0.0,0.0,-3.36,2.0,0.0
20230208:1911,0.0,0.0,-3.64,2.21,0.0
20230208:2011,0.0,0.0,-3.6,2.28,0.0
20230208:2111,0.0,0.0,-3.6,2.41,0.0
20230208:2211,0.0,0.0,-3.43,2.55,0.0
20230208:2311,0.0,0.0,-3.46,2.83,0.0
20230209:0011,0.0,0.0,-3.42,2.76,0.0
20230209:0111,0.0,0.0,-3.41,2.69,0.0
20230209:0211,0.0,0.0,-3.59,2.48,0.0
20230209:0311,0.0,0.0,-3.88,2.69,0.0
20230209:0411,0.0,0.0,-5.03,2.83,0.0
20230209:0511,0.0,0.0,-6.14,2.76,0.0
20230209:0611,0.0,0.0,-6.6,2.76,0.0
20230209:0711,0.0,0.0,-5.73,2.55,0.0
20230209:0811,2.67,3.11,-5.11,2.97,0.0
20230209:0911,42.7,8.07,-4.89,3.59,0.0
20230209:1011,14.23,11.64,-5.45,3.59,0.0
20230209:1111,16.9,13.55,-5.59,2.97,0.0
20230209:1211,20.46,13.62,-5.38,2.62,0.0
20230209:1311,34.7,11.87,-5.35,2.55,0.0
20230209:1411,9.79,8.42,-5.36,2.55,0.0
20230209:1511,2.67,3.57,-5.72,3.31,0.0
20230209:1611,0.0,0.0,-6.89,3.86,0.0
20230209:1711,0.0,0.0,-7.84,3.59,0.0
20230209:1811,0.0,0.0,-8.39,2.34,0.0
20230209:1911,0.0,0.0,-8.05,2.62,0.0
20230209:2011,0.0,0.0,-8.01,2.9,0.0
20230209:2111,0.0,0.0,-8.37,3.1,0.0
20230209:2211,0.0,0.0,-8.72,2.28,0.0
20230209:2311,0.0,0.0,-8.91,2.48,0.0
20230210:0011,0.0,0.0,-9.17,2.34,0.0
20230210:0111,0.0,0.0,-9.58,2.07,0.0
20230210:0211,0.0,0.0,-9.81,2.21,0.0
20230210:0311,0.0,0.0,-9.83,1.93,0.0
20230210:0411,0.0,0.0,-10.0,1.93,0.0
20230210:0511,0.0,0.0,-10.19,1.93,0.0
20230210:0611,0.0,0.0,-9.82,1.66,0.0
20230210:0711,0.0,0.0,-8.98,1.45,0.0
20230210:0811,2.67,3.41,-8.58,1.24,0.0
20230210:0911,8.9,8.38,-8.53,1.1,0.0
20230210:1011,31.14,11.96,-8.52,1.1,0.0
20230210:1111,17.79,13.87,-8.84,1.1,0.0
20230210:1211,17.79,13.95,-8.85,1.17,0.0
20230210:1311,15.12,12.19,-8.58,1.17,0.0
20230210:1411,56.05,8.74,-8.42,1.17,0.0
20230210:1511,3.56,3.87,-8.09,0.9,0.0
20230210:1611,0.0,0.0,-7.46,0.48,0.0
20230210:1711,0.0,0.0,-7.02,0.69,0.0
20230210:1811,0.0,0.0,-7.23,1.17,0.0
20230210:1911,0.0,0.0,-6.0,0.83,0.0
20230210:2011,0.0,0.0,-5.73,1.03,0.0
20230210:2111,0.0,0.0,-4.89,0.9,0.0
20230210:2211,0.0,0.0,-4.68,1.1,0.0
20230210:2311,0.0,0.0,-4.66,1.45,0.0
20230211:0011,0.0,0.0,-4.36,1.59,0.0
20230211:0111,0.0,0.0,-4.5,1.72,0.0
20230211:0211,0.0,0.0,-4.5,1.59,0.0
20230211:0311,0.0,0.0,-4.44,1.45,0.0
20230211:0411,0.0,0.0,-4.15,1.31,0.0
20230211:0511,0.0,0.0,-3.4,1.17,0.0
20230211:0611,0.0,0.0,-3.16,1.1,0.0
20230211:0711,0.0,0.0,-2.28,1.24,0.0
20230211:0811,2.67,3.71,-2.42,1.31,0.0
20230211:0911,16.9,8.69,-2.81,1.45,0.0
20230211:1011,15.12,12.28,-2.78,1.59,0.0
20230211:1111,17.79,14.19,-2.67,1.59,0.0
20230211:1211,17.79,14.27,-2.6,2.07,0.0
20230211:1311,85.41,12.51,-2.28,1.59,0.0
20230211:1411,9.79,9.05,-2.24,1.45,0.0
20230211:1511,3.56,4.18,-2.05,1.31,0.0
20230211:1611,0.0,0.0,-1.45,1.1,0.0
20230211:1711,0.0,0.0,-1.32,1.03,0.0
20230211:1811,0.0,0.0,-1.39,1.1,0.0
20230211:1911,0.0,0.0,-1.47,1.31,0.0
20230211:2011,0.0,0.0,-1.55,1.38,0.0
20230211:2111,0.0,0.0,-1.71,1.38,0.0
20230211:2211,0.0,0.0,-1.95,1.52,0.0
20230211:2311,0.0,0.0,-2.01,1.45,0.0
20230212:0011,0.0,0.0,-2.16,1.52,0.0
20230212:0111,0.0,0.0,-2.27,1.59,0.0
20230212:0211,0.0,0.0,-2.23,1.66,0.0
20230212:0311,0.0,0.0,-2.23,1.79,0.0
20230212:0411,0.0,0.0,-2.19,1.86,0.0
20230212:0511,0.0,0.0,-2.13,1.86,0.0
20230212:0611,0.0,0.0,-2.1,1.72,0.0
20230212:0711,0.0,0.0,-2.06,1.86,0.0
20230212:0811,15.12,4.01,-1.88,1.72,0.0
20230212:0911,32.03,9.0,-1.61,1.72,0.0
20230212:1011,33.81,12.6,-1.44,1.72,0.0
20230212:1111,88.97,14.52,-1.31,1.59,0.0
20230212:1211,20.46,14.61,-1.14,1.66,0.0
20230212:1311,16.01,12.84,-0.85,1.72,0.0
20230212:1411,10.68,9.37,-0.85,1.59,0.0
20230212:1511,5.34,4.49,-0.97,1.59,0.0
20230212:1611,0.0,0.0,-1.1,1.86,0.0
20230212:1711,0.0,0.0,-1.18,1.79,0.0
20230212:1811,0.0,0.0,-1.13,1.79,0.0
20230212:1911,0.0,0.0,-0.82,1.86,0.0
20230212:2011,0.0,0.0,-0.81,1.93,0.0
20230212:2111,0.0,0.0,-0.95,1.93,0.0
20230212:2211,0.0,0.0,-0.94,1.86,0.0
20230212:2311,0.0,0.0,-0.93,1.79,0.0
20230213:0011,0.0,0.0,-1.03,1.79,0.0
20230213:0111,0.0,0.0,-0.91,1.79,0.0
20230213:0211,0.0,0.0,-1.05,1.66,0.0
20230213:0311,0.0,0.0,-1.36,1.66,0.0
20230213:0411,0.0,0.0,-1.19,1.52,0.0
20230213:0511,0.0,0.0,-1.2,1.45,0.0
20230213:0611,0.0,0.0,-1.27,1.24,0.0
20230213:0711,0.0,0.0,-1.25,1.17,0.0
20230213:0811,4.45,4.32,-1.16,1.24,0.0
20230213:0911,24.02,9.32,-0.94,1.38,0.0
20230213:1011,21.35,12.93,-0.77,1.45,0.0
20230213:1111,18.68,14.86,-0.83,1.45,0.0
20230213:1211,18.68,14.94,-0.7,1.38,0.0
20230213:1311,16.01,13.17,-0.62,1.38,0.0
20230213:1411,10.68,9.69,-0.71,1.24,0.0
20230213:1511,4.45,4.8,-1.34,0.97,0.0
20230213:1611,0.0,0.0,-1.34,0.76,0.0
20230213:1711,0.0,0.0,-1.48,0.34,0.0
20230213:1811,0.0,0.0,-2.18,0.28,0.0
20230213:1911,0.0,0.0,-2.32,0.48,0.0
20230213:2011,0.0,0.0,-2.69,0.69,0.0
20230213:2111,0.0,0.0,-2.83,0.76,0.0
20230213:2211,0.0,0.0,-2.6,0.69,0.0
20230213:2311,0.0,0.0,-2.38,0.55,0.0
20230214:0011,0.0,0.0,-2.47,0.48,0.0
20230214:0111,0.0,0.0,-2.16,0.48,0.0
20230214:0211,0.0,0.0,-2.09,0.41,0.0
20230214:0311,0.0,0.0,-2.2,0.48,0.0
20230214:0411,0.0,0.0,-2.56,0.69,0.0
20230214:0511,0.0,0.0,-2.94,0.83,0.0
20230214:0611,0.0,0.0,-3.29,0.97,0.0
20230214:0711,0.0,0.0,-2.74,0.97,0.0
20230214:0811,6.23,4.63,-2.49,1.03,0.0
20230214:0911,11.57,9.64,-2.1,1.03,0.0
20230214:1011,77.4,13.26,-1.64,1.03,0.0
20230214:1111,90.75,15.2,-0.96,1.03,0.0
20230214:1211,35.59,15.28,-0.52,1.03,0.0
20230214:1311,33.81,13.5,-0.06,0.97,0.0
20230214:1411,27.58,10.02,-0.03,0.97,0.0
20230214:1511,16.01,5.11,-0.2,0.9,0.0
20230214:1611,0.0,0.0,-0.46,0.97,0.0
20230214:1711,0.0,0.0,-0.81,1.03,0.0
20230214:1811,0.0,0.0,-1.16,1.1,0.0
20230214:1911,0.0,0.0,-2.42,0.97,0.0
20230214:2011,0.0,0.0,-2.05,0.9,0.0
20230214:2111,0.0,0.0,-2.01,0.83,0.0
20230214:2211,0.0,0.0,-2.14,0.83,0.0
20230214:2311,0.0,0.0,-2.28,0.83,0.0
20230215:0011,0.0,0.0,-2.42,0.9,0.0
20230215:0111,0.0,0.0,-2.63,0.9,0.0
20230215:0211,0.0,0.0,-2.58,0.9,0.0
20230215:0311,0.0,0.0,-2.45,0.9,0.0
20230215:0411,0.0,0.0,-2.41,0.97,0.0
20230215:0511,0.0,0.0,-2.38,1.03,0.0
20230215:0611,0.0,0.0,-2.36,1.03,0.0
20230215:0711,0.0,0.0,-2.91,0.9,0.0
20230215:0811,4.45,4.95,-2.4,0.9,0.0
20230215:0911,64.06,9.97,-1.84,0.83,0.0
20230215:1011,23.13,13.6,-1.36,0.83,0.0
20230215:1111,19.57,15.54,-0.88,0.76,0.0
20230215:1211,19.57,15.62,-0.65,0.76,0.0
20230215:1311,16.9,13.83,-0.31,0.83,0.0
20230215:1411,30.25,10.34,-0.31,0.97,0.0
20230215:1511,7.12,5.43,-0.13,0.97,0.0
20230215:1611,0.0,0.0,-0.49,1.1,0.0
20230215:1711,0.0,0.0,-0.78,1.24,0.0
20230215:1811,0.0,0.0,-0.94,1.24,0.0
20230215:1911,0.0,0.0,-0.69,1.1,0.0
20230215:2011,0.0,0.0,-0.35,0.9,0.0
20230215:2111,0.0,0.0,0.12,0.83,0.0
20230215:2211,0.0,0.0,0.36,1.03,0.0
20230215:2311,0.0,0.0,0.13,1.17,0.0
20230216:0011,0.0,0.0,-1.08,1.45,0.0
20230216:0111,0.0,0.0,-2.63,1.93,0.0
20230216:0211,0.0,0.0,-3.03,1.79,0.0
20230216:0311,0.0,0.0,-2.36,1.38,0.0
20230216:0411,0.0,0.0,-3.1,1.52,0.0
20230216:0511,0.0,0.0,-3.43,1.59,0.0
20230216:0611,0.0,0.0,-3.92,1.66,0.0
20230216:0711,0.0,0.0,-4.57,1.66,0.0
20230216:0811,16.9,5.27,-4.76,1.59,0.0
20230216:0911,48.04,10.3,-4.98,1.59,0.0
20230216:1011,17.79,13.94,-5.24,2.14,0.0
20230216:1111,20.46,15.88,-5.35,2.0,0.0
20230216:1211,20.46,15.96,-5.47,1.86,0.0
20230216:1311,99.64,14.17,-5.19,1.66,0.0
20230216:1411,63.17,10.67,-5.01,1.52,0.0
20230216:1511,15.12,5.74,-4.51,1.17,0.0
20230216:1611,0.0,0.0,-4.15,1.03,0.0
20230216:1711,0.0,0.0,-4.31,1.1,0.0
20230216:1811,0.0,0.0,-4.67,1.1,0.0
20230216:1911,0.0,0.0,-4.37,1.1,0.0
20230216:2011,0.0,0.0,-4.39,1.1,0.0
20230216:2111,0.0,0.0,-4.42,0.97,0.0
20230216:2211,0.0,0.0,-4.47,0.97,0.0
20230216:2311,0.0,0.0,-4.49,0.9,0.0
20230217:0011,0.0,0.0,-4.57,0.97,0.0
20230217:0111,0.0,0.0,-4.64,0.97,0.0
20230217:0211,0.0,0.0,-4.38,0.9,0.0
20230217:0311,0.0,0.0,-5.01,1.1,0.0
20230217:0411,0.0,0.0,-5.25,1.24,0.0
20230217:0511,0.0,0.0,-5.41,1.45,0.0
20230217:0611,0.0,0.0,-5.44,1.52,0.0
20230217:0711,0.0,0.0,-5.13,1.52,0.0
20230217:0811,11.57,5.6,-5.05,1.52,0.0
20230217:0911,24.91,10.64,-4.79,1.59,0.0
20230217:1011,17.79,14.28,-4.34,1.72,0.0
20230217:1111,21.35,16.23,-4.05,1.66,0.0
20230217:1211,27.58,16.31,-3.89,1.45,0.0
20230217:1311,101.42,14.51,-4.0,1.31,0.0
20230217:1411,20.46,11.0,-3.79,1.1,0.0
20230217:1511,13.35,6.06,-3.79,1.03,0.0
20230217:1611,0.0,0.0,-4.16,1.24,0.0
20230217:1711,0.0,0.0,-4.39,1.38,0.0
20230217:1811,0.0,0.0,-4.3,1.31,0.0
20230217:1911,0.0,0.0,-4.61,1.66,0.0
20230217:2011,0.0,0.0,-5.03,1.86,0.0
20230217:2111,0.0,0.0,-5.1,1.59,0.0
20230217:2211,0.0,0.0,-5.66,1.59,0.0
20230217:2311,0.0,0.0,-5.26,1.31,0.0
20230218:0011,0.0,0.0,-5.38,1.24,0.0
20230218:0111,0.0,0.0,-6.31,1.31,0.0
20230218:0211,0.0,0.0,-6.54,1.24,0.0
20230218:0311,0.0,0.0,-6.33,1.1,0.0
20230218:0411,0.0,0.0,-6.32,1.17,0.0
20230218:0511,0.0,0.0,-6.9,1.24,0.0
20230218:0611,0.0,0.0,-7.48,1.38,0.0
20230218:0711,0.0,0.0,-6.66,0.9,0.0
20230218:0811,6.23,5.93,-6.74,1.1,0.0
20230218:0911,19.57,10.98,-7.09,1.17,0.0
20230218:1011,18.68,14.63,-7.08,1.31,0.0
20230218:1111,21.35,16.58,-7.08,1.45,0.0
20230218:1211,22.24,16.66,-7.49,1.66,0.0
20230218:1311,18.68,14.86,-7.56,1.52,0.0
20230218:1411,42.7,11.34,-7.62,1.45,0.0
20230218:1511,8.9,6.39,-7.74,1.38,0.0
20230218:1611,0.0,0.0,-8.23,1.45,0.0
20230218:1711,0.0,0.0,-8.54,1.45,0.0
20230218:1811,0.0,0.0,-7.95,1.24,0.0
20230218:1911,0.0,0.0,-8.71,1.31,0.0
20230218:2011,0.0,0.0,-8.71,1.24,0.0
20230218:2111,0.0,0.0,-8.45,1.24,0.0
20230218:2211,0.0,0.0,-8.15,1.17,0.0
20230218:2311,0.0,0.0,-8.56,1.31,0.0
20230219:0011,0.0,0.0,-8.55,1.1,0.0
20230219:0111,0.0,0.0,-8.58,1.1,0.0
20230219:0211,0.0,0.0,-8.67,1.03,0.0
20230219:0311,0.0,0.0,-8.8,0.97,0.0
20230219:0411,0.0,0.0,-8.91,0.97,0.0
20230219:0511,0.0,0.0,-8.96,0.9,0.0
20230219:0611,0.0,0.0,-8.97,0.9,0.0
20230219:0711,0.0,0.0,-8.5,0.97,0.0
20230219:0811,34.7,6.26,-8.41,0.9,0.0
20230219:0911,52.49,11.32,-8.4,1.03,0.0
20230219:1011,19.57,14.98,-8.45,1.17,0.0
20230219:1111,22.24,16.94,-8.36,1.31,0.0
20230219:1211,22.24,17.02,-7.81,0.97,0.0
20230219:1311,19.57,15.2,-7.78,1.17,0.0
20230219:1411,56.05,11.67,-7.1,0.76,0.0
20230219:1511,40.04,6.71,-7.38,0.41,0.0
20230219:1611,0.0,0.0,-7.55,0.28,0.0
20230219:1711,0.0,0.0,-7.72,0.55,0.0
20230219:1811,0.0,0.0,-7.76,0.83,0.0
20230219:1911,0.0,0.0,-8.69,1.1,0.0
20230219:2011,0.0,0.0,-8.56,1.24,0.0
20230219:2111,0.0,0.0,-8.64,1.45,0.0
20230219:2211,0.0,0.0,-8.46,1.52,0.0
20230219:2311,0.0,0.0,-8.27,1.59,0.0
20230220:0011,0.0,0.0,-8.15,1.52,0.0
20230220:0111,0.0,0.0,-8.03,1.52,0.0
20230220:0211,0.0,0.0,-7.66,1.17,0.0
20230220:0311,0.0,0.0,-6.75,0.62,0.0
20230220:0411,0.0,0.0,-5.6,0.48,0.0
20230220:0511,0.0,0.0,-5.57,1.31,0.0
20230220:0611,0.0,0.0,-6.12,1.79,0.0
20230220:0711,0.0,0.0,-6.32,1.93,0.0
20230220:0811,15.12,6.6,-6.71,1.93,0.0
20230220:0911,14.23,11.67,-6.6,2.0,0.0
20230220:1011,26.69,15.34,-5.9,2.41,0.0
20230220:1111,22.24,17.3,-5.93,2.34,0.0
20230220:1211,58.72,17.37,-5.18,2.34,0.0
20230220:1311,111.21,15.55,-5.13,1.79,0.0
20230220:1411,80.96,12.01,-4.85,2.07,0.0
20230220:1511,32.03,7.03,-4.9,2.14,0.0
20230220:1611,0.0,0.0,-5.53,1.86,0.0
20230220:1711,0.0,0.0,-5.29,1.72,0.0
20230220:1811,0.0,0.0,-4.86,1.52,0.0
20230220:1911,0.0,0.0,-4.7,1.38,0.0
20230220:2011,0.0,0.0,-4.24,1.17,0.0
20230220:2111,0.0,0.0,-4.03,1.1,0.0
20230220:2211,0.0,0.0,-4.0,1.1,0.0
20230220:2311,0.0,0.0,-3.92,1.03,0.0
20230221:0011,0.0,0.0,-3.82,1.03,0.0
20230221:0111,0.0,0.0,-3.42,1.03,0.0
20230221:0211,0.0,0.0,-2.88,1.03,0.0
20230221:0311,0.0,0.0,-2.67,1.03,0.0
20230221:0411,0.0,0.0,-2.86,0.9,0.0
20230221:0511,0.0,0.0,-3.04,0.9,0.0
20230221:0611,0.0,0.0,-3.66,1.03,0.0
20230221:0711,0.0,0.0,-3.35,0.9,0.0
20230221:0811,11.57,6.94,-3.47,0.83,0.0
20230221:0911,14.23,12.02,-3.67,0.76,0.0
20230221:1011,20.46,15.7,-3.37,0.69,0.0
20230221:1111,37.37,17.66,-3.42,0.69,0.0
20230221:1211,23.13,17.73,-2.97,0.48,0.0
20230221:1311,86.3,15.9,-2.79,0.34,0.0
20230221:1411,83.63,12.35,-2.67,0.28,0.0
20230221:1511,303.56,7.36,-2.85,0.34,0.0
20230221:1611,0.0,0.0,-2.96,0.48,0.0
20230221:1711,0.0,0.0,-3.18,0.48,0.0
20230221:1811,0.0,0.0,-3.47,0.62,0.0
20230221:1911,0.0,0.0,-4.34,0.69,0.0
20230221:2011,0.0,0.0,-4.61,0.9,0.0
20230221:2111,0.0,0.0,-4.87,0.97,0.0
20230221:2211,0.0,0.0,-5.08,0.97,0.0
20230221:2311,0.0,0.0,-5.15,1.03,0.0
20230222:0011,0.0,0.0,-5.59,1.1,0.0
20230222:0111,0.0,0.0,-5.48,1.1,0.0
20230222:0211,0.0,0.0,-5.17,1.03,0.0
20230222:0311,0.0,0.0,-4.97,1.03,0.0
20230222:0411,0.0,0.0,-4.87,1.1,0.0
20230222:0511,0.0,0.0,-4.91,1.24,0.0
20230222:0611,0.0,0.0,-4.87,1.24,0.0
20230222:0711,0.0,0.0,-5.51,1.24,0.0
20230222:0811,32.03,7.29,-5.22,1.24,0.0
20230222:0911,15.12,12.37,-4.94,1.17,0.0
20230222:1011,96.09,16.06,-4.62,1.17,0.0
20230222:1111,88.08,18.02,-4.35,1.1,0.0
20230222:1211,129.89,18.09,-4.15,1.1,0.0
20230222:1311,89.86,16.26,-3.85,1.1,0.0
20230222:1411,32.92,12.69,-3.51,0.97,0.0
20230222:1511,12.18,7.69,-3.5,0.97,0.0
20230222:1611,0.0,0.0,-3.61,0.97,0.0
20230222:1711,0.0,0.0,-3.63,0.97,0.0
20230222:1811,0.0,0.0,-3.59,0.83,0.0
20230222:1911,0.0,0.0,-3.52,0.55,0.0
20230222:2011,0.0,0.0,-3.33,0.34,0.0
20230222:2111,0.0,0.0,-3.08,0.28,0.0
20230222:2211,0.0,0.0,-2.88,0.48,0.0
20230222:2311,0.0,0.0,-2.93,0.9,0.0
20230223:0011,0.0,0.0,-3.31,1.1,0.0
20230223:0111,0.0,0.0,-3.67,1.1,0.0
20230223:0211,0.0,0.0,-4.47,1.31,0.0
20230223:0311,0.0,0.0,-5.08,1.38,0.0
20230223:0411,0.0,0.0,-5.73,1.38,0.0
20230223:0511,0.0,0.0,-6.69,1.38,0.0
20230223:0611,0.0,0.0,-6.54,1.17,0.0
20230223:0711,0.0,0.0,-6.74,0.97,0.0
20230223:0811,48.04,7.63,-7.3,1.1,0.0
20230223:0911,52.49,12.73,-7.56,1.24,0.0
20230223:1011,33.81,16.42,-7.92,1.38,0.0
20230223:1111,24.02,18.39,-8.06,1.45,0.0
20230223:1211,24.02,18.46,-8.18,1.45,0.0
20230223:1311,96.09,16.61,-8.1,1.45,0.0
20230223:1411,79.18,13.03,-7.83,1.31,0.0
20230223:1511,34.65,8.01,-7.85,1.31,0.0
20230223:1611,0.89,1.93,-8.1,1.1,0.0
20230223:1711,0.0,0.0,-8.1,1.03,0.0
20230223:1811,0.0,0.0,-7.94,0.97,0.0
20230223:1911,0.0,0.0,-7.77,0.97,0.0
20230223:2011,0.0,0.0,-7.6,0.9,0.0
20230223:2111,0.0,0.0,-7.1,0.76,0.0
20230223:2211,0.0,0.0,-6.99,0.69,0.0
20230223:2311,0.0,0.0,-7.15,0.55,0.0
20230224:0011,0.0,0.0,-7.29,0.62,0.0
20230224:0111,0.0,0.0,-7.54,0.55,0.0
20230224:0211,0.0,0.0,-8.12,0.62,0.0
20230224:0311,0.0,0.0,-7.68,0.76,0.0
20230224:0411,0.0,0.0,-7.3,0.83,0.0
20230224:0511,0.0,0.0,-7.19,0.9,0.0
20230224:0611,0.0,0.0,-7.21,0.9,0.0
20230224:0711,0.89,1.83,-6.99,0.97,0.0
20230224:0811,48.93,7.99,-7.05,1.1,0.0
20230224:0911,52.49,13.09,-6.66,1.17,0.0
20230224:1011,22.24,16.79,-6.16,1.1,0.0
20230224:1111,24.91,18.76,-5.73,1.24,0.0
20230224:1211,24.91,18.82,-5.88,1.38,0.0
20230224:1311,22.24,16.97,-5.93,1.38,0.0
20230224:1411,16.9,13.37,-5.55,1.31,0.0
20230224:1511,42.95,8.34,-6.07,1.45,0.0
20230224:1611,1.78,2.25,-5.9,1.45,0.0
20230224:1711,0.0,0.0,-6.32,1.31,0.0
20230224:1811,0.0,0.0,-7.04,1.24,0.0
20230224:1911,0.0,0.0,-7.61,1.03,0.0
20230224:2011,0.0,0.0,-7.83,1.03,0.0
20230224:2111,0.0,0.0,-8.01,1.1,0.0
20230224:2211,0.0,0.0,-8.25,1.1,0.0
20230224:2311,0.0,0.0,-8.52,1.17,0.0
20230225:0011,0.0,0.0,-8.85,1.24,0.0
20230225:0111,0.0,0.0,-9.38,1.24,0.0
20230225:0211,0.0,0.0,-10.03,1.24,0.0
20230225:0311,0.0,0.0,-10.41,1.31,0.0
20230225:0411,0.0,0.0,-10.61,1.24,0.0
20230225:0511,0.0,0.0,-10.85,1.24,0.0
20230225:0611,0.0,0.0,-12.08,1.24,0.0
20230225:0711,1.78,2.18,-10.24,1.24,0.0
20230225:0811,8.9,8.34,-10.24,1.24,0.0
20230225:0911,16.9,13.46,-9.88,1.24,0.0
20230225:1011,22.24,17.16,-9.58,1.24,0.0
20230225:1111,25.8,19.13,-9.24,1.24,0.0
20230225:1211,25.8,19.19,-8.88,1.1,0.0
20230225:1311,24.91,17.33,-8.56,1.03,0.0
20230225:1411,16.9,13.72,-8.37,0.97,0.0
20230225:1511,10.3,8.67,-8.43,0.9,0.0
20230225:1611,1.78,2.57,-8.6,0.9,0.0
20230225:1711,0.0,0.0,-8.88,0.97,0.0
20230225:1811,0.0,0.0,-9.21,1.03,0.0
20230225:1911,0.0,0.0,-9.13,1.03,0.0
20230225:2011,0.0,0.0,-9.14,1.03,0.0
20230225:2111,0.0,0.0,-9.08,1.03,0.0
20230225:2211,0.0,0.0,-9.01,0.97,0.0
20230225:2311,0.0,0.0,-9.06,0.97,0.0
20230226:0011,0.0,0.0,-9.11,0.9,0.0
20230226:0111,0.0,0.0,-9.35,0.9,0.0
20230226:0211,0.0,0.0,-9.51,0.9,0.0
20230226:0311,0.0,0.0,-9.73,0.97,0.0
20230226:0411,0.0,0.0,-9.71,0.97,0.0
20230226:0511,0.0,0.0,-9.49,0.97,0.0
20230226:0611,0.0,0.0,-9.05,0.97,0.0
20230226:0711,2.67,2.53,-7.58,0.69,0.0
20230226:0811,51.6,8.7,-7.33,0.62,0.0
20230226:0911,45.37,13.82,-6.95,0.62,0.0
20230226:1011,70.28,17.53,-6.35,0.62,0.0
20230226:1111,53.38,19.51,-5.95,0.62,0.0
20230226:1211,25.8,19.56,-5.53,0.76,0.0
20230226:1311,39.15,17.69,-5.32,0.83,0.0
20230226:1411,22.24,14.06,-5.03,0.83,0.0
20230226:1511,117.06,9.01,-5.05,0.76,0.0
20230226:1611,2.67,2.89,-4.98,0.76,0.0
20230226:1711,0.0,0.0,-4.93,0.83,0.0
20230226:1811,0.0,0.0,-4.99,0.9,0.0
20230226:1911,0.0,0.0,-4.52,0.9,0.0
20230226:2011,0.0,0.0,-4.49,0.83,0.0
20230226:2111,0.0,0.0,-4.32,0.83,0.0
20230226:2211,0.0,0.0,-4.27,0.83,0.0
20230226:2311,0.0,0.0,-4.38,0.9,0.0
20230227:0011,0.0,0.0,-4.44,0.97,0.0
20230227:0111,0.0,0.0,-4.19,0.97,0.0
20230227:0211,0.0,0.0,-4.39,1.03,0.0
20230227:0311,0.0,0.0,-4.58,1.1,0.0
20230227:0411,0.0,0.0,-4.51,1.1,0.0
20230227:0511,0.0,0.0,-4.65,1.1,0.0
20230227:0611,0.0,0.0,-4.6,1.17,0.0
20230227:0711,8.01,2.89,-5.57,1.31,0.0
20230227:0811,25.8,9.06,-5.65,1.38,0.0
20230227:0911,96.98,14.19,-4.93,1.24,0.0
20230227:1011,115.66,17.91,-4.31,1.17,0.0
20230227:1111,26.69,19.89,-3.44,1.1,0.0
20230227:1211,40.04,19.93,-2.96,1.1,0.0
20230227:1311,38.26,18.05,-2.54,1.03,0.0
20230227:1411,34.7,14.41,-2.51,0.97,0.0
20230227:1511,378.37,9.34,-2.74,1.03,0.0
20230227:1611,8.9,3.21,-3.02,1.03,0.0
20230227:1711,0.0,0.0,-3.38,1.1,0.0
20230227:1811,0.0,0.0,-3.84,1.17,0.0
20230227:1911,0.0,0.0,-3.4,1.17,0.0
20230227:2011,0.0,0.0,-3.48,1.17,0.0
20230227:2111,0.0,0.0,-3.59,1.17,0.0
20230227:2211,0.0,0.0,-3.78,1.17,0.0
20230227:2311,0.0,0.0,-3.95,1.17,0.0
20230228:0011,0.0,0.0,-4.25,1.17,0.0
20230228:0111,0.0,0.0,-4.41,1.17,0.0
20230228:0211,0.0,0.0,-4.38,1.17,0.0
20230228:0311,0.0,0.0,-4.5,1.24,0.0
20230228:0411,0.0,0.0,-4.5,1.24,0.0
20230228:0511,0.0,0.0,-4.46,1.24,0.0
20230228:0611,0.0,0.0,-4.63,1.17,0.0
20230228:0711,2.67,3.24,-10.42,1.38,0.0
20230228:0811,25.8,9.43,-10.15,1.31,0.0
20230228:0911,43.59,14.57,-7.74,1.17,0.0
20230228:1011,127.22,18.29,-5.97,0.97,0.0
20230228:1111,72.95,20.27,-4.82,0.9,0.0
20230228:1211,39.15,20.31,-3.89,0.9,0.0
20230228:1311,65.84,18.41,-3.19,1.03,0.0
20230228:1411,34.7,14.76,-2.95,0.9,0.0
20230228:1511,352.03,9.67,-3.14,0.83,0.0
20230228:1611,10.68,3.53,-3.42,0.83,0.0
20230228:1711,0.0,0.0,-3.75,0.9,0.0
20230228:1811,0.0,0.0,-4.09,0.97,0.0
20230228:1911,0.0,0.0,-3.99,1.03,0.0
20230228:2011,0.0,0.0,-4.18,1.03,0.0
20230228:2111,0.0,0.0,-4.99,1.1,0.0
20230228:2211,0.0,0.0,-5.73,1.24,0.0
20230228:2311,0.0,0.0,-6.58,1.31,0.0
20230301:0011,0.0,0.0,-9.0,1.45,0.0
20230301:0111,0.0,0.0,-9.02,1.45,0.0
20230301:0211,0.0,0.0,-9.03,1.45,0.0
20230301:0311,0.0,0.0,-8.83,1.38,0.0
20230301:0411,0.0,0.0,-9.06,1.31,0.0
20230301:0511,0.0,0.0,-8.8,1.24,0.0
20230301:0611,0.0,0.0,-8.45,1.17,0.0
20230301:0711,12.46,3.6,-10.2,1.45,0.0
20230301:0811,11.57,9.79,-9.53,1.31,0.0
20230301:0911,52.49,14.94,-7.89,1.1,0.0
20230301:1011,48.04,18.67,-5.85,0.9,0.0
20230301:1111,49.82,20.65,-4.71,0.76,0.0
20230301:1211,49.82,20.68,-3.95,0.83,0.0
20230301:1311,48.04,18.77,-3.3,0.9,0.0
20230301:1411,42.7,15.11,-2.96,0.83,0.0
20230301:1511,384.93,10.01,-2.85,0.83,0.0
20230301:1611,13.35,3.85,-2.8,0.69,0.0
20230301:1711,0.0,0.0,-3.24,0.76,0.0
20230301:1811,0.0,0.0,-3.91,0.9,0.0
20230301:1911,0.0,0.0,-4.28,1.17,0.0
20230301:2011,0.0,0.0,-4.4,1.24,0.0
20230301:2111,0.0,0.0,-4.73,1.24,0.0
20230301:2211,0.0,0.0,-5.82,1.31,0.0
20230301:2311,0.0,0.0,-6.89,1.38,0.0
20230302:0011,0.0,0.0,-8.66,1.45,0.0
20230302:0111,0.0,0.0,-9.48,1.52,0.0
20230302:0211,0.0,0.0,-10.15,1.66,0.0
20230302:0311,0.0,0.0,-10.94,1.66,0.0
20230302:0411,0.0,0.0,-11.51,1.59,0.0
20230302:0511,0.0,0.0,-12.11,1.52,0.0
20230302:0611,0.0,0.0,-10.61,1.38,0.0
20230302:0711,3.56,3.96,-9.49,1.24,0.0
20230302:0811,31.14,10.16,-7.25,0.83,0.0
20230302:0911,22.24,15.32,-5.66,0.62,0.0
20230302:1011,51.6,19.05,-4.73,0.69,0.0
20230302:1111,28.47,21.03,-3.93,0.9,0.0
20230302:1211,28.47,21.06,-3.44,1.1,0.0
20230302:1311,25.8,19.14,-3.08,1.17,0.0
20230302:1411,19.57,15.46,-3.01,1.03,0.0
20230302:1511,13.11,10.34,-3.37,0.97,0.0
20230302:1611,3.56,4.17,-3.96,0.9,0.0
20230302:1711,0.0,0.0,-4.54,0.97,0.0
20230302:1811,0.0,0.0,-5.23,0.97,0.0
20230302:1911,0.0,0.0,-5.81,1.03,0.0
20230302:2011,0.0,0.0,-6.04,1.1,0.0
20230302:2111,0.0,0.0,-6.18,1.1,0.0
20230302:2211,0.0,0.0,-6.41,1.17,0.0
20230302:2311,0.0,0.0,-6.45,1.1,0.0
20230303:0011,0.0,0.0,-6.67,1.1,0.0
20230303:0111,0.0,0.0,-6.81,1.03,0.0
20230303:0211,0.0,0.0,-6.86,0.97,0.0
20230303:0311,0.0,0.0,-6.88,0.97,0.0
20230303:0411,0.0,0.0,-6.8,0.9,0.0
20230303:0511,0.0,0.0,-6.9,0.9,0.0
20230303:0611,0.0,0.0,-7.08,0.9,0.0
20230303:0711,22.24,4.33,-7.21,1.17,0.0
20230303:0811,54.27,10.53,-7.2,1.17,0.0
20230303:0911,45.37,15.7,-6.93,1.1,0.0
20230303:1011,25.8,19.44,-7.08,1.24,0.0
20230303:1111,28.47,21.42,-6.46,1.24,0.0
20230303:1211,28.47,21.44,-5.79,1.17,0.0
20230303:1311,25.8,19.51,-5.42,1.31,0.0
20230303:1411,20.46,15.81,-4.78,1.38,0.0
20230303:1511,13.11,10.68,-4.66,1.59,0.0
20230303:1611,3.56,4.49,-5.32,1.93,0.0
20230303:1711,0.0,0.0,-7.38,2.62,0.0
20230303:1811,0.0,0.0,-8.2,2.55,0.0
20230303:1911,0.0,0.0,-8.48,2.62,0.0
20230303:2011,0.0,0.0,-8.94,2.62,0.0
20230303:2111,0.0,0.0,-9.38,2.55,0.0
20230303:2211,0.0,0.0,-9.97,2.62,0.0
20230303:2311,0.0,0.0,-10.2,2.62,0.0
20230304:0011,0.0,0.0,-10.68,2.55,0.0
20230304:0111,0.0,0.0,-11.26,2.55,0.0
20230304:0211,0.0,0.0,-11.64,2.48,0.0
20230304:0311,0.0,0.0,-11.94,2.41,0.0
20230304:0411,0.0,0.0,-12.08,2.34,0.0
20230304:0511,0.0,0.0,-12.17,2.21,0.0
20230304:0611,0.0,0.0,-12.13,2.07,0.0
20230304:0711,4.45,4.7,-10.02,1.66,0.0
20230304:0811,71.17,10.91,-9.57,1.45,0.0
20230304:0911,114.77,16.08,-11.18,2.0,0.0
20230304:1011,129.0,19.82,-10.35,2.62,0.0
20230304:1111,49.82,21.8,-9.97,2.55,0.0
20230304:1211,49.82,21.82,-9.6,2.41,0.0
20230304:1311,48.04,19.87,-9.19,2.41,0.0
20230304:1411,116.55,16.16,-9.39,2.34,0.0
20230304:1511,14.05,11.01,-10.4,1.93,0.0
20230304:1611,4.45,4.82,-10.18,1.52,0.0
20230304:1711,0.0,0.0,-9.78,1.59,0.0
20230304:1811,0.0,0.0,-9.8,1.24,0.0
20230304:1911,0.0,0.0,-9.76,0.97,0.0
20230304:2011,0.0,0.0,-9.96,1.1,0.0
20230304:2111,0.0,0.0,-10.29,1.1,0.0
20230304:2211,0.0,0.0,-10.46,0.9,0.0
20230304:2311,0.0,0.0,-10.82,0.9,0.0
20230305:0011,0.0,0.0,-10.98,0.83,0.0
20230305:0111,0.0,0.0,-11.23,0.83,0.0
20230305:0211,0.0,0.0,-11.52,0.9,0.0
20230305:0311,0.0,0.0,-11.95,1.03,0.0
20230305:0411,0.0,0.0,-12.26,1.03,0.0
20230305:0511,0.0,0.0,-12.63,1.03,0.0
20230305:0611,0.0,0.0,-12.93,1.03,0.0
20230305:0711,28.47,5.07,-12.0,0.76,0.0
20230305:0811,64.95,11.28,-11.88,1.03,0.0
20230305:0911,21.35,16.46,-11.8,0.97,0.0
20230305:1011,43.59,20.21,-11.41,1.03,0.0
20230305:1111,30.25,22.19,-11.06,1.17,0.0
20230305:1211,30.25,22.2,-10.8,1.24,0.0
20230305:1311,27.58,20.24,-10.45,1.24,0.0
20230305:1411,116.55,16.51,-10.32,1.24,0.0
20230305:1511,127.09,11.35,-10.25,1.17,0.0
20230305:1611,4.45,5.14,-9.82,0.76,0.0
20230305:1711,0.0,0.0,-10.18,0.55,0.0
20230305:1811,0.0,0.0,-10.75,0.48,0.0
20230305:1911,0.0,0.0,-10.91,0.55,0.0
20230305:2011,0.0,0.0,-11.04,0.48,0.0
20230305:2111,0.0,0.0,-11.16,0.48,0.0
20230305:2211,0.0,0.0,-11.4,0.55,0.0
20230305:2311,0.0,0.0,-12.17,0.76,0.0
20230306:0011,0.0,0.0,-12.9,0.9,0.0
20230306:0111,0.0,0.0,-14.07,1.03,0.0
20230306:0211,0.0,0.0,-14.86,1.1,0.0
20230306:0311,0.0,0.0,-15.27,1.17,0.0
20230306:0411,0.0,0.0,-15.47,1.24,0.0
20230306:0511,0.0,0.0,-16.18,1.31,0.0
20230306:0611,0.0,0.0,-16.65,1.38,0.0
20230306:0711,5.34,5.44,-17.06,1.24,0.0
20230306:0811,14.23,11.66,-16.26,1.24,0.0
20230306:0911,22.24,16.85,-15.25,1.17,0.0
20230306:1011,27.58,20.6,-14.33,0.9,0.0
20230306:1111,53.38,22.58,-13.29,0.69,0.0
20230306:1211,48.93,22.59,-12.34,0.41,0.0
20230306:1311,47.15,20.61,-12.0,0.34,0.0
20230306:1411,43.59,16.87,-11.76,0.34,0.0
20230306:1511,87.27,11.68,-11.78,0.34,0.0
20230306:1611,17.79,5.46,-12.25,0.48,0.0
20230306:1711,0.0,0.0,-13.05,0.83,0.0
20230306:1811,0.0,0.0,-13.96,1.03,0.0
20230306:1911,0.0,0.0,-14.16,1.03,0.0
20230306:2011,0.0,0.0,-14.68,1.1,0.0
20230306:2111,0.0,0.0,-15.09,1.17,0.0
20230306:2211,0.0,0.0,-15.53,1.17,0.0
20230306:2311,0.0,0.0,-15.93,1.24,0.0
20230307:0011,0.0,0.0,-16.24,1.24,0.0
20230307:0111,0.0,0.0,-16.44,1.24,0.0
20230307:0211,0.0,0.0,-16.5,1.24,0.0
20230307:0311,0.0,0.0,-16.64,1.24,0.0
20230307:0411,0.0,0.0,-17.29,1.31,0.0
20230307:0511,0.0,0.0,-17.9,1.31,0.0
20230307:0611,0.0,0.0,-17.89,1.38,0.0
20230307:0711,6.23,5.81,-19.1,1.45,0.0
20230307:0811,40.93,12.04,-19.19,1.45,0.0
20230307:0911,127.22,17.24,-19.11,1.38,0.0
20230307:1011,128.11,20.99,-18.45,1.31,0.0
20230307:1111,46.26,22.97,-17.24,1.17,0.0
20230307:1211,47.15,22.97,-15.68,1.03,0.0
20230307:1311,140.57,20.98,-14.4,0.83,0.0
20230307:1411,112.99,17.22,-14.08,0.76,0.0
20230307:1511,79.44,12.02,-14.23,0.69,0.0
20230307:1611,13.35,5.79,-14.93,0.76,0.0
20230307:1711,0.0,0.0,-15.84,0.97,0.0
20230307:1811,0.0,0.0,-16.69,1.1,0.0
20230307:1911,0.0,0.0,-14.83,0.83,0.0
20230307:2011,0.0,0.0,-15.07,0.83,0.0
20230307:2111,0.0,0.0,-15.29,0.83,0.0
20230307:2211,0.0,0.0,-15.48,0.83,0.0
20230307:2311,0.0,0.0,-15.59,0.83,0.0
20230308:0011,0.0,0.0,-15.71,0.83,0.0
20230308:0111,0.0,0.0,-15.7,0.69,0.0
20230308:0211,0.0,0.0,-15.49,0.55,0.0
20230308:0311,0.0,0.0,-15.39,0.48,0.0
20230308:0411,0.0,0.0,-15.5,0.48,0.0
20230308:0511,0.0,0.0,-15.58,0.48,0.0
20230308:0611,0.0,0.0,-15.57,0.48,0.0
20230308:0711,25.8,6.19,-15.86,0.28,0.0
20230308:0811,52.49,12.43,-15.55,0.21,0.0
20230308:0911,24.91,17.63,-15.34,0.28,0.0
20230308:1011,162.81,21.39,-14.25,0.21,0.0
20230308:1111,141.46,23.37,-13.81,0.41,0.0
20230308:1211,137.9,23.36,-13.34,0.69,0.0
20230308:1311,29.36,21.35,-13.27,0.41,0.0
20230308:1411,92.53,17.57,-13.13,0.21,0.0
20230308:1511,453.35,12.36,-13.18,0.41,0.0
20230308:1611,6.23,6.11,-13.42,0.41,0.0
20230308:1711,0.0,0.0,-14.0,0.62,0.0
20230308:1811,0.0,0.0,-14.77,0.83,0.0
20230308:1911,0.0,0.0,-14.99,0.9,0.0
20230308:2011,0.0,0.0,-15.25,0.97,0.0
20230308:2111,0.0,0.0,-15.77,1.1,0.0
20230308:2211,0.0,0.0,-16.36,1.17,0.0
20230308:2311,0.0,0.0,-16.85,1.17,0.0
20230309:0011,0.0,0.0,-17.32,1.17,0.0
20230309:0111,0.0,0.0,-17.88,1.1,0.0
20230309:0211,0.0,0.0,-18.27,1.17,0.0
20230309:0311,0.0,0.0,-19.07,1.24,0.0
20230309:0411,0.0,0.0,-20.54,1.38,0.0
20230309:0511,0.0,0.0,-21.18,1.45,0.0
20230309:0611,0.0,0.0,-21.29,1.45,0.0
20230309:0711,21.35,6.57,-23.2,1.52,0.0
20230309:0811,16.01,12.81,-21.06,1.31,0.0
20230309:0911,43.59,18.02,-19.77,1.17,0.0
20230309:1011,46.26,21.78,-18.51,1.1,0.0
20230309:1111,48.04,23.76,-16.81,0.9,0.0
20230309:1211,48.04,23.74,-15.91,0.83,0.0
20230309:1311,30.25,21.73,-15.3,0.83,0.0
20230309:1411,24.02,17.93,-15.03,0.83,0.0
20230309:1511,16.86,12.69,-15.13,0.83,0.0
20230309:1611,6.23,6.43,-15.7,0.9,0.0
20230309:1711,0.0,0.0,-16.44,1.1,0.0
20230309:1811,0.0,0.0,-17.25,1.24,0.0
20230309:1911,0.0,0.0,-17.66,1.31,0.0
20230309:2011,0.0,0.0,-18.18,1.38,0.0
20230309:2111,0.0,0.0,-18.74,1.38,0.0
20230309:2211,0.0,0.0,-19.24,1.45,0.0
20230309:2311,0.0,0.0,-19.7,1.45,0.0
20230310:0011,0.0,0.0,-20.05,1.52,0.0
20230310:0111,0.0,0.0,-20.14,1.52,0.0
20230310:0211,0.0,0.0,-20.23,1.52,0.0
20230310:0311,0.0,0.0,-20.1,1.52,0.0
20230310:0411,0.0,0.0,-19.96,1.52,0.0
20230310:0511,0.0,0.0,-19.71,1.45,0.0
20230310:0611,0.0,0.0,-19.44,1.38,0.0
20230310:0711,7.12,6.94,-21.23,1.52,0.0
20230310:0811,16.01,13.2,-19.88,1.38,0.0
20230310:0911,24.02,18.41,-17.98,1.1,0.0
20230310:1011,48.93,22.18,-15.92,0.9,0.0
20230310:1111,49.82,24.16,-14.35,0.62,0.0
20230310:1211,49.82,24.13,-13.26,0.41,0.0
20230310:1311,48.93,22.1,-12.73,0.21,0.0
20230310:1411,136.12,18.28,-12.77,0.21,0.0
20230310:1511,16.86,13.03,-13.11,0.34,0.0
20230310:1611,23.13,6.76,-13.42,0.48,0.0
20230310:1711,0.0,0.0,-13.82,0.62,0.0
20230310:1811,0.0,0.0,-14.27,0.76,0.0
20230310:1911,0.0,0.0,-15.05,0.9,0.0
20230310:2011,0.0,0.0,-15.27,0.83,0.0
20230310:2111,0.0,0.0,-15.18,0.9,0.0
20230310:2211,0.0,0.0,-15.37,0.97,0.0
20230310:2311,0.0,0.0,-15.75,1.03,0.0
20230311:0011,0.0,0.0,-16.12,1.1,0.0
20230311:0111,0.0,0.0,-16.54,1.17,0.0
20230311:0211,0.0,0.0,-16.66,1.24,0.0
20230311:0311,0.0,0.0,-16.79,1.17,0.0
20230311:0411,0.0,0.0,-16.83,1.17,0.0
20230311:0511,0.0,0.0,-16.86,1.03,0.0
20230311:0611,0.0,0.0,-16.6,0.97,0.0
20230311:0711,24.91,7.33,-17.61,1.1,0.0
20230311:0811,39.15,13.58,-16.91,0.97,0.0
20230311:0911,137.01,18.8,-15.18,0.62,0.0
20230311:1011,169.93,22.58,-13.73,0.21,0.0
20230311:1111,75.62,24.55,-12.96,0.48,0.0
20230311:1211,33.81,24.52,-12.87,0.69,0.0
20230311:1311,30.25,22.47,-12.74,0.62,0.0
20230311:1411,80.96,18.63,-12.69,0.55,0.0
20230311:1511,379.78,13.37,-12.75,0.48,0.0
20230311:1611,42.7,7.08,-12.98,0.55,0.0
20230311:1711,0.0,0.0,-13.38,0.55,0.0
20230311:1811,0.0,0.0,-13.55,0.55,0.0
20230311:1911,0.0,0.0,-13.83,0.69,0.0
20230311:2011,0.0,0.0,-13.74,0.76,0.0
20230311:2111,0.0,0.0,-14.02,0.76,0.0
20230311:2211,0.0,0.0,-14.12,0.83,0.0
20230311:2311,0.0,0.0,-14.0,0.9,0.0
20230312:0011,0.0,0.0,-14.04,0.9,0.0
20230312:0111,0.0,0.0,-14.02,0.83,0.0
20230312:0211,0.0,0.0,-14.18,0.69,0.0
20230312:0311,0.0,0.0,-14.7,0.48,0.0
20230312:0411,0.0,0.0,-15.25,0.34,0.0
20230312:0511,0.0,0.0,-15.28,0.28,0.0
20230312:0611,0.0,0.0,-15.29,0.41,0.0
20230312:0711,33.81,7.71,-14.17,0.21,0.0
20230312:0811,37.37,13.97,-13.73,0.14,0.0
20230312:0911,66.73,19.2,-13.36,0.41,0.0
20230312:1011,156.58,22.98,-12.99,0.62,0.0
20230312:1111,91.64,24.95,-12.64,0.76,0.0
20230312:1211,162.81,24.9,-12.35,0.9,0.0
20230312:1311,126.33,22.84,-12.22,0.97,0.0
20230312:1411,60.5,18.99,-12.2,1.1,0.0
20230312:1511,94.24,13.7,-12.27,1.24,0.0
20230312:1611,17.79,7.4,-13.29,1.38,0.0
20230312:1711,0.0,0.0,-14.26,1.59,0.0
20230312:1811,0.0,0.0,-14.67,1.66,0.0
20230312:1911,0.0,0.0,-14.58,1.72,0.0
20230312:2011,0.0,0.0,-15.04,1.79,0.0
20230312:2111,0.0,0.0,-14.47,1.72,0.0
20230312:2211,0.0,0.0,-13.87,1.66,0.0
20230312:2311,0.0,0.0,-13.39,1.59,0.0
20230313:0011,0.0,0.0,-13.33,1.66,0.0
20230313:0111,0.0,0.0,-13.06,1.66,0.0
20230313:0211,0.0,0.0,-12.76,1.66,0.0
20230313:0311,0.0,0.0,-12.74,1.66,0.0
20230313:0411,0.0,0.0,-12.38,1.59,0.0
20230313:0511,0.0,0.0,-12.37,1.59,0.0
20230313:0611,0.0,0.0,-12.43,1.66,0.0
20230313:0711,15.12,8.09,-11.11,1.59,0.0
20230313:0811,55.16,14.36,-10.88,1.59,0.0
20230313:0911,51.6,19.59,-10.35,1.59,0.0
20230313:1011,75.62,23.38,-9.82,1.72,0.0
20230313:1111,53.38,25.35,-9.22,1.72,0.0
20230313:1211,69.39,25.29,-8.63,1.66,0.0
20230313:1311,51.6,23.21,-8.39,1.72,0.0
20230313:1411,70.28,19.34,-8.08,1.52,0.0
20230313:1511,17.79,14.04,-8.04,1.38,0.0
20230313:1611,31.14,7.72,-8.36,1.45,0.0
20230313:1711,0.0,0.0,-8.38,1.38,0.0
20230313:1811,0.0,0.0,-8.09,1.31,0.0
20230313:1911,0.0,0.0,-7.55,1.24,0.0
20230313:2011,0.0,0.0,-7.32,1.17,0.0
20230313:2111,0.0,0.0,-7.25,1.1,0.0
20230313:2211,0.0,0.0,-7.37,1.17,0.0
20230313:2311,0.0,0.0,-7.46,1.17,0.0
20230314:0011,0.0,0.0,-7.46,1.17,0.0
20230314:0111,0.0,0.0,-7.68,1.17,0.0
20230314:0211,0.0,0.0,-7.64,1.1,0.0
20230314:0311,0.0,0.0,-7.73,1.03,0.0
20230314:0411,0.0,0.0,-7.93,1.03,0.0
20230314:0511,0.0,0.0,-8.39,1.03,0.0
20230314:0611,0.0,0.0,-8.8,0.97,0.0
20230314:0711,8.9,8.48,-9.75,0.83,0.0
20230314:0811,18.68,14.75,-9.44,0.83,0.0
20230314:0911,47.15,19.99,-9.16,1.1,0.0
20230314:1011,50.71,23.78,-8.93,1.03,0.0
20230314:1111,51.6,25.75,-8.88,1.24,0.0
20230314:1211,51.6,25.68,-9.08,1.24,0.0
20230314:1311,70.28,23.59,-9.03,1.31,0.0
20230314:1411,25.8,19.69,-8.95,1.31,0.0
20230314:1511,18.73,14.38,-9.17,1.38,0.0
20230314:1611,8.9,8.05,-8.6,1.1,0.0
20230314:1711,0.0,0.0,-8.91,0.9,0.0
20230314:1811,0.0,0.0,-9.26,0.83,0.0
20230314:1911,0.0,0.0,-9.81,0.9,0.0
20230314:2011,0.0,0.0,-9.89,0.97,0.0
20230314:2111,0.0,0.0,-10.05,0.76,0.0
20230314:2211,0.0,0.0,-9.94,0.69,0.0
20230314:2311,0.0,0.0,-10.01,0.69,0.0
20230315:0011,0.0,0.0,-10.36,0.62,0.0
20230315:0111,0.0,0.0,-10.1,0.62,0.0
20230315:0211,0.0,0.0,-10.05,0.76,0.0
20230315:0311,0.0,0.0,-10.07,0.76,0.0
20230315:0411,0.0,0.0,-10.1,0.76,0.0
20230315:0511,0.0,0.0,-10.29,0.69,0.0
20230315:0611,4.45,1.95,-10.69,0.69,0.0
20230315:0711,9.79,8.86,-9.71,0.69,0.0
20230315:0811,19.57,15.14,-9.53,0.9,0.0
20230315:0911,101.42,20.39,-9.12,1.1,0.0
20230315:1011,50.71,24.18,-9.06,1.24,0.0
20230315:1111,51.6,26.15,-8.74,1.24,0.0
20230315:1211,51.6,26.07,-8.22,1.1,0.0
20230315:1311,50.71,23.96,-7.64,1.1,0.0
20230315:1411,48.04,20.05,-7.23,0.97,0.0
20230315:1511,485.38,14.71,-7.0,0.76,0.0
20230315:1611,27.58,8.37,-7.36,0.48,0.0
20230315:1711,0.0,0.0,-8.08,0.55,0.0
20230315:1811,0.0,0.0,-8.93,0.76,0.0
20230315:1911,0.0,0.0,-9.35,0.83,0.0
20230315:2011,0.0,0.0,-10.03,1.03,0.0
20230315:2111,0.0,0.0,-10.75,1.1,0.0
20230315:2211,0.0,0.0,-11.39,1.24,0.0
20230315:2311,0.0,0.0,-11.88,1.31,0.0
20230316:0011,0.0,0.0,-12.3,1.45,0.0
20230316:0111,0.0,0.0,-12.52,1.45,0.0
20230316:0211,0.0,0.0,-12.72,1.52,0.0
20230316:0311,0.0,0.0,-12.99,1.59,0.0
20230316:0411,0.0,0.0,-13.29,1.66,0.0
20230316:0511,0.0,0.0,-13.83,1.72,0.0
20230316:0611,1.78,2.34,-14.8,1.86,0.0
20230316:0711,60.5,9.25,-17.7,1.93,0.0
20230316:0811,19.57,15.54,-15.87,1.86,0.0
20230316:0911,27.58,20.79,-13.3,1.79,0.0
20230316:1011,33.81,24.58,-11.56,1.72,0.0
20230316:1111,199.29,26.55,-10.22,1.66,0.0
20230316:1211,52.49,26.46,-9.77,1.72,0.0
20230316:1311,50.71,24.33,-9.72,1.79,0.0
20230316:1411,129.0,20.4,-9.67,1.79,0.0
20230316:1511,295.04,15.05,-9.73,1.93,0.0
20230316:1611,28.47,8.69,-10.02,2.0,0.0
20230316:1711,0.89,1.75,-10.34,2.07,0.0
20230316:1811,0.0,0.0,-10.62,2.14,0.0
20230316:1911,0.0,0.0,-10.6,2.21,0.0
20230316:2011,0.0,0.0,-10.23,2.14,0.0
20230316:2111,0.0,0.0,-9.97,2.21,0.0
20230316:2211,0.0,0.0,-9.71,2.14,0.0
20230316:2311,0.0,0.0,-9.5,2.07,0.0
20230317:0011,0.0,0.0,-9.46,2.14,0.0
20230317:0111,0.0,0.0,-9.15,2.07,0.0
20230317:0211,0.0,0.0,-9.33,2.07,0.0
20230317:0311,0.0,0.0,-9.5,1.93,0.0
20230317:0411,0.0,0.0,-9.66,1.93,0.0
20230317:0511,0.0,0.0,-9.44,1.79,0.0
20230317:0611,4.45,2.72,-9.35,1.72,0.0
20230317:0711,48.04,9.63,-8.81,1.86,0.0
20230317:0811,35.59,15.93,-8.15,1.72,0.0
20230317:0911,138.79,21.19,-7.92,1.72,0.0
20230317:1011,160.14,24.98,-7.08,1.66,0.0
20230317:1111,36.48,26.94,-6.31,1.59,0.0
20230317:1211,52.49,26.85,-5.64,1.45,0.0
20230317:1311,32.92,24.7,-5.44,1.31,0.0
20230317:1411,56.94,20.75,-4.88,1.24,0.0
20230317:1511,38.4,15.38,-4.17,1.1,0.0
20230317:1611,9.79,9.01,-3.96,0.9,0.0
20230317:1711,0.89,2.06,-3.54,0.62,0.0
20230317:1811,0.0,0.0,-2.86,0.62,0.0
20230317:1911,0.0,0.0,-1.77,0.97,0.0
20230317:2011,0.0,0.0,-1.52,1.24,0.0
20230317:2111,0.0,0.0,-1.95,1.45,0.0
20230317:2211,0.0,0.0,-2.15,1.38,0.0
20230317:2311,0.0,0.0,-2.8,1.45,0.0
20230318:0011,0.0,0.0,-2.77,1.24,0.0
20230318:0111,0.0,0.0,-3.38,1.24,0.0
20230318:0211,0.0,0.0,-3.86,0.9,0.0
20230318:0311,0.0,0.0,-4.57,0.69,0.0
20230318:0411,0.0,0.0,-5.07,0.62,0.0
20230318:0511,0.0,0.0,-5.86,0.55,0.0
20230318:0611,9.79,3.1,-6.28,0.62,0.0
20230318:0711,11.57,10.02,-5.85,0.62,0.0
20230318:0811,22.24,16.32,-5.76,0.76,0.0
20230318:0911,106.76,21.59,-5.56,0.9,0.0
20230318:1011,193.06,25.39,-5.1,0.83,0.0
20230318:1111,52.49,27.34,-4.64,0.83,0.0
20230318:1211,52.49,27.24,-4.2,0.9,0.0
20230318:1311,50.71,25.08,-3.85,0.97,0.0
20230318:1411,48.93,21.11,-3.72,0.9,0.0
20230318:1511,88.36,15.71,-3.82,0.9,0.0
20230318:1611,52.49,9.33,-4.43,1.03,0.0
20230318:1711,2.67,2.37,-5.26,1.24,0.0
20230318:1811,0.0,0.0,-6.25,1.31,0.0
20230318:1911,0.0,0.0,-7.17,1.45,0.0
20230318:2011,0.0,0.0,-7.67,1.52,0.0
20230318:2111,0.0,0.0,-7.95,1.52,0.0
20230318:2211,0.0,0.0,-8.11,1.52,0.0
20230318:2311,0.0,0.0,-8.06,1.45,0.0
20230319:0011,0.0,0.0,-7.99,1.38,0.0
20230319:0111,0.0,0.0,-7.94,1.38,0.0
20230319:0211,0.0,0.0,-8.16,1.38,0.0
20230319:0311,0.0,0.0,-8.3,1.45,0.0
20230319:0411,0.0,0.0,-8.29,1.45,0.0
20230319:0511,0.0,0.0,-8.85,1.52,0.0
20230319:0611,2.67,3.49,-8.7,1.52,0.0
20230319:0711,11.57,10.41,-9.5,1.59,0.0
20230319:0811,108.54,16.72,-8.08,1.59,0.0
20230319:0911,161.03,21.99,-6.31,1.31,0.0
20230319:1011,34.7,25.79,-4.77,1.17,0.0
20230319:1111,69.39,27.74,-3.64,0.97,0.0
20230319:1211,200.18,27.63,-3.11,0.83,0.0
20230319:1311,166.37,25.45,-2.57,0.62,0.0
20230319:1411,129.0,21.46,-2.19,0.69,0.0
20230319:1511,50.57,16.05,-2.05,0.69,0.0
20230319:1611,37.37,9.65,-1.82,0.76,0.0
20230319:1711,6.23,2.69,-1.77,0.76,0.0
20230319:1811,0.0,0.0,-1.65,0.69,0.0
20230319:1911,0.0,0.0,-1.0,0.41,0.0
20230319:2011,0.0,0.0,-1.06,0.41,0.0
20230319:2111,0.0,0.0,-1.19,0.34,0.0
20230319:2211,0.0,0.0,-1.51,0.48,0.0
20230319:2311,0.0,0.0,-1.73,0.55,0.0
20230320:0011,0.0,0.0,-2.07,0.48,0.0
20230320:0111,0.0,0.0,-2.51,0.55,0.0
20230320:0211,0.0,0.0,-2.77,0.62,0.0
20230320:0311,0.0,0.0,-3.01,0.69,0.0
20230320:0411,0.0,0.0,-3.53,0.69,0.0
20230320:0511,0.0,0.0,-4.15,0.62,0.0
20230320:0611,3.56,3.87,-4.31,0.55,0.0
20230320:0711,12.46,10.8,-4.04,0.69,0.0
20230320:0811,22.24,17.11,-4.01,0.97,0.0
20230320:0911,50.71,22.39,-4.41,1.03,0.0
20230320:1011,53.38,26.19,-3.73,0.97,0.0
20230320:1111,54.27,28.14,-3.75,0.97,0.0
20230320:1211,54.27,28.01,-3.46,0.97,0.0
20230320:1311,52.49,25.82,-3.23,0.83,0.0
20230320:1411,84.52,21.81,-3.31,0.83,0.0
20230320:1511,21.54,16.38,-3.23,0.9,0.0
20230320:1611,11.57,9.97,-3.56,0.55,0.0
20230320:1711,1.78,3.0,-4.01,0.34,0.0
20230320:1811,0.0,0.0,-4.31,0.28,0.0
20230320:1911,0.0,0.0,-4.61,0.14,0.0
20230320:2011,0.0,0.0,-5.0,0.48,0.0
20230320:2111,0.0,0.0,-5.36,0.62,0.0
20230320:2211,0.0,0.0,-5.71,0.69,0.0
20230320:2311,0.0,0.0,-5.98,0.55,0.0
20230321:0011,0.0,0.0,-6.09,0.55,0.0
20230321:0111,0.0,0.0,-6.0,0.76,0.0
20230321:0211,0.0,0.0,-6.32,0.76,0.0
20230321:0311,0.0,0.0,-6.86,0.83,0.0
20230321:0411,0.0,0.0,-7.78,0.97,0.0
20230321:0511,0.0,0.0,-8.06,1.03,0.0
20230321:0611,4.45,4.26,-7.94,1.1,0.0
20230321:0711,0.0,0.0,-7.22,1.03,0.0
20230321:0811,0.0,0.0,-6.75,1.03,0.0
20230321:0911,63.17,22.79,-5.63,0.97,0.0
20230321:1011,76.51,26.6,-4.7,0.9,0.0
20230321:1111,168.15,28.54,-4.21,0.9,0.0
20230321:1211,56.05,28.4,-3.86,0.97,0.0
20230321:1311,96.09,26.19,-3.75,1.1,0.0
20230321:1411,160.14,22.16,-3.66,1.1,0.0
20230321:1511,280.06,16.71,-3.87,1.1,0.0
20230321:1611,65.84,10.29,-4.32,1.24,0.0
20230321:1711,2.67,3.31,-4.67,1.31,0.0
20230321:1811,0.0,0.0,-4.88,1.38,0.0
20230321:1911,0.0,0.0,-5.55,1.38,0.0
20230321:2011,0.0,0.0,-5.57,1.38,0.0
20230321:2111,0.0,0.0,-5.52,1.38,0.0
20230321:2211,0.0,0.0,-5.29,1.24,0.0
20230321:2311,0.0,0.0,-5.13,1.24,0.0
20230322:0011,0.0,0.0,-4.88,1.1,0.0
20230322:0111,0.0,0.0,-5.02,1.1,0.0
20230322:0211,0.0,0.0,-4.83,0.97,0.0
20230322:0311,0.0,0.0,-4.63,0.97,0.0
20230322:0411,0.0,0.0,-4.28,0.97,0.0
20230322:0511,0.0,0.0,-3.87,0.97,0.0
20230322:0611,3.56,4.64,-3.71,1.1,0.0
20230322:0711,0.0,0.0,-4.07,1.1,0.0
20230322:0811,118.33,17.9,-3.35,1.1,0.0
20230322:0911,163.7,23.19,-2.77,1.17,0.0
20230322:1011,167.26,27.0,-2.11,1.24,0.0
20230322:1111,147.69,28.94,-1.59,1.31,0.0
20230322:1211,187.72,28.79,-1.12,1.31,0.0
20230322:1311,158.36,26.56,-1.5,1.31,0.0
20230322:1411,67.62,22.51,-1.47,1.1,0.0
20230322:1511,169.61,17.04,-1.59,0.97,0.0
20230322:1611,11.57,10.61,-1.38,0.69,0.0
20230322:1711,12.46,3.62,-1.58,0.83,0.0
20230322:1811,0.0,0.0,-2.62,1.31,0.0
20230322:1911,0.0,0.0,-1.98,1.45,0.0
20230322:2011,0.0,0.0,-2.09,1.24,0.0
20230322:2111,0.0,0.0,-1.98,0.83,0.0
20230322:2211,0.0,0.0,-2.19,0.76,0.0
20230322:2311,0.0,0.0,-2.53,1.1,0.0
20230323:0011,0.0,0.0,-3.61,1.24,0.0
20230323:0111,0.0,0.0,-4.03,1.31,0.0
20230323:0211,0.0,0.0,-3.98,1.38,0.0
20230323:0311,0.0,0.0,-3.53,1.17,0.0
20230323:0411,0.0,0.0,-3.0,1.03,0.0
20230323:0511,0.0,0.0,-3.04,0.97,0.0
20230323:0611,24.91,5.03,-2.96,0.83,0.0
20230323:0711,46.26,11.96,-2.75,0.55,0.0
20230323:0811,127.22,18.29,-2.13,0.55,0.0
20230323:0911,125.44,23.59,-1.55,0.76,0.0
20230323:1011,96.98,27.4,-1.11,0.83,0.0
20230323:1111,80.96,29.34,-0.76,0.97,0.0
20230323:1211,144.13,29.18,-0.41,1.1,0.0
20230323:1311,36.48,26.93,-0.58,1.1,0.0
20230323:1411,161.03,22.86,-0.59,0.97,0.0
20230323:1511,181.01,17.37,-0.93,0.83,0.0
20230323:1611,29.36,10.92,-1.24,0.76,0.0
20230323:1711,2.67,3.93,-1.36,0.62,0.0
20230323:1811,0.0,0.0,-1.62,0.62,0.0
20230323:1911,0.0,0.0,-1.7,0.48,0.0
20230323:2011,0.0,0.0,-1.81,0.48,0.0
20230323:2111,0.0,0.0,-1.88,0.62,0.0
20230323:2211,0.0,0.0,-1.99,0.76,0.0
20230323:2311,0.0,0.0,-2.08,0.55,0.0
20230324:0011,0.0,0.0,-2.23,0.55,0.0
20230324:0111,0.0,0.0,-2.25,0.62,0.0
20230324:0211,0.0,0.0,-2.36,0.69,0.0
20230324:0311,0.0,0.0,-2.61,0.76,0.0
20230324:0411,0.0,0.0,-2.74,0.76,0.0
20230324:0511,0.0,0.0,-3.0,0.76,0.0
20230324:0611,19.57,5.41,-3.25,0.76,0.0
20230324:0711,38.26,12.35,-2.66,0.69,0.0
20230324:0811,48.04,18.68,-2.17,0.62,0.0
20230324:0911,52.49,23.98,-1.44,0.69,0.0
20230324:1011,107.65,27.8,-0.92,0.41,0.0
20230324:1111,60.5,29.74,-0.57,0.0,0.0
20230324:1211,216.19,29.56,-0.26,0.34,0.0
20230324:1311,54.27,27.3,0.0,0.55,0.0
20230324:1411,51.6,23.2,0.12,0.62,0.0
20230324:1511,514.02,17.7,0.1,0.62,0.0
20230324:1611,36.48,11.24,-0.41,0.48,0.0
20230324:1711,14.23,4.24,-1.01,0.55,0.0
20230324:1811,0.0,0.0,-1.86,0.69,0.0
20230324:1911,0.0,0.0,-2.4,0.69,0.0
20230324:2011,0.0,0.0,-2.91,0.83,0.0
20230324:2111,0.0,0.0,-3.47,0.9,0.0
20230324:2211,0.0,0.0,-4.86,1.03,0.0
20230324:2311,0.0,0.0,-6.29,1.17,0.0
20230325:0011,0.0,0.0,-6.89,1.31,0.0
20230325:0111,0.0,0.0,-8.29,1.38,0.0
20230325:0211,0.0,0.0,-9.84,1.38,0.0
20230325:0311,0.0,0.0,-8.95,1.31,0.0
20230325:0411,0.0,0.0,-7.96,1.31,0.0
20230325:0511,0.0,0.0,-6.37,1.24,0.0
20230325:0611,27.58,5.8,-5.84,1.24,0.0
20230325:0711,46.26,12.74,-6.3,1.59,0.0
20230325:0811,138.79,19.08,-5.72,1.59,0.0
20230325:0911,153.02,24.38,-5.49,1.66,0.0
20230325:1011,185.94,28.2,-4.87,1.79,0.0
20230325:1111,97.86,30.14,-4.71,1.79,0.0
20230325:1211,96.98,29.95,-4.53,1.79,0.0
20230325:1311,169.04,27.66,-4.68,1.79,0.0
20230325:1411,54.27,23.55,-4.98,1.79,0.0
20230325:1511,88.97,18.03,-5.38,1.72,0.0
20230325:1611,77.4,11.55,-5.91,1.66,0.0
20230325:1711,19.57,4.55,-6.31,1.86,0.0
20230325:1811,0.0,0.0,-6.8,1.72,0.0
20230325:1911,0.0,0.0,-7.56,1.59,0.0
20230325:2011,0.0,0.0,-7.93,1.59,0.0
20230325:2111,0.0,0.0,-8.17,1.45,0.0
20230325:2211,0.0,0.0,-8.46,1.45,0.0
20230325:2311,0.0,0.0,-8.83,1.38,0.0
20230326:0011,0.0,0.0,-8.98,1.31,0.0
20230326:0111,0.0,0.0,-9.31,1.31,0.0
20230326:0211,0.0,0.0,-9.45,1.24,0.0
20230326:0311,0.0,0.0,-9.53,1.1,0.0
20230326:0411,0.0,0.0,-9.41,1.03,0.0
20230326:0511,0.0,0.0,-9.62,0.97,0.0
20230326:0611,12.46,6.18,-9.87,0.9,0.0
20230326:0711,40.04,13.12,-11.47,0.76,0.0
20230326:0811,72.06,19.47,-10.66,0.76,0.0
20230326:0911,185.94,24.78,-9.86,0.69,0.0
20230326:1011,93.42,28.61,-9.19,0.55,0.0
20230326:1111,139.68,30.53,-8.61,0.55,0.0
20230326:1211,96.98,30.33,-8.22,0.76,0.0
20230326:1311,204.63,28.03,-7.91,0.76,0.0
20230326:1411,64.95,23.9,-7.72,0.69,0.0
20230326:1511,527.11,18.36,-7.65,0.76,0.0
20230326:1611,69.39,11.87,-7.84,0.83,0.0
20230326:1711,8.01,4.86,-8.22,0.62,0.0
20230326:1811,0.0,0.0,-8.75,0.55,0.0
20230326:1911,0.0,0.0,-9.34,0.62,0.0
20230326:2011,0.0,0.0,-9.6,0.62,0.0
20230326:2111,0.0,0.0,-9.78,0.55,0.0
20230326:2211,0.0,0.0,-9.79,0.48,0.0
20230326:2311,0.0,0.0,-9.8,0.48,0.0
20230327:0011,0.0,0.0,-9.85,0.55,0.0
20230327:0111,0.0,0.0,-10.02,0.69,0.0
20230327:0211,0.0,0.0,-10.25,0.83,0.0
20230327:0311,0.0,0.0,-10.66,0.83,0.0
20230327:0411,0.0,0.0,-10.96,0.83,0.0
20230327:0511,0.0,0.0,-11.2,0.9,0.0
20230327:0611,6.23,6.56,-11.42,0.97,0.0
20230327:0711,48.04,13.51,-10.89,0.97,0.0
20230327:0811,46.26,19.86,-10.21,1.03,0.0
20230327:0911,50.71,25.18,-9.81,1.1,0.0
20230327:1011,40.04,29.01,-9.52,1.17,0.0
20230327:1111,42.7,30.93,-9.31,1.24,0.0
20230327:1211,211.74,30.72,-9.26,1.45,0.0
20230327:1311,216.19,28.39,-9.06,1.45,0.0
20230327:1411,49.82,24.24,-8.16,1.31,0.0
20230327:1511,547.93,18.68,-7.61,1.17,0.0
20230327:1611,36.48,12.18,-7.77,0.76,0.0
20230327:1711,17.79,5.17,-8.49,0.62,0.0
20230327:1811,0.0,0.0,-9.42,0.83,0.0
20230327:1911,0.0,0.0,-10.22,0.9,0.0
20230327:2011,0.0,0.0,-11.01,0.97,0.0
20230327:2111,0.0,0.0,-11.75,1.1,0.0
20230327:2211,0.0,0.0,-13.32,1.24,0.0
20230327:2311,0.0,0.0,-15.79,1.45,0.0
20230328:0011,0.0,0.0,-17.84,1.52,0.0
20230328:0111,0.0,0.0,-18.49,1.59,0.0
20230328:0211,0.0,0.0,-18.71,1.59,0.0
20230328:0311,0.0,0.0,-18.6,1.59,0.0
20230328:0411,0.0,0.0,-18.19,1.59,0.0
20230328:0511,0.0,0.0,-18.3,1.59,0.0
20230328:0611,7.12,6.94,-18.57,1.66,0.0
20230328:0711,97.86,13.9,-16.58,1.52,0.0
20230328:0811,376.41,20.25,-14.95,1.45,0.0
20230328:0911,97.86,25.58,-12.74,1.31,0.0
20230328:1011,112.99,29.4,-10.66,1.1,0.0
20230328:1111,214.41,31.33,-9.79,1.17,0.0
20230328:1211,53.38,31.1,-9.26,1.17,0.0
20230328:1311,164.59,28.76,-9.3,1.24,0.0
20230328:1411,166.37,24.58,-9.44,1.24,0.0
20230328:1511,465.46,19.01,-9.74,1.24,0.0
20230328:1611,37.37,12.49,-10.16,1.24,0.0
20230328:1711,18.68,5.47,-10.34,1.24,0.0
20230328:1811,0.0,0.0,-10.46,1.24,0.0
20230328:1911,0.0,0.0,-11.5,1.31,0.0
20230328:2011,0.0,0.0,-11.61,1.31,0.0
20230328:2111,0.0,0.0,-11.39,1.31,0.0
20230328:2211,0.0,0.0,-11.22,1.38,0.0
20230328:2311,0.0,0.0,-11.41,1.38,0.0
20230329:0011,0.0,0.0,-11.85,1.45,0.0
20230329:0111,0.0,0.0,-11.95,1.45,0.0
20230329:0211,0.0,0.0,-12.34,1.52,0.0
20230329:0311,0.0,0.0,-13.05,1.52,0.0
20230329:0411,0.0,0.0,-13.54,1.59,0.0
20230329:0511,0.0,0.0,-13.97,1.59,0.0
20230329:0611,24.91,7.33,-15.2,1.66,0.0
20230329:0711,40.04,14.28,-15.49,1.79,0.0
20230329:0811,602.18,20.64,-14.67,1.72,0.0
20230329:0911,799.22,25.97,-13.37,1.72,0.0
20230329:1011,225.09,29.8,-12.15,1.66,0.0
20230329:1111,214.41,31.72,-10.89,1.59,0.0
20230329:1211,153.91,31.48,-9.88,1.52,0.0
20230329:1311,52.49,29.12,-9.35,1.45,0.0
20230329:1411,49.82,24.93,-9.09,1.45,0.0
20230329:1511,490.09,19.33,-8.69,1.38,0.0
20230329:1611,315.94,12.81,-8.47,1.31,0.0
20230329:1711,27.58,5.78,-8.97,1.38,0.0
20230329:1811,0.0,0.0,-9.58,1.38,0.0
20230329:1911,0.0,0.0,-10.62,1.45,0.0
20230329:2011,0.0,0.0,-11.0,1.52,0.0
20230329:2111,0.0,0.0,-11.34,1.52,0.0
20230329:2211,0.0,0.0,-11.54,1.52,0.0
20230329:2311,0.0,0.0,-11.82,1.59,0.0
20230330:0011,0.0,0.0,-12.33,1.66,0.0
20230330:0111,0.0,0.0,-12.49,1.66,0.0
20230330:0211,0.0,0.0,-13.34,1.66,0.0
20230330:0311,0.0,0.0,-13.63,1.66,0.0
20230330:0411,0.0,0.0,-13.68,1.72,0.0
20230330:0511,0.0,0.0,-13.56,1.72,0.0
20230330:0611,16.01,7.71,-13.22,1.72,0.0
20230330:0711,174.51,14.66,-11.82,1.52,0.0
20230330:0811,393.05,21.03,-10.94,1.59,0.0
20230330:0911,653.56,26.37,-9.8,1.59,0.0
20230330:1011,115.66,30.2,-8.77,1.66,0.0
20230330:1111,153.02,32.11,-8.06,1.66,0.0
20230330:1211,138.79,31.86,-7.36,1.52,0.0
20230330:1311,894.22,29.48,-6.75,1.52,0.0
20230330:1411,53.38,25.27,-6.51,1.45,0.0
20230330:1511,540.39,19.66,-6.42,1.38,0.0
20230330:1611,29.03,13.12,-6.31,1.31,0.0
20230330:1711,34.7,6.08,-6.48,1.31,0.0
20230330:1811,0.0,0.0,-6.72,1.38,0.0
20230330:1911,0.0,0.0,-6.59,1.45,0.0
20230330:2011,0.0,0.0,-6.78,1.38,0.0
20230330:2111,0.0,0.0,-6.93,1.38,0.0
20230330:2211,0.0,0.0,-7.05,1.38,0.0
20230330:2311,0.0,0.0,-7.47,1.52,0.0
20230331:0011,0.0,0.0,-8.0,1.52,0.0
20230331:0111,0.0,0.0,-8.76,1.52,0.0
20230331:0211,0.0,0.0,-9.08,1.52,0.0
20230331:0311,0.0,0.0,-9.43,1.59,0.0
20230331:0411,0.0,0.0,-9.58,1.66,0.0
20230331:0511,0.0,0.0,-9.61,1.66,0.0
20230331:0611,27.58,8.08,-9.64,1.72,0.0
20230331:0711,375.52,15.05,-8.52,1.52,0.0
20230331:0811,605.21,21.42,-8.24,1.59,0.0
20230331:0911,798.44,26.76,-7.79,1.72,0.0
20230331:1011,179.72,30.6,-7.08,1.72,0.0
20230331:1111,181.49,32.51,-6.43,1.66,0.0
20230331:1211,238.43,32.24,-5.63,1.52,0.0
20230331:1311,585.95,29.84,-5.27,1.52,0.0
20230331:1411,52.49,25.61,-5.11,1.59,0.0
20230331:1511,551.19,19.98,-4.8,1.59,0.0
20230331:1611,317.4,13.42,-5.04,1.66,0.0
20230331:1711,22.24,6.38,-5.35,1.66,0.0
20230331:1811,0.0,0.0,-5.89,1.72,0.0
20230331:1911,0.0,0.0,-6.42,1.66,0.0
20230331:2011,0.0,0.0,-6.9,1.72,0.0
20230331:2111,0.0,0.0,-7.37,1.66,0.0
20230331:2211,0.0,0.0,-7.77,1.66,0.0
20230331:2311,0.0,0.0,-8.14,1.66,0.0
20230401:0011,0.0,0.0,-8.47,1.59,0.0
20230401:0111,0.0,0.0,-8.85,1.59,0.0
20230401:0211,0.0,0.0,-9.19,1.59,0.0
20230401:0311,0.0,0.0,-9.5,1.59,0.0
20230401:0411,0.0,0.0,-9.77,1.52,0.0
20230401:0511,0.0,0.0,-10.03,1.52,0.0
20230401:0611,32.92,8.46,-10.17,1.59,0.0
20230401:0711,384.72,15.43,-10.09,1.52,0.0
20230401:0811,407.02,21.81,-8.83,1.45,0.0
20230401:0911,506.47,27.15,-7.18,1.31,0.0
20230401:1011,231.32,30.99,-5.64,1.24,0.0
20230401:1111,189.5,32.9,-4.51,1.17,0.0
20230401:1211,225.98,32.62,-3.69,1.1,0.0
20230401:1311,529.62,30.2,-3.14,1.03,0.0
20230401:1411,65.84,25.94,-2.94,1.03,0.0
20230401:1511,561.31,20.3,-3.2,0.97,0.0
20230401:1611,323.78,13.73,-4.04,1.1,0.0
20230401:1711,25.8,6.69,-5.05,1.24,0.0
20230401:1811,0.0,0.0,-6.44,1.38,0.0
20230401:1911,0.0,0.0,-7.71,1.52,0.0
20230401:2011,0.0,0.0,-8.52,1.59,0.0
20230401:2111,0.0,0.0,-9.17,1.59,0.0
20230401:2211,0.0,0.0,-9.58,1.59,0.0
20230401:2311,0.0,0.0,-9.76,1.59,0.0
20230402:0011,0.0,0.0,-9.78,1.59,0.0
20230402:0111,0.0,0.0,-9.91,1.59,0.0
20230402:0211,0.0,0.0,-9.96,1.59,0.0
20230402:0311,0.0,0.0,-9.99,1.52,0.0
20230402:0411,0.0,0.0,-9.97,1.52,0.0
20230402:0511,0.89,1.7,-9.97,1.52,0.0
20230402:0611,35.59,8.84,-9.75,1.45,0.0
20230402:0711,382.18,15.81,-10.39,1.52,0.0
20230402:0811,611.72,22.19,-8.81,1.38,0.0
20230402:0911,508.76,27.54,-6.5,1.1,0.0
20230402:1011,214.41,31.38,-4.59,0.9,0.0
20230402:1111,192.17,33.29,-3.29,0.76,0.0
20230402:1211,236.65,33.0,-2.52,0.69,0.0
20230402:1311,702.53,30.56,-2.14,0.55,0.0
20230402:1411,68.51,26.28,-2.05,0.55,0.0
20230402:1511,554.44,20.61,-2.57,0.62,0.0
20230402:1611,321.02,14.04,-3.55,0.76,0.0
20230402:1711,27.58,6.99,-4.42,0.9,0.0
20230402:1811,0.0,0.0,-5.3,0.97,0.0
20230402:1911,0.0,0.0,-5.91,0.97,0.0
20230402:2011,0.0,0.0,-6.54,1.1,0.0
20230402:2111,0.0,0.0,-7.08,1.1,0.0
20230402:2211,0.0,0.0,-7.37,1.1,0.0
20230402:2311,0.0,0.0,-7.49,1.17,0.0
20230403:0011,0.0,0.0,-7.94,1.24,0.0
20230403:0111,0.0,0.0,-8.44,1.24,0.0
20230403:0211,0.0,0.0,-8.62,1.17,0.0
20230403:0311,0.0,0.0,-8.4,1.1,0.0
20230403:0411,0.0,0.0,-8.46,1.1,0.0
20230403:0511,0.89,2.07,-8.75,1.17,0.0
20230403:0611,52.49,9.21,-8.75,1.1,0.0
20230403:0711,33.72,16.18,-8.16,1.03,0.0
20230403:0811,599.76,22.57,-7.13,0.9,0.0
20230403:0911,473.35,27.93,-6.05,0.69,0.0
20230403:1011,231.32,31.78,-5.06,0.55,0.0
20230403:1111,163.7,33.67,-4.02,0.34,0.0
20230403:1211,137.9,33.37,-3.79,0.41,0.0
20230403:1311,649.77,30.92,-3.53,0.41,0.0
20230403:1411,176.88,26.62,-3.52,0.48,0.0
20230403:1511,522.83,20.93,-3.46,0.55,0.0
20230403:1611,315.69,14.34,-3.81,0.62,0.0
20230403:1711,42.7,7.29,-4.3,0.76,0.0
20230403:1811,0.0,0.0,-4.98,0.9,0.0
20230403:1911,0.0,0.0,-5.62,0.97,0.0
20230403:2011,0.0,0.0,-6.33,1.1,0.0
20230403:2111,0.0,0.0,-6.73,1.17,0.0
20230403:2211,0.0,0.0,-7.02,1.24,0.0
20230403:2311,0.0,0.0,-7.33,1.24,0.0
20230404:0011,0.0,0.0,-7.74,1.31,0.0
20230404:0111,0.0,0.0,-8.14,1.38,0.0
20230404:0211,0.0,0.0,-9.54,1.45,0.0
20230404:0311,0.0,0.0,-10.59,1.52,0.0
20230404:0411,0.0,0.0,-10.32,1.59,0.0
20230404:0511,1.78,2.45,-10.55,1.59,0.0
20230404:0611,38.26,9.59,-10.4,1.59,0.0
20230404:0711,337.84,16.56,-8.4,1.45,0.0
20230404:0811,338.54,22.95,-6.49,1.31,0.0
20230404:0911,390.8,28.32,-4.81,1.24,0.0
20230404:1011,236.65,32.17,-3.56,1.1,0.0
20230404:1111,253.56,34.06,-2.57,1.1,0.0
20230404:1211,235.77,33.75,-1.77,1.03,0.0
20230404:1311,899.83,31.27,-1.26,1.1,0.0
20230404:1411,749.28,26.95,-1.0,1.17,0.0
20230404:1511,544.36,21.25,-0.97,1.03,0.0
20230404:1611,94.32,14.65,-1.52,0.97,0.0
20230404:1711,7.12,7.59,-2.32,1.1,0.0
20230404:1811,0.0,0.0,-3.29,1.17,0.0
20230404:1911,0.0,0.0,-4.29,1.38,0.0
20230404:2011,0.0,0.0,-5.11,1.45,0.0
20230404:2111,0.0,0.0,-5.8,1.52,0.0
20230404:2211,0.0,0.0,-6.33,1.52,0.0
20230404:2311,0.0,0.0,-6.83,1.59,0.0
20230405:0011,0.0,0.0,-7.11,1.59,0.0
20230405:0111,0.0,0.0,-7.28,1.59,0.0
20230405:0211,0.0,0.0,-7.38,1.52,0.0
20230405:0311,0.0,0.0,-7.46,1.59,0.0
20230405:0411,0.0,0.0,-7.56,1.59,0.0
20230405:0511,1.78,2.82,-7.71,1.66,0.0
20230405:0611,43.59,9.96,-7.75,1.66,0.0
20230405:0711,396.11,16.93,-7.44,1.52,0.0
20230405:0811,621.28,23.33,-5.73,1.45,0.0
20230405:0911,544.07,28.7,-4.32,1.31,0.0
20230405:1011,241.99,32.55,-3.07,1.31,0.0
20230405:1111,234.88,34.44,-2.55,1.31,0.0
20230405:1211,224.2,34.12,-2.18,1.38,0.0
20230405:1311,772.09,31.62,-1.86,1.38,0.0
20230405:1411,582.35,27.28,-1.11,1.31,0.0
20230405:1511,504.6,21.56,-0.76,1.17,0.0
20230405:1611,323.73,14.95,-1.19,1.17,0.0
20230405:1711,32.03,7.88,-1.96,1.17,0.0
20230405:1811,0.0,0.0,-3.07,1.31,0.0
20230405:1911,0.0,0.0,-4.33,1.45,0.0
20230405:2011,0.0,0.0,-5.27,1.59,0.0
20230405:2111,0.0,0.0,-5.96,1.66,0.0
20230405:2211,0.0,0.0,-6.38,1.66,0.0
20230405:2311,0.0,0.0,-6.69,1.72,0.0
20230406:0011,0.0,0.0,-6.91,1.72,0.0
20230406:0111,0.0,0.0,-7.2,1.72,0.0
20230406:0211,0.0,0.0,-7.27,1.72,0.0
20230406:0311,0.0,0.0,-7.35,1.72,0.0
20230406:0411,0.0,0.0,-7.76,1.72,0.0
20230406:0511,1.78,3.19,-7.76,1.66,0.0
20230406:0611,56.94,10.33,-7.89,1.59,0.0
20230406:0711,402.11,17.3,-6.83,1.45,0.0
20230406:0811,626.86,23.71,-5.95,1.38,0.0
20230406:0911,817.46,29.09,-5.17,1.31,0.0
20230406:1011,73.84,32.94,-5.34,1.59,0.0
20230406:1111,112.99,34.83,-4.7,1.66,0.0
20230406:1211,254.45,34.49,-4.2,1.79,0.0
20230406:1311,816.77,31.97,-4.37,1.86,0.0
20230406:1411,613.53,27.61,-4.6,1.72,0.0
20230406:1511,560.83,21.87,-5.36,1.24,0.0
20230406:1611,254.01,15.25,-4.93,1.17,0.0
20230406:1711,49.82,8.18,-5.04,0.97,0.0
20230406:1811,0.0,0.0,-5.64,1.03,0.0
20230406:1911,0.0,0.0,-6.57,0.97,0.0
20230406:2011,0.0,0.0,-7.04,0.97,0.0
20230406:2111,0.0,0.0,-7.53,0.97,0.0
20230406:2211,0.0,0.0,-7.97,1.03,0.0
20230406:2311,0.0,0.0,-8.4,0.97,0.0
20230407:0011,0.0,0.0,-8.87,0.97,0.0
20230407:0111,0.0,0.0,-9.93,1.1,0.0
20230407:0211,0.0,0.0,-10.57,1.24,0.0
20230407:0311,0.0,0.0,-11.14,1.31,0.0
20230407:0411,0.0,0.0,-12.41,1.45,0.0
20230407:0511,13.35,3.55,-12.64,1.45,0.0
20230407:0611,41.81,10.69,-13.31,1.45,0.0
20230407:0711,402.89,17.67,-12.47,1.38,0.0
20230407:0811,549.66,24.09,-10.17,1.24,0.0
20230407:0911,644.11,29.47,-7.74,1.1,0.0
20230407:1011,644.53,33.33,-5.41,1.03,0.0
20230407:1111,216.19,35.21,-3.81,0.83,0.0
20230407:1211,75.62,34.85,-2.9,0.76,0.0
20230407:1311,881.7,32.32,-2.17,0.76,0.0
20230407:1411,650.92,27.94,-1.72,0.9,0.0
20230407:1511,561.04,22.18,-1.37,0.83,0.0
20230407:1611,307.93,15.55,-1.64,0.76,0.0
20230407:1711,48.93,8.48,-2.31,0.9,0.0
20230407:1811,0.0,0.0,-3.4,1.1,0.0
20230407:1911,0.0,0.0,-4.73,1.17,0.0
20230407:2011,0.0,0.0,-5.66,1.24,0.0
20230407:2111,0.0,0.0,-6.4,1.31,0.0
20230407:2211,0.0,0.0,-6.89,1.38,0.0
20230407:2311,0.0,0.0,-7.23,1.45,0.0
20230408:0011,0.0,0.0,-7.41,1.45,0.0
20230408:0111,0.0,0.0,-7.61,1.52,0.0
20230408:0211,0.0,0.0,-7.78,1.52,0.0
20230408:0311,0.0,0.0,-7.92,1.52,0.0
20230408:0411,0.0,0.0,-8.03,1.52,0.0
20230408:0511,4.45,3.92,-8.14,1.59,0.0
20230408:0611,43.59,11.06,-8.49,1.59,0.0
20230408:0711,385.24,18.04,-8.06,1.52,0.0
20230408:0811,555.31,24.46,-5.99,1.38,0.0
20230408:0911,753.49,29.85,-3.53,1.24,0.0
20230408:1011,949.43,33.71,-1.64,1.1,0.0
20230408:1111,885.13,35.58,-0.85,1.17,0.0
20230408:1211,255.34,35.22,-0.39,1.17,0.0
20230408:1311,842.35,32.67,0.18,1.1,0.0
20230408:1411,761.91,28.26,0.85,1.03,0.0
20230408:1511,125.99,22.49,0.86,0.97,0.0
20230408:1611,194.93,15.85,0.35,1.03,0.0
20230408:1711,8.9,8.77,-0.35,1.17,0.0
20230408:1811,0.0,0.0,-1.43,1.31,0.0
20230408:1911,0.0,0.0,-2.88,1.38,0.0
20230408:2011,0.0,0.0,-3.96,1.45,0.0
20230408:2111,0.0,0.0,-4.81,1.52,0.0
20230408:2211,0.0,0.0,-5.39,1.59,0.0
20230408:2311,0.0,0.0,-5.8,1.59,0.0
20230409:0011,0.0,0.0,-6.13,1.59,0.0
20230409:0111,0.0,0.0,-6.41,1.59,0.0
20230409:0211,0.0,0.0,-6.65,1.59,0.0
20230409:0311,0.0,0.0,-6.88,1.66,0.0
20230409:0411,0.0,0.0,-7.04,1.66,0.0
20230409:0511,17.79,4.28,-7.14,1.59,0.0
20230409:0611,43.59,11.42,-7.34,1.59,0.0
20230409:0711,414.84,18.41,-7.39,1.52,0.0
20230409:0811,638.16,24.83,-5.0,1.38,0.0
20230409:0911,826.1,30.23,-3.29,1.31,0.0
20230409:1011,903.87,34.09,-2.23,1.17,0.0
20230409:1111,962.92,35.96,-1.56,1.17,0.0
20230409:1211,816.43,35.58,-1.16,1.17,0.0
20230409:1311,904.84,33.01,-0.81,1.17,0.0
20230409:1411,768.77,28.59,-0.52,1.17,0.0
20230409:1511,526.69,22.8,0.23,1.1,0.0
20230409:1611,337.72,16.14,-0.06,1.1,0.0
20230409:1711,36.48,9.06,-0.73,1.17,0.0
20230409:1811,0.89,1.96,-1.57,1.24,0.0
20230409:1911,0.0,0.0,-2.67,1.31,0.0
20230409:2011,0.0,0.0,-3.01,1.31,0.0
20230409:2111,0.0,0.0,-3.27,1.31,0.0
20230409:2211,0.0,0.0,-3.54,1.31,0.0
20230409:2311,0.0,0.0,-3.81,1.31,0.0
20230410:0011,0.0,0.0,-4.08,1.24,0.0
20230410:0111,0.0,0.0,-4.34,1.31,0.0
20230410:0211,0.0,0.0,-4.61,1.31,0.0
20230410:0311,0.0,0.0,-4.65,1.38,0.0
20230410:0411,0.0,0.0,-4.74,1.45,0.0
20230410:0511,3.56,4.64,-4.95,1.52,0.0
20230410:0611,55.16,11.78,-5.24,1.59,0.0
20230410:0711,111.3,18.77,-4.16,1.45,0.0
20230410:0811,237.86,25.2,-3.54,1.52,0.0
20230410:0911,560.86,30.6,-2.6,1.66,0.0
20230410:1011,374.59,34.47,-1.71,1.72,0.0
20230410:1111,762.56,36.34,-0.74,1.79,0.0
20230410:1211,491.42,35.95,-0.29,1.72,0.0
20230410:1311,374.67,33.36,-0.27,1.66,0.0
20230410:1411,220.33,28.91,-0.09,1.72,0.0
20230410:1511,456.92,23.11,-0.08,1.66,0.0
20230410:1611,155.95,16.44,-0.66,1.72,0.0
20230410:1711,42.7,9.35,-1.5,1.72,0.0
20230410:1811,0.89,2.25,-2.16,1.66,0.0
20230410:1911,0.0,0.0,-2.87,1.72,0.0
20230410:2011,0.0,0.0,-3.04,1.66,0.0
20230410:2111,0.0,0.0,-3.2,1.72,0.0
20230410:2211,0.0,0.0,-3.29,1.86,0.0
20230410:2311,0.0,0.0,-3.38,1.86,0.0
20230411:0011,0.0,0.0,-3.35,1.93,0.0
20230411:0111,0.0,0.0,-3.43,1.93,0.0
20230411:0211,0.0,0.0,-3.4,1.93,0.0
20230411:0311,0.0,0.0,-3.49,2.0,0.0
20230411:0411,0.0,0.0,-3.68,2.0,0.0
20230411:0511,4.45,5.0,-3.68,2.0,0.0
20230411:0611,13.35,12.14,-3.62,2.07,0.0
20230411:0711,28.1,19.13,-2.77,2.0,0.0
20230411:0811,262.85,25.56,-2.0,2.07,0.0
20230411:0911,676.83,30.97,-0.9,2.14,0.0
20230411:1011,177.82,34.84,-0.36,2.07,0.0
20230411:1111,276.5,36.71,0.14,2.14,0.0
20230411:1211,178.88,36.31,-0.46,2.07,0.0
20230411:1311,392.26,33.7,0.66,1.93,0.0
20230411:1411,207.45,29.23,-0.1,1.72,0.0
20230411:1511,73.99,23.41,0.61,1.52,0.0
20230411:1611,27.16,16.73,-0.19,1.31,0.0
20230411:1711,56.94,9.64,-0.3,1.24,0.0
20230411:1811,1.78,2.54,-0.29,1.17,0.0
20230411:1911,0.0,0.0,-0.07,1.17,0.0
20230411:2011,0.0,0.0,-0.09,1.1,0.0
20230411:2111,0.0,0.0,-0.3,1.1,0.0
20230411:2211,0.0,0.0,-0.5,1.17,0.0
20230411:2311,0.0,0.0,-0.59,1.1,0.0
20230412:0011,0.0,0.0,-0.89,1.1,0.0
20230412:0111,0.0,0.0,-1.28,1.1,0.0
20230412:0211,0.0,0.0,-1.72,1.24,0.0
20230412:0311,0.0,0.0,-1.91,1.24,0.0
20230412:0411,0.0,0.0,-1.87,1.24,0.0
20230412:0511,17.79,5.35,-2.07,1.31,0.0
20230412:0611,79.18,12.49,-1.96,1.38,0.0
20230412:0711,207.98,19.49,-1.44,1.45,0.0
20230412:0811,616.51,25.93,-0.87,1.66,0.0
20230412:0911,833.99,31.34,0.28,2.41,0.0
20230412:1011,201.13,35.21,0.38,2.55,0.0
20230412:1111,890.72,37.08,0.68,2.28,0.0
20230412:1211,63.69,36.66,0.3,2.34,0.0
20230412:1311,901.69,34.03,0.98,2.83,0.0
20230412:1411,181.0,29.55,0.65,2.55,0.0
20230412:1511,111.45,23.71,0.51,1.79,0.0
20230412:1611,21.54,17.02,0.17,1.79,0.0
20230412:1711,11.57,9.93,-0.8,1.86,0.0
20230412:1811,1.78,2.83,-1.1,1.79,0.0
20230412:1911,0.0,0.0,-1.1,1.59,0.0
20230412:2011,0.0,0.0,-1.44,1.72,0.0
20230412:2111,0.0,0.0,-1.49,1.72,0.0
20230412:2211,0.0,0.0,-1.52,1.66,0.0
20230412:2311,0.0,0.0,-1.34,1.59,0.0
20230413:0011,0.0,0.0,-1.45,1.59,0.0
20230413:0111,0.0,0.0,-1.8,1.72,0.0
20230413:0211,0.0,0.0,-2.2,1.79,0.0
20230413:0311,0.0,0.0,-2.49,1.86,0.0
20230413:0411,0.0,0.0,-2.7,1.93,0.0
20230413:0511,5.34,5.7,-2.48,1.93,0.0
20230413:0611,14.23,12.84,-2.38,2.0,0.0
20230413:0711,26.22,19.84,-1.52,1.86,0.0
20230413:0811,36.53,26.29,-0.23,1.93,0.0
20230413:0911,44.02,31.71,0.82,1.93,0.0
20230413:1011,160.15,35.58,0.57,2.0,0.0
20230413:1111,424.51,37.44,1.58,2.07,0.0
20230413:1211,125.5,37.02,1.37,2.14,0.0
20230413:1311,920.94,34.37,1.23,2.21,0.0
20230413:1411,770.26,29.87,1.99,2.14,0.0
20230413:1511,47.77,24.01,1.3,1.79,0.0
20230413:1611,30.91,17.31,0.81,1.79,0.0
20230413:1711,10.68,10.21,0.27,1.66,0.0
20230413:1811,1.78,3.12,-0.2,1.59,0.0
20230413:1911,0.0,0.0,-0.5,1.66,0.0
20230413:2011,0.0,0.0,-0.74,1.72,0.0
20230413:2111,0.0,0.0,-1.07,1.66,0.0
20230413:2211,0.0,0.0,-1.27,1.79,0.0
20230413:2311,0.0,0.0,-1.74,1.86,0.0
20230414:0011,0.0,0.0,-2.17,1.79,0.0
20230414:0111,0.0,0.0,-2.76,1.79,0.0
20230414:0211,0.0,0.0,-2.91,1.72,0.0
20230414:0311,0.0,0.0,-2.67,1.79,0.0
20230414:0411,0.0,0.0,-2.37,1.86,0.0
20230414:0511,17.79,6.05,-1.79,1.79,0.0
20230414:0611,209.85,13.19,-1.17,1.79,0.0
20230414:0711,437.87,20.19,-0.27,1.59,0.0
20230414:0811,656.49,26.64,0.79,1.66,0.0
20230414:0911,841.49,32.07,0.56,1.66,0.0
20230414:1011,865.89,35.95,1.53,1.72,0.0
20230414:1111,1028.79,37.81,1.34,1.93,0.0
20230414:1211,929.92,37.37,1.32,1.93,0.0
20230414:1311,870.1,34.7,1.4,2.07,0.0
20230414:1411,777.13,30.18,1.16,1.52,0.0
20230414:1511,464.26,24.31,1.08,1.38,0.0
20230414:1611,253.34,17.6,1.12,1.17,0.0
20230414:1711,66.73,10.5,0.91,1.24,0.0
20230414:1811,2.67,3.41,0.81,1.1,0.0
20230414:1911,0.0,0.0,0.3,1.1,0.0
20230414:2011,0.0,0.0,-0.11,1.03,0.0
20230414:2111,0.0,0.0,-0.42,1.03,0.0
20230414:2211,0.0,0.0,-0.89,0.97,0.0
20230414:2311,0.0,0.0,-1.22,0.97,0.0
20230415:0011,0.0,0.0,-1.45,0.97,0.0
20230415:0111,0.0,0.0,-1.42,0.9,0.0
20230415:0211,0.0,0.0,-1.5,0.9,0.0
20230415:0311,0.0,0.0,-1.66,0.97,0.0
20230415:0411,0.0,0.0,-1.81,0.97,0.0
20230415:0511,9.79,6.4,-1.92,1.1,0.0
20230415:0611,45.89,13.54,-1.77,1.17,0.0
20230415:0711,195.47,20.54,-0.88,1.24,0.0
20230415:0811,651.33,27.0,-0.32,1.31,0.0
20230415:0911,829.04,32.43,-0.08,1.31,0.0
20230415:1011,870.71,36.32,0.3,1.24,0.0
20230415:1111,1017.84,38.17,0.32,1.17,0.0
20230415:1211,774.47,37.72,0.47,1.17,0.0
20230415:1311,734.73,35.04,0.45,1.1,0.0
20230415:1411,407.92,30.49,0.58,1.03,0.0
20230415:1511,118.94,24.61,0.37,0.9,0.0
20230415:1611,30.91,17.88,0.24,0.69,0.0
20230415:1711,11.57,10.78,0.09,0.62,0.0
20230415:1811,2.67,3.7,-0.06,0.55,0.0
20230415:1911,0.0,0.0,-0.48,0.62,0.0
20230415:2011,0.0,0.0,-0.45,0.55,0.0
20230415:2111,0.0,0.0,-0.58,0.48,0.0
20230415:2211,0.0,0.0,-0.73,0.55,0.0
20230415:2311,0.0,0.0,-0.96,0.55,0.0
20230416:0011,0.0,0.0,-1.26,0.62,0.0
20230416:0111,0.0,0.0,-1.38,0.62,0.0
20230416:0211,0.0,0.0,-1.61,0.62,0.0
20230416:0311,0.0,0.0,-2.12,0.69,0.0
20230416:0411,0.0,0.0,-2.34,0.83,0.0
20230416:0511,31.14,6.74,-2.61,0.9,0.0
20230416:0611,222.14,13.88,-1.85,0.83,0.0
20230416:0711,449.5,20.89,-1.26,0.76,0.0
20230416:0811,669.26,27.35,-0.35,0.62,0.0
20230416:0911,807.24,32.79,0.35,0.48,0.0
20230416:1011,848.42,36.68,1.4,0.48,0.0
20230416:1111,996.86,38.53,1.93,0.62,0.0
20230416:1211,691.57,38.07,2.51,0.62,0.0
20230416:1311,576.17,35.36,2.97,0.69,0.0
20230416:1411,786.19,30.8,3.32,0.69,0.0
20230416:1511,579.82,24.9,3.51,0.76,0.0
20230416:1611,357.9,18.17,3.5,0.69,0.0
20230416:1711,43.59,11.06,3.0,0.62,0.0
20230416:1811,18.68,3.98,2.24,0.76,0.0
20230416:1911,0.0,0.0,0.78,0.83,0.0
20230416:2011,0.0,0.0,-0.2,0.97,0.0
20230416:2111,0.0,0.0,-0.96,1.1,0.0
20230416:2211,0.0,0.0,-1.61,1.17,0.0
20230416:2311,0.0,0.0,-2.16,1.17,0.0
20230417:0011,0.0,0.0,-2.66,1.24,0.0
20230417:0111,0.0,0.0,-2.94,1.24,0.0
20230417:0211,0.0,0.0,-3.55,1.31,0.0
20230417:0311,0.0,0.0,-3.81,1.31,0.0
20230417:0411,0.0,0.0,-3.92,1.24,0.0
20230417:0511,39.15,7.08,-4.18,1.31,0.0
20230417:0611,229.75,14.22,-3.82,1.24,0.0
20230417:0711,441.22,21.23,-4.45,1.45,0.0
20230417:0811,535.3,27.7,-2.72,1.17,0.0
20230417:0911,713.61,33.14,-0.7,0.97,0.0
20230417:1011,651.36,37.03,0.49,0.9,0.0
20230417:1111,852.22,38.88,1.46,0.83,0.0
20230417:1211,506.34,38.41,2.3,0.9,0.0
20230417:1311,948.43,35.69,2.72,0.97,0.0
20230417:1411,741.48,31.11,3.17,0.97,0.0
20230417:1511,593.22,25.19,3.41,0.97,0.0
20230417:1611,365.54,18.45,3.83,0.9,0.0
20230417:1711,73.84,11.34,3.63,0.9,0.0
20230417:1811,3.56,4.26,2.99,1.03,0.0
20230417:1911,0.0,0.0,1.35,1.1,0.0
20230417:2011,0.0,0.0,0.38,1.24,0.0
20230417:2111,0.0,0.0,-0.35,1.38,0.0
20230417:2211,0.0,0.0,-0.82,1.38,0.0
20230417:2311,0.0,0.0,-1.08,1.45,0.0
20230418:0011,0.0,0.0,-1.33,1.45,0.0
20230418:0111,0.0,0.0,-1.69,1.45,0.0
20230418:0211,0.0,0.0,-1.84,1.38,0.0
20230418:0311,0.0,0.0,-2.18,1.38,0.0
20230418:0411,0.0,0.0,-2.46,1.38,0.0
20230418:0511,43.59,7.42,-2.67,1.38,0.0
20230418:0611,205.9,14.55,-2.49,1.31,0.0
20230418:0711,435.86,21.57,-0.98,1.1,0.0
20230418:0811,548.29,28.04,1.04,0.97,0.0
20230418:0911,711.96,33.49,2.54,0.9,0.0
20230418:1011,795.55,37.39,3.7,0.9,0.0
20230418:1111,856.32,39.24,4.81,0.9,0.0
20230418:1211,1007.84,38.75,5.3,0.9,0.0
20230418:1311,818.17,36.02,5.81,0.9,0.0
20230418:1411,748.21,31.41,5.99,0.97,0.0
20230418:1511,580.59,25.48,6.07,0.9,0.0
20230418:1611,361.93,18.73,5.81,0.9,0.0
20230418:1711,45.37,11.62,5.55,0.97,0.0
20230418:1811,18.68,4.55,4.99,1.03,0.0
20230418:1911,0.0,0.0,3.77,1.17,0.0
20230418:2011,0.0,0.0,2.81,1.31,0.0
20230418:2111,0.0,0.0,2.11,1.38,0.0
20230418:2211,0.0,0.0,1.57,1.45,0.0
20230418:2311,0.0,0.0,1.25,1.45,0.0
20230419:0011,0.0,0.0,0.98,1.38,0.0
20230419:0111,0.0,0.0,0.74,1.38,0.0
20230419:0211,0.0,0.0,0.56,1.38,0.0
20230419:0311,0.0,0.0,0.36,1.38,0.0
20230419:0411,0.0,0.0,0.19,1.38,0.0
20230419:0511,41.81,7.75,-0.06,1.38,0.0
20230419:0611,230.57,14.88,-0.02,1.31,0.0
20230419:0711,446.69,21.9,0.47,1.1,0.0
20230419:0811,582.97,28.38,2.93,0.97,0.0
20230419:0911,828.31,33.84,4.96,0.76,0.0
20230419:1011,983.28,37.74,6.05,0.69,0.0
20230419:1111,1030.13,39.59,6.77,0.76,0.0
20230419:1211,902.47,39.09,7.26,0.9,0.0
20230419:1311,886.9,36.34,7.62,0.97,0.0
20230419:1411,728.47,31.72,7.67,0.97,0.0
20230419:1511,567.41,25.77,7.47,0.97,0.0
20230419:1611,329.09,19.01,7.0,1.03,0.0
20230419:1711,46.26,11.9,6.62,1.1,0.0
20230419:1811,24.91,4.82,6.0,1.17,0.0
20230419:1911,0.0,0.0,4.69,1.24,0.0
20230419:2011,0.0,0.0,3.6,1.38,0.0
20230419:2111,0.0,0.0,2.82,1.45,0.0
20230419:2211,0.0,0.0,2.3,1.45,0.0
20230419:2311,0.0,0.0,1.92,1.45,0.0
20230420:0011,0.0,0.0,1.55,1.45,0.0
20230420:0111,0.0,0.0,1.24,1.45,0.0
20230420:0211,0.0,0.0,0.83,1.38,0.0
20230420:0311,0.0,0.0,0.45,1.38,0.0
20230420:0411,0.0,0.0,0.04,1.38,0.0
20230420:0511,32.92,8.08,-0.27,1.38,0.0
20230420:0611,243.1,15.21,-0.18,1.31,0.0
20230420:0711,473.49,22.23,0.16,1.03,0.0
20230420:0811,693.13,28.72,2.95,0.83,0.0
20230420:0911,875.86,34.18,4.83,0.55,0.0
20230420:1011,1002.84,38.09,5.81,0.41,0.0
20230420:1111,941.91,39.93,6.44,0.34,0.0
20230420:1211,1015.84,39.43,6.87,0.28,0.0
20230420:1311,899.34,36.65,7.12,0.34,0.0
20230420:1411,692.78,32.02,7.19,0.48,0.0
20230420:1511,566.99,26.05,6.98,0.62,0.0
20230420:1611,373.69,19.29,6.38,0.69,0.0
20230420:1711,45.37,12.17,5.8,0.83,0.0
20230420:1811,26.69,5.1,5.03,0.97,0.0
20230420:1911,0.0,0.0,3.34,1.17,0.0
20230420:2011,0.0,0.0,2.08,1.31,0.0
20230420:2111,0.0,0.0,1.1,1.38,0.0
20230420:2211,0.0,0.0,0.3,1.45,0.0
20230420:2311,0.0,0.0,-0.49,1.45,0.0
20230421:0011,0.0,0.0,-0.81,1.45,0.0
20230421:0111,0.0,0.0,-0.85,1.45,0.0
20230421:0211,0.0,0.0,-0.96,1.45,0.0
20230421:0311,0.0,0.0,-1.06,1.45,0.0
20230421:0411,0.0,0.0,-1.29,1.45,0.0
20230421:0511,33.81,8.4,-1.45,1.45,0.0
20230421:0611,246.54,15.54,-1.13,1.38,0.0
20230421:0711,475.19,22.56,0.24,1.1,0.0
20230421:0811,694.31,29.05,2.92,0.9,0.0
20230421:0911,876.53,34.52,4.55,0.76,0.0
20230421:1011,869.17,38.44,5.87,0.76,0.0
20230421:1111,980.72,40.28,6.57,0.69,0.0
20230421:1211,1006.41,39.76,7.05,0.69,0.0
20230421:1311,821.41,36.97,7.41,0.69,0.0
20230421:1411,802.27,32.31,7.52,0.69,0.0
20230421:1511,601.63,26.34,7.3,0.69,0.0
20230421:1611,375.2,19.56,6.63,0.76,0.0
20230421:1711,46.26,12.44,6.07,0.83,0.0
20230421:1811,24.02,5.38,5.32,0.97,0.0
20230421:1911,0.0,0.0,6.58,0.62,0.0
20230421:2011,0.0,0.0,4.78,0.9,0.0
20230421:2111,0.0,0.0,3.38,1.1,0.0
20230421:2211,0.0,0.0,2.5,1.24,0.0
20230421:2311,0.0,0.0,1.91,1.24,0.0
20230422:0011,0.0,0.0,1.49,1.24,0.0
20230422:0111,0.0,0.0,1.05,1.17,0.0
20230422:0211,0.0,0.0,0.88,1.1,0.0
20230422:0311,0.0,0.0,0.73,1.1,0.0
20230422:0411,0.89,1.86,0.5,1.03,0.0
20230422:0511,51.06,8.72,0.52,1.03,0.0
20230422:0611,249.98,15.86,0.96,0.9,0.0
20230422:0711,478.22,22.88,0.68,0.76,0.0
20230422:0811,695.55,29.38,2.91,0.41,0.0
20230422:0911,876.11,34.86,3.88,0.41,0.0
20230422:1011,862.79,38.78,4.48,0.48,0.0
20230422:1111,978.93,40.62,4.98,0.48,0.0
20230422:1211,861.14,40.09,5.41,0.62,0.0
20230422:1311,868.12,37.28,5.43,0.83,0.0
20230422:1411,764.93,32.61,5.47,0.97,0.0
20230422:1511,601.52,26.62,5.86,0.9,0.0
20230422:1611,375.64,19.83,5.85,0.9,0.0
20230422:1711,48.04,12.71,5.43,1.03,0.0
20230422:1811,5.34,5.65,4.97,1.1,0.0
20230422:1911,0.0,0.0,3.08,1.24,0.0
20230422:2011,0.0,0.0,2.64,1.38,0.0
20230422:2111,0.0,0.0,1.79,1.45,0.0
20230422:2211,0.0,0.0,1.12,1.52,0.0
20230422:2311,0.0,0.0,0.54,1.59,0.0
20230423:0011,0.0,0.0,0.23,1.59,0.0
20230423:0111,0.0,0.0,0.03,1.59,0.0
20230423:0211,0.0,0.0,-0.16,1.66,0.0
20230423:0311,0.0,0.0,-0.39,1.59,0.0
20230423:0411,0.89,2.18,-0.55,1.52,0.0
20230423:0511,9.37,9.04,-0.42,1.38,0.0
20230423:0611,42.15,16.17,0.07,1.31,0.0
20230423:0711,237.49,23.2,0.43,1.31,0.0
20230423:0811,86.16,29.7,0.25,1.38,0.0
20230423:0911,407.01,35.19,0.4,1.45,0.0
20230423:1011,595.3,39.11,0.81,1.45,0.0
20230423:1111,115.2,40.95,1.17,1.17,0.0
20230423:1211,68.37,40.42,1.47,0.97,0.0
20230423:1311,59.94,37.59,1.62,0.69,0.0
20230423:1411,49.64,32.9,1.71,0.62,0.0
20230423:1511,321.68,26.89,1.45,0.62,0.0
20230423:1611,257.07,20.1,1.22,0.69,0.0
20230423:1711,14.23,12.98,1.1,0.62,0.0
20230423:1811,29.36,5.92,1.02,0.48,0.0
20230423:1911,0.0,0.0,1.03,0.28,0.0
20230423:2011,0.0,0.0,0.65,0.34,0.0
20230423:2111,0.0,0.0,0.2,0.41,0.0
20230423:2211,0.0,0.0,0.05,0.34,0.0
20230423:2311,0.0,0.0,-0.2,0.62,0.0
20230424:0011,0.0,0.0,-0.58,0.69,0.0
20230424:0111,0.0,0.0,-0.81,0.76,0.0
20230424:0211,0.0,0.0,-1.13,0.76,0.0
20230424:0311,0.0,0.0,-1.42,0.83,0.0
20230424:0411,1.78,2.5,-1.5,0.83,0.0
20230424:0511,33.72,9.35,-1.42,0.9,0.0
20230424:0611,57.13,16.48,-0.84,1.24,0.0
20230424:0711,131.9,23.51,-0.94,1.59,0.0
20230424:0811,393.59,30.02,-0.96,1.66,0.0
20230424:0911,119.88,35.52,-0.91,1.79,0.0
20230424:1011,869.27,39.45,-0.81,1.79,0.0
20230424:1111,808.34,41.28,-0.7,1.79,0.0
20230424:1211,896.12,40.74,-0.66,1.79,0.0
20230424:1311,440.03,37.9,-0.51,1.79,0.0
20230424:1411,395.48,33.19,-0.59,1.72,0.0
20230424:1511,198.21,27.17,-0.52,1.72,0.0
20230424:1611,237.67,20.37,-0.47,1.66,0.0
20230424:1711,48.93,13.24,-0.59,1.45,0.0
20230424:1811,27.58,6.19,-1.01,1.24,0.0
20230424:1911,0.0,0.0,-2.18,1.31,0.0
20230424:2011,0.0,0.0,-2.9,1.31,0.0
20230424:2111,0.0,0.0,-3.2,1.38,0.0
20230424:2211,0.0,0.0,-3.31,1.45,0.0
20230424:2311,0.0,0.0,-3.64,1.45,0.0
20230425:0011,0.0,0.0,-4.11,1.45,0.0
20230425:0111,0.0,0.0,-4.58,1.45,0.0
20230425:0211,0.0,0.0,-4.72,1.38,0.0
20230425:0311,0.0,0.0,-4.88,1.31,0.0
20230425:0411,1.78,2.81,-5.05,1.31,0.0
20230425:0511,35.59,9.66,-4.29,1.38,0.0
20230425:0611,265.06,16.79,-3.75,1.52,0.0
20230425:0711,495.16,23.83,-3.39,1.72,0.0
20230425:0811,704.91,30.34,-2.84,1.93,0.0
20230425:0911,620.76,35.84,-2.24,1.93,0.0
20230425:1011,509.41,39.78,-1.75,1.86,0.0
20230425:1111,689.93,41.61,-1.46,1.93,0.0
20230425:1211,651.51,41.06,-1.22,2.0,0.0
20230425:1311,509.37,38.2,-1.19,2.0,0.0
20230425:1411,398.83,33.48,-1.31,1.93,0.0
20230425:1511,435.32,27.44,-1.47,1.79,0.0
20230425:1611,289.95,20.63,-1.83,1.66,0.0
20230425:1711,64.06,13.51,-2.13,1.52,0.0
20230425:1811,36.48,6.46,-2.67,1.24,0.0
20230425:1911,0.0,0.0,-3.95,0.97,0.0
20230425:2011,0.0,0.0,-4.37,0.97,0.0
20230425:2111,0.0,0.0,-4.81,1.03,0.0
20230425:2211,0.0,0.0,-5.23,1.03,0.0
20230425:2311,0.0,0.0,-5.55,1.03,0.0
20230426:0011,0.0,0.0,-5.81,1.03,0.0
20230426:0111,0.0,0.0,-6.08,1.03,0.0
20230426:0211,0.0,0.0,-6.33,0.97,0.0
20230426:0311,0.0,0.0,-6.37,0.97,0.0
20230426:0411,1.78,3.12,-5.8,1.03,0.0
20230426:0511,69.55,9.97,-5.91,1.31,0.0
20230426:0611,229.69,17.1,-5.79,1.38,0.0
20230426:0711,401.91,24.13,-5.07,1.38,0.0
20230426:0811,647.99,30.65,-4.72,1.52,0.0
20230426:0911,760.37,36.16,-4.21,1.59,0.0
20230426:1011,871.63,40.1,-3.94,1.66,0.0
20230426:1111,667.7,41.94,-3.5,1.72,0.0
20230426:1211,831.94,41.37,-3.44,1.66,0.0
20230426:1311,842.7,38.5,-3.08,1.59,0.0
20230426:1411,628.44,33.76,-2.92,1.59,0.0
20230426:1511,476.3,27.71,-2.96,1.59,0.0
20230426:1611,227.41,20.9,-3.29,1.52,0.0
20230426:1711,51.6,13.77,-3.64,1.38,0.0
20230426:1811,33.81,6.72,-4.06,1.24,0.0
20230426:1911,0.0,0.0,-5.03,1.24,0.0
20230426:2011,0.0,0.0,-5.45,1.17,0.0
20230426:2111,0.0,0.0,-5.46,1.24,0.0
20230426:2211,0.0,0.0,-5.57,1.1,0.0
20230426:2311,0.0,0.0,-5.67,1.31,0.0
20230427:0011,0.0,0.0,-5.73,1.17,0.0
20230427:0111,0.0,0.0,-5.79,1.45,0.0
20230427:0211,0.0,0.0,-5.73,1.59,0.0
20230427:0311,0.0,0.0,-5.62,1.52,0.0
20230427:0411,8.01,3.42,-5.95,1.31,0.0
20230427:0511,71.73,10.27,-5.94,1.72,0.0
20230427:0611,275.63,17.39,-5.68,1.66,0.0
20230427:0711,506.52,24.43,-5.33,1.72,0.0
20230427:0811,374.73,30.96,-4.98,1.72,0.0
20230427:0911,858.37,36.48,-4.37,1.86,0.0
20230427:1011,270.36,40.43,-3.84,2.0,0.0
20230427:1111,464.96,42.26,-3.59,2.0,0.0
20230427:1211,878.85,41.69,-3.45,1.93,0.0
20230427:1311,725.32,38.8,-3.21,1.86,0.0
20230427:1411,692.75,34.04,-3.27,1.79,0.0
20230427:1511,624.3,27.98,-2.96,1.52,0.0
20230427:1611,395.53,21.16,-3.08,1.38,0.0
20230427:1711,49.82,14.03,-3.32,1.31,0.0
20230427:1811,6.23,6.99,-4.3,0.9,0.0
20230427:1911,0.0,0.0,-4.74,0.83,0.0
20230427:2011,0.0,0.0,-5.07,0.62,0.0
20230427:2111,0.0,0.0,-5.53,0.48,0.0
20230427:2211,0.0,0.0,-6.03,0.41,0.0
20230427:2311,0.0,0.0,-6.49,0.41,0.0
20230428:0011,0.0,0.0,-6.87,0.48,0.0
20230428:0111,0.0,0.0,-7.11,0.62,0.0
20230428:0211,0.0,0.0,-7.52,0.76,0.0
20230428:0311,0.0,0.0,-8.77,1.03,0.0
20230428:0411,3.56,3.72,-9.0,1.17,0.0
20230428:0511,75.78,10.56,-9.25,1.24,0.0
20230428:0611,242.31,17.69,-8.93,1.17,0.0
20230428:0711,420.15,24.73,-7.55,0.97,0.0
20230428:0811,464.91,31.26,-6.26,0.9,0.0
20230428:0911,660.49,36.79,-4.83,0.62,0.0
20230428:1011,552.18,40.74,-3.72,0.48,0.0
20230428:1111,711.95,42.58,-2.97,0.62,0.0
20230428:1211,1073.46,42.0,-2.53,0.76,0.0
20230428:1311,982.69,39.09,-2.07,0.83,0.0
20230428:1411,829.98,34.32,-1.86,0.9,0.0
20230428:1511,628.35,28.25,-1.75,1.03,0.0
20230428:1611,310.23,21.41,-2.0,1.03,0.0
20230428:1711,72.06,14.28,-2.41,0.9,0.0
20230428:1811,29.36,7.25,-2.73,0.69,0.0
20230428:1911,0.0,0.0,-2.81,0.55,0.0
20230428:2011,0.0,0.0,-3.13,0.48,0.0
20230428:2111,0.0,0.0,-3.39,0.76,0.0
20230428:2211,0.0,0.0,-3.86,0.83,0.0
20230428:2311,0.0,0.0,-4.35,0.97,0.0
20230429:0011,0.0,0.0,-4.54,1.03,0.0
20230429:0111,0.0,0.0,-4.54,1.1,0.0
20230429:0211,0.0,0.0,-4.55,1.03,0.0
20230429:0311,0.0,0.0,-4.64,0.97,0.0
20230429:0411,2.67,4.02,-4.75,0.83,0.0
20230429:0511,42.15,10.85,-4.39,0.41,0.0
20230429:0611,23.41,17.98,-4.31,0.55,0.0
20230429:0711,510.37,25.02,-4.0,1.59,0.0
20230429:0811,155.47,31.56,-3.57,1.59,0.0
20230429:0911,778.36,37.1,-3.01,1.72,0.0
20230429:1011,452.34,41.06,-2.75,1.79,0.0
20230429:1111,330.43,42.89,-2.58,1.79,0.0
20230429:1211,747.01,42.3,-2.41,1.79,0.0
20230429:1311,150.79,39.39,-2.42,1.72,0.0
20230429:1411,332.77,34.6,-2.58,1.86,0.0
20230429:1511,593.1,28.51,-3.0,1.93,0.0
20230429:1611,36.53,21.67,-3.68,1.86,0.0
20230429:1711,16.9,14.54,-4.34,1.72,0.0
20230429:1811,7.12,7.51,-4.84,1.66,0.0
20230429:1911,0.0,0.0,-5.77,1.38,0.0
20230429:2011,0.0,0.0,-6.02,1.66,0.0
20230429:2111,0.0,0.0,-6.29,1.59,0.0
20230429:2211,0.0,0.0,-5.71,1.45,0.0
20230429:2311,0.0,0.0,-5.8,1.52,0.0
20230430:0011,0.0,0.0,-6.11,1.86,0.0
20230430:0111,0.0,0.0,-6.15,1.66,0.0
20230430:0211,0.0,0.0,-6.3,1.66,0.0
20230430:0311,0.0,0.0,-6.72,1.45,0.0
20230430:0411,3.56,4.31,-6.85,1.45,0.0
20230430:0511,84.73,11.14,-6.36,1.79,0.0
20230430:0611,285.71,18.26,-5.72,2.0,0.0
20230430:0711,515.94,25.31,-5.33,2.28,0.0
20230430:0811,732.58,31.86,-4.7,2.69,0.0
20230430:0911,910.96,37.4,-4.11,2.83,0.0
20230430:1011,58.07,41.36,-3.56,3.1,0.0
20230430:1111,87.1,43.2,-3.38,3.17,0.0
20230430:1211,475.78,42.6,-3.01,2.97,0.0
20230430:1311,466.5,39.67,-2.88,3.03,0.0
20230430:1411,829.55,34.87,-2.83,2.97,0.0
20230430:1511,628.7,28.77,-2.93,2.83,0.0
20230430:1611,403.05,21.92,-3.2,2.34,0.0
20230430:1711,51.6,14.79,-3.49,1.93,0.0
20230430:1811,45.37,7.76,-4.43,1.38,0.0
20230430:1911,0.0,0.0,-4.88,1.52,0.0
20230430:2011,0.0,0.0,-5.2,1.31,0.0
20230430:2111,0.0,0.0,-5.36,1.24,0.0
20230430:2211,0.0,0.0,-4.78,0.97,0.0
20230430:2311,0.0,0.0,-4.9,0.69,0.0
20230501:0011,0.0,0.0,-4.77,0.62,0.0
20230501:0111,0.0,0.0,-4.8,0.69,0.0
20230501:0211,0.0,0.0,-4.78,0.55,0.0
20230501:0311,0.0,0.0,-4.73,0.41,0.0
20230501:0411,3.56,4.59,-4.66,0.34,0.0
20230501:0511,13.11,11.42,-4.45,0.41,0.0
20230501:0611,193.85,18.55,-3.99,0.28,0.0
20230501:0711,517.14,25.59,-3.68,0.34,0.0
20230501:0811,645.24,32.15,-3.28,0.07,0.0
20230501:0911,432.75,37.7,-2.42,0.34,0.0
20230501:1011,566.42,41.67,-1.93,0.83,0.0
20230501:1111,1034.76,43.51,-1.33,1.03,0.0
20230501:1211,749.56,42.9,-0.86,1.31,0.0
20230501:1311,696.01,39.96,-1.04,1.45,0.0
20230501:1411,331.24,35.14,-0.73,1.52,0.0
20230501:1511,628.28,29.02,-1.15,1.66,0.0
20230501:1611,377.9,22.17,-1.81,1.52,0.0
20230501:1711,48.93,15.04,-2.69,1.24,0.0
20230501:1811,42.7,8.01,-2.69,1.03,0.0
20230501:1911,0.0,0.0,-3.7,0.97,0.0
20230501:2011,0.0,0.0,-4.08,0.9,0.0
20230501:2111,0.0,0.0,-4.5,0.9,0.0
20230501:2211,0.0,0.0,-4.98,0.9,0.0
20230501:2311,0.0,0.0,-5.17,0.83,0.0
20230502:0011,0.0,0.0,-5.13,1.03,0.0
20230502:0111,0.0,0.0,-5.92,1.31,0.0
20230502:0211,0.0,0.0,-5.76,1.31,0.0
20230502:0311,0.0,0.0,-5.5,1.31,0.0
20230502:0411,4.45,4.88,-5.6,1.45,0.0
20230502:0511,16.86,11.7,-5.31,1.52,0.0
20230502:0611,132.25,18.82,-4.82,1.45,0.0
20230502:0711,0.0,0.0,-3.56,1.79,0.0
20230502:0811,517.12,32.43,-2.99,1.86,0.0
20230502:0911,604.25,37.99,-2.44,1.86,0.0
20230502:1011,575.15,41.97,-1.89,1.93,0.0
20230502:1111,472.83,43.81,-1.59,1.72,0.0
20230502:1211,345.18,43.19,-1.23,1.66,0.0
20230502:1311,745.14,40.24,-1.11,1.79,0.0
20230502:1411,552.59,35.4,-1.0,1.72,0.0
20230502:1511,187.07,29.28,-0.88,1.38,0.0
20230502:1611,121.01,22.42,-1.32,1.52,0.0
20230502:1711,120.48,15.28,-1.84,1.38,0.0
20230502:1811,32.03,8.26,-1.59,0.97,0.0
20230502:1911,0.89,1.72,-1.78,0.97,0.0
20230502:2011,0.0,0.0,-2.07,0.97,0.0
20230502:2111,0.0,0.0,-2.24,0.83,0.0
20230502:2211,0.0,0.0,-2.6,0.69,0.0
20230502:2311,0.0,0.0,-3.08,0.69,0.0
20230503:0011,0.0,0.0,-3.34,0.62,0.0
20230503:0111,0.0,0.0,-3.27,0.62,0.0
20230503:0211,0.0,0.0,-3.37,0.83,0.0
20230503:0311,0.0,0.0,-3.54,0.76,0.0
20230503:0411,4.45,5.15,-3.89,0.62,0.0
20230503:0511,85.3,11.97,-3.99,0.69,0.0
20230503:0611,214.0,19.09,-3.86,0.76,0.0
20230503:0711,525.99,26.15,-3.87,1.17,0.0
20230503:0811,489.49,32.71,-3.19,1.17,0.0
20230503:0911,917.75,38.28,-2.66,1.1,0.0
20230503:1011,618.3,42.26,-1.66,1.24,0.0
20230503:1111,888.35,44.1,-1.17,1.31,0.0
20230503:1211,125.5,43.48,-0.95,1.38,0.0
20230503:1311,415.78,40.51,-0.85,1.38,0.0
20230503:1411,450.38,35.66,-0.98,1.31,0.0
20230503:1511,635.49,29.53,-1.37,1.38,0.0
20230503:1611,363.64,22.66,-1.66,1.17,0.0
20230503:1711,184.97,15.53,-0.9,0.97,0.0
20230503:1811,32.03,8.51,-1.22,0.69,0.0
20230503:1911,0.89,1.97,-1.83,0.62,0.0
20230503:2011,0.0,0.0,-2.69,0.76,0.0
20230503:2111,0.0,0.0,-3.58,0.97,0.0
20230503:2211,0.0,0.0,-4.34,1.17,0.0
20230503:2311,0.0,0.0,-4.9,1.24,0.0
20230504:0011,0.0,0.0,-5.37,1.31,0.0
20230504:0111,0.0,0.0,-5.85,1.38,0.0
20230504:0211,0.0,0.0,-6.2,1.45,0.0
20230504:0311,0.0,0.0,-6.63,1.38,0.0
20230504:0411,4.45,5.42,-6.85,1.45,0.0
20230504:0511,42.15,12.24,-6.6,1.38,0.0
20230504:0611,305.06,19.36,-5.7,1.31,0.0
20230504:0711,537.54,26.41,-4.47,1.17,0.0
20230504:0811,756.26,32.98,-3.74,1.1,0.0
20230504:0911,934.74,38.56,-2.81,0.97,0.0
20230504:1011,1056.22,42.55,-2.52,0.97,0.0
20230504:1111,1111.34,44.4,-1.33,0.9,0.0
20230504:1211,1015.03,43.77,-1.17,0.9,0.0
20230504:1311,952.48,40.79,-0.74,0.9,0.0
20230504:1411,667.87,35.92,-0.29,0.9,0.0
20230504:1511,648.61,29.78,0.51,0.69,0.0
20230504:1611,419.28,22.91,0.82,0.69,0.0
20230504:1711,190.87,15.77,0.9,0.76,0.0
20230504:1811,32.03,8.76,0.41,0.76,0.0
20230504:1911,0.89,2.23,-1.23,0.83,0.0
20230504:2011,0.0,0.0,-2.0,0.9,0.0
20230504:2111,0.0,0.0,-2.8,1.03,0.0
20230504:2211,0.0,0.0,-3.49,1.17,0.0
20230504:2311,0.0,0.0,-4.06,1.17,0.0
20230505:0011,0.0,0.0,-4.5,1.17,0.0
20230505:0111,0.0,0.0,-4.68,1.17,0.0
20230505:0211,0.0,0.0,-5.12,1.24,0.0
20230505:0311,0.0,0.0,-5.5,1.24,0.0
20230505:0411,24.02,5.69,-5.73,1.24,0.0
20230505:0511,92.03,12.5,-5.3,1.24,0.0
20230505:0611,309.14,19.62,-4.04,1.1,0.0
20230505:0711,543.08,26.68,-3.54,1.1,0.0
20230505:0811,760.71,33.25,-2.8,1.03,0.0
20230505:0911,940.54,38.84,-2.13,1.03,0.0
20230505:1011,1061.92,42.84,-1.72,1.03,0.0
20230505:1111,811.61,44.69,-1.44,1.03,0.0
20230505:1211,1028.3,44.05,-0.85,1.03,0.0
20230505:1311,1006.94,41.06,-0.5,1.1,0.0
20230505:1411,854.39,36.18,0.13,1.1,0.0
20230505:1511,652.81,30.02,0.76,0.97,0.0
20230505:1611,423.32,23.14,1.02,0.97,0.0
20230505:1711,194.45,16.01,1.07,0.9,0.0
20230505:1811,32.92,9.0,0.81,0.83,0.0
20230505:1911,1.78,2.48,0.01,0.83,0.0
20230505:2011,0.0,0.0,-0.88,1.03,0.0
20230505:2111,0.0,0.0,-1.7,1.17,0.0
20230505:2211,0.0,0.0,-2.38,1.17,0.0
20230505:2311,0.0,0.0,-2.95,1.24,0.0
20230506:0011,0.0,0.0,-3.44,1.24,0.0
20230506:0111,0.0,0.0,-3.83,1.24,0.0
20230506:0211,0.0,0.0,-4.15,1.31,0.0
20230506:0311,0.0,0.0,-4.4,1.31,0.0
20230506:0411,5.34,5.95,-4.62,1.31,0.0
20230506:0511,94.12,12.76,-4.21,1.24,0.0
20230506:0611,292.39,19.87,-2.91,1.1,0.0
20230506:0711,410.39,26.93,-1.43,1.03,0.0
20230506:0811,536.39,33.52,-0.64,1.1,0.0
20230506:0911,794.17,39.11,-0.08,1.1,0.0
20230506:1011,949.25,43.12,0.39,1.1,0.0
20230506:1111,1108.38,44.97,0.67,1.03,0.0
20230506:1211,750.21,44.33,1.05,1.03,0.0
20230506:1311,999.98,41.32,1.63,0.97,0.0
20230506:1411,679.91,36.43,2.17,0.97,0.0
20230506:1511,537.41,30.26,2.48,0.9,0.0
20230506:1611,352.51,23.38,2.68,0.83,0.0
20230506:1711,174.68,16.24,2.69,0.76,0.0
20230506:1811,56.94,9.24,2.32,0.62,0.0
20230506:1911,1.78,2.72,1.53,0.55,0.0
20230506:2011,0.0,0.0,0.66,0.76,0.0
20230506:2111,0.0,0.0,-0.29,0.97,0.0
20230506:2211,0.0,0.0,-1.11,1.03,0.0
20230506:2311,0.0,0.0,-1.8,1.17,0.0
20230507:0011,0.0,0.0,-2.31,1.24,0.0
20230507:0111,0.0,0.0,-2.74,1.31,0.0
20230507:0211,0.0,0.0,-3.01,1.31,0.0
20230507:0311,0.0,0.0,-3.21,1.38,0.0
20230507:0411,5.34,6.21,-3.31,1.31,0.0
20230507:0511,96.86,13.01,-2.79,1.24,0.0
20230507:0611,275.96,20.12,-0.85,1.03,0.0
20230507:0711,503.51,27.19,0.5,0.9,0.0
20230507:0811,609.46,33.78,1.59,0.76,0.0
20230507:0911,875.5,39.38,2.39,0.76,0.0
20230507:1011,896.53,43.4,3.02,0.76,0.0
20230507:1111,1089.11,45.25,3.55,0.83,0.0
20230507:1211,1077.39,44.6,4.02,0.9,0.0
20230507:1311,888.72,41.58,4.37,0.9,0.0
20230507:1411,842.75,36.68,4.64,0.9,0.0
20230507:1511,645.14,30.5,4.89,0.9,0.0
20230507:1611,420.01,23.61,5.02,0.9,0.0
20230507:1711,195.67,16.47,4.85,0.83,0.0
20230507:1811,35.59,9.48,4.4,0.83,0.0
20230507:1911,2.67,2.97,3.21,0.9,0.0
20230507:2011,0.0,0.0,2.11,1.03,0.0
20230507:2111,0.0,0.0,1.08,1.1,0.0
20230507:2211,0.0,0.0,0.26,1.24,0.0
20230507:2311,0.0,0.0,-0.49,1.31,0.0
20230508:0011,0.0,0.0,-1.01,1.31,0.0
20230508:0111,0.0,0.0,-1.3,1.38,0.0
20230508:0211,0.0,0.0,-1.59,1.38,0.0
20230508:0311,0.0,0.0,-1.66,1.38,0.0
20230508:0411,6.23,6.46,-1.77,1.38,0.0
20230508:0511,49.64,13.25,-1.41,1.31,0.0
20230508:0611,241.96,20.37,0.46,1.1,0.0
20230508:0711,424.85,27.43,0.96,1.03,0.0
20230508:0811,494.87,34.03,1.96,1.1,0.0
20230508:0911,506.66,39.64,2.34,1.17,0.0
20230508:1011,303.32,43.67,3.59,1.24,0.0
20230508:1111,616.13,45.52,3.58,1.31,0.0
20230508:1211,666.29,44.87,4.73,1.38,0.0
20230508:1311,286.78,41.84,4.3,1.38,0.0
20230508:1411,50.57,36.92,5.11,1.24,0.0
20230508:1511,149.85,30.74,4.86,1.24,0.0
20230508:1611,339.59,23.84,4.91,1.1,0.0
20230508:1711,123.92,16.7,4.58,1.03,0.0
20230508:1811,11.57,9.71,4.38,1.03,0.0
20230508:1911,1.78,3.21,3.54,1.1,0.0
20230508:2011,0.0,0.0,3.2,1.17,0.0
20230508:2111,0.0,0.0,2.81,1.24,0.0
20230508:2211,0.0,0.0,2.45,1.31,0.0
20230508:2311,0.0,0.0,2.0,1.38,0.0
20230509:0011,0.0,0.0,1.52,1.38,0.0
20230509:0111,0.0,0.0,1.32,1.38,0.0
20230509:0211,0.0,0.0,1.29,1.38,0.0
20230509:0311,0.0,0.0,1.07,1.38,0.0
20230509:0411,8.9,6.7,0.8,1.38,0.0
20230509:0511,15.92,13.49,0.91,1.31,0.0
20230509:0611,44.02,20.61,1.23,1.17,0.0
20230509:0711,112.39,27.68,1.2,1.31,0.0
20230509:0811,335.32,34.28,1.53,1.45,0.0
20230509:0911,389.54,39.9,1.97,1.52,0.0
20230509:1011,931.08,43.93,2.75,1.59,0.0
20230509:1111,850.98,45.79,2.33,1.59,0.0
20230509:1211,691.2,45.14,2.24,1.72,0.0
20230509:1311,700.28,42.09,3.14,1.72,0.0
20230509:1411,243.87,37.17,2.05,1.72,0.0
20230509:1511,368.51,30.97,1.84,1.72,0.0
20230509:1611,345.12,24.07,1.59,1.59,0.0
20230509:1711,36.53,16.93,1.31,1.66,0.0
20230509:1811,9.79,9.94,1.33,1.59,0.0
20230509:1911,2.67,3.44,1.21,1.38,0.0
20230509:2011,0.0,0.0,1.16,1.38,0.0
20230509:2111,0.0,0.0,1.24,1.38,0.0
20230509:2211,0.0,0.0,1.38,1.31,0.0
20230509:2311,0.0,0.0,1.46,1.31,0.0
20230510:0011,0.0,0.0,1.53,1.31,0.0
20230510:0111,0.0,0.0,1.5,1.31,0.0
20230510:0211,0.0,0.0,1.58,1.38,0.0
20230510:0311,0.0,0.0,1.55,1.38,0.0
20230510:0411,7.12,6.94,1.45,1.38,0.0
20230510:0511,15.92,13.73,1.5,1.38,0.0
20230510:0611,45.89,20.84,1.58,1.31,0.0
20230510:0711,132.06,27.91,1.61,1.24,0.0
20230510:0811,510.68,34.52,1.81,1.24,0.0
20230510:0911,847.23,40.15,2.07,1.38,0.0
20230510:1011,848.01,44.19,2.16,1.38,0.0
20230510:1111,910.81,46.05,2.29,1.38,0.0
20230510:1211,512.48,45.4,2.65,1.38,0.0
20230510:1311,459.72,42.34,3.01,1.45,0.0
20230510:1411,253.26,37.4,3.48,1.24,0.0
20230510:1511,112.39,31.2,4.16,1.1,0.0
20230510:1611,100.21,24.29,4.67,0.97,0.0
20230510:1711,66.5,17.15,4.77,1.03,0.0
20230510:1811,11.57,10.17,4.87,1.03,0.0
20230510:1911,2.67,3.68,5.24,0.97,0.0
20230510:2011,0.0,0.0,5.06,1.03,0.0
20230510:2111,0.0,0.0,4.75,1.17,0.0
20230510:2211,0.0,0.0,4.36,1.24,0.0
20230510:2311,0.0,0.0,4.19,1.24,0.0
20230511:0011,0.0,0.0,4.09,1.24,0.0
20230511:0111,0.0,0.0,3.89,1.17,0.0
20230511:0211,0.0,0.0,3.71,1.1,0.0
20230511:0311,0.0,0.0,3.58,1.1,0.0
20230511:0411,31.14,7.18,3.27,1.1,0.0
20230511:0511,29.97,13.96,2.68,1.1,0.0
20230511:0611,55.26,21.07,2.55,1.1,0.0
20230511:0711,155.05,28.14,2.4,1.03,0.0
20230511:0811,738.79,34.76,2.84,1.03,0.0
20230511:0911,907.64,40.4,3.29,0.97,0.0
20230511:1011,650.25,44.45,3.74,0.97,0.0
20230511:1111,1044.94,46.31,4.21,0.9,0.0
20230511:1211,937.37,45.65,4.67,0.83,0.0
20230511:1311,594.01,42.59,5.01,0.76,0.0
20230511:1411,825.09,37.64,5.15,0.69,0.0
20230511:1511,633.69,31.42,5.38,0.76,0.0
20230511:1611,416.48,24.51,5.47,0.62,0.0
20230511:1711,99.38,17.37,5.39,0.69,0.0
20230511:1811,41.81,10.39,5.28,0.69,0.0
20230511:1911,2.67,3.91,5.28,0.69,0.0
20230511:2011,0.0,0.0,4.66,0.76,0.0
20230511:2111,0.0,0.0,3.86,0.9,0.0
20230511:2211,0.0,0.0,3.25,0.97,0.0
20230511:2311,0.0,0.0,2.89,1.03,0.0
20230512:0011,0.0,0.0,2.43,1.03,0.0
20230512:0111,0.0,0.0,2.07,1.03,0.0
20230512:0211,0.0,0.0,1.84,1.1,0.0
20230512:0311,0.0,0.0,1.69,1.1,0.0
20230512:0411,7.12,7.4,1.31,1.17,0.0
20230512:0511,109.54,14.18,1.08,1.1,0.0
20230512:0611,257.88,21.29,2.11,0.97,0.0
20230512:0711,475.34,28.37,3.61,0.69,0.0
20230512:0811,746.23,34.99,5.02,0.41,0.0
20230512:0911,916.56,40.64,5.82,0.28,0.0
20230512:1011,1033.26,44.7,6.65,0.28,0.0
20230512:1111,1084.8,46.57,7.09,0.34,0.0
20230512:1211,1065.55,45.9,7.41,0.41,0.0
20230512:1311,969.83,42.83,7.63,0.41,0.0
20230512:1411,832.54,37.87,7.77,0.41,0.0
20230512:1511,640.82,31.65,7.67,0.41,0.0
20230512:1611,421.86,24.73,7.67,0.41,0.0
20230512:1711,143.67,17.59,7.12,0.48,0.0
20230512:1811,57.83,10.61,6.54,0.69,0.0
20230512:1911,5.34,4.13,5.75,0.76,0.0
20230512:2011,0.0,0.0,4.89,0.9,0.0
20230512:2111,0.0,0.0,3.9,1.03,0.0
20230512:2211,0.0,0.0,3.07,1.1,0.0
20230512:2311,0.0,0.0,2.43,1.24,0.0
20230513:0011,0.0,0.0,1.92,1.24,0.0
20230513:0111,0.0,0.0,1.61,1.24,0.0
20230513:0211,0.0,0.0,1.15,1.31,0.0
20230513:0311,0.0,0.0,0.64,1.31,0.0
20230513:0411,32.03,7.63,-0.12,1.38,0.0
20230513:0511,108.2,14.4,0.06,1.24,0.0
20230513:0611,319.71,21.51,1.67,1.1,0.0
20230513:0711,538.87,28.59,3.11,0.97,0.0
20230513:0811,752.32,35.21,5.22,0.76,0.0
20230513:0911,924.06,40.87,6.39,0.62,0.0
20230513:1011,1039.57,44.94,7.09,0.48,0.0
20230513:1111,1035.74,46.82,7.53,0.41,0.0
20230513:1211,918.68,46.15,7.87,0.62,0.0
20230513:1311,897.38,43.07,8.18,0.9,0.0
20230513:1411,821.71,38.09,8.36,0.97,0.0
20230513:1511,646.69,31.86,8.47,1.03,0.0
20230513:1611,426.24,24.95,8.31,1.1,0.0
20230513:1711,206.32,17.8,7.86,1.1,0.0
20230513:1811,40.04,10.83,7.23,1.1,0.0
20230513:1911,16.9,4.36,5.95,1.1,0.0
20230513:2011,0.0,0.0,4.85,1.24,0.0
20230513:2111,0.0,0.0,3.74,1.31,0.0
20230513:2211,0.0,0.0,2.86,1.38,0.0
20230513:2311,0.0,0.0,2.28,1.45,0.0
20230514:0011,0.0,0.0,1.85,1.45,0.0
20230514:0111,0.0,0.0,1.52,1.45,0.0
20230514:0211,0.0,0.0,1.27,1.45,0.0
20230514:0311,0.89,1.75,1.03,1.45,0.0
20230514:0411,8.01,7.84,1.07,1.38,0.0
20230514:0511,116.75,14.61,1.4,1.24,0.0
20230514:0611,322.19,21.72,2.53,1.1,0.0
20230514:0711,544.76,28.8,3.93,1.17,0.0
20230514:0811,753.29,35.43,4.35,1.24,0.0
20230514:0911,923.59,41.1,5.06,1.31,0.0
20230514:1011,1038.97,45.18,5.55,1.45,0.0
20230514:1111,776.64,47.06,5.92,1.59,0.0
20230514:1211,640.59,46.39,6.31,1.66,0.0
20230514:1311,154.53,43.3,6.61,1.52,0.0
20230514:1411,87.1,38.32,6.67,1.52,0.0
20230514:1511,345.31,32.08,6.68,1.45,0.0
20230514:1611,422.72,25.16,6.8,1.38,0.0
20230514:1711,143.5,18.01,7.4,1.1,0.0
20230514:1811,59.61,11.04,7.01,1.17,0.0
20230514:1911,16.9,4.58,6.52,0.9,0.0
20230514:2011,0.0,0.0,5.87,0.83,0.0
20230514:2111,0.0,0.0,5.43,0.9,0.0
20230514:2211,0.0,0.0,5.03,0.9,0.0
20230514:2311,0.0,0.0,4.53,0.9,0.0
20230515:0011,0.0,0.0,4.28,0.9,0.0
20230515:0111,0.0,0.0,3.79,0.97,0.0
20230515:0211,0.0,0.0,3.48,0.97,0.0
20230515:0311,0.89,1.97,3.16,0.97,0.0
20230515:0411,8.01,8.06,2.85,0.97,0.0
20230515:0511,115.94,14.82,2.78,0.97,0.0
20230515:0611,184.27,21.93,3.32,0.83,0.0
20230515:0711,500.28,29.01,4.27,0.97,0.0
20230515:0811,643.91,35.65,4.82,0.97,0.0
20230515:0911,920.48,41.32,5.23,0.97,0.0
20230515:1011,1035.72,45.41,5.52,1.03,0.0
20230515:1111,1038.2,47.3,6.1,0.9,0.0
20230515:1211,1014.45,46.63,6.04,1.17,0.0
20230515:1311,616.98,43.53,6.45,1.24,0.0
20230515:1411,751.15,38.53,7.22,0.97,0.0
20230515:1511,491.15,32.29,7.02,0.69,0.0
20230515:1611,428.08,25.36,6.57,0.48,0.0
20230515:1711,209.8,18.22,5.94,0.14,0.0
20230515:1811,69.39,11.25,5.42,0.41,0.0
20230515:1911,3.56,4.79,4.51,0.41,0.0
20230515:2011,0.0,0.0,4.02,0.34,0.0
20230515:2111,0.0,0.0,3.52,0.28,0.0
20230515:2211,0.0,0.0,3.05,0.41,0.0
20230515:2311,0.0,0.0,2.64,0.07,0.0
20230516:0011,0.0,0.0,2.28,0.41,0.0
20230516:0111,0.0,0.0,1.85,0.41,0.0
20230516:0211,0.0,0.0,1.5,0.41,0.0
20230516:0311,0.89,2.18,1.26,0.41,0.0
20230516:0411,8.01,8.26,0.99,0.48,0.0
20230516:0511,88.4,15.02,0.63,0.69,0.0
20230516:0611,233.43,22.13,0.62,1.17,0.0
20230516:0711,505.09,29.21,1.07,1.24,0.0
20230516:0811,657.96,35.85,1.35,1.59,0.0
20230516:0911,724.71,41.54,1.76,1.66,0.0
20230516:1011,894.23,45.64,2.11,1.79,0.0
20230516:1111,944.02,47.53,2.43,1.79,0.0
20230516:1211,311.93,46.86,2.65,1.66,0.0
20230516:1311,211.66,43.75,2.76,1.59,0.0
20230516:1411,107.71,38.75,2.81,1.72,0.0
20230516:1511,344.32,32.5,1.95,1.79,0.0
20230516:1611,258.77,25.57,1.05,1.72,0.0
20230516:1711,214.7,18.42,-0.01,1.72,0.0
20230516:1811,73.84,11.46,-0.68,1.52,0.0
20230516:1911,24.91,5.0,-1.29,1.31,0.0
20230516:2011,0.0,0.0,-2.6,1.31,0.0
20230516:2111,0.0,0.0,-3.54,1.38,0.0
20230516:2211,0.0,0.0,-4.22,1.38,0.0
20230516:2311,0.0,0.0,-4.71,1.31,0.0
20230517:0011,0.0,0.0,-5.13,1.24,0.0
20230517:0111,0.0,0.0,-5.36,1.17,0.0
20230517:0211,0.0,0.0,-5.5,1.1,0.0
20230517:0311,1.78,2.39,-5.67,1.24,0.0
20230517:0411,8.9,8.46,-4.65,1.59,0.0
20230517:0511,114.38,15.22,-4.06,1.79,0.0
20230517:0611,303.82,22.32,-3.48,1.79,0.0
20230517:0711,560.87,29.41,-1.89,1.93,0.0
20230517:0811,771.64,36.06,-1.23,2.0,0.0
20230517:0911,943.79,41.75,-0.81,1.86,0.0
20230517:1011,738.74,45.86,-0.24,1.86,0.0
20230517:1111,1088.78,47.76,0.34,2.28,0.0
20230517:1211,1093.28,47.08,0.62,2.48,0.0
20230517:1311,884.59,43.97,0.78,2.69,0.0
20230517:1411,855.62,38.96,0.83,2.69,0.0
20230517:1511,664.63,32.7,0.71,2.55,0.0
20230517:1611,443.02,25.76,0.48,2.21,0.0
20230517:1711,218.77,18.62,0.22,1.72,0.0
20230517:1811,40.93,11.66,-0.29,1.31,0.0
20230517:1911,9.79,5.21,-1.08,0.9,0.0
20230517:2011,0.0,0.0,-1.04,0.69,0.0
20230517:2111,0.0,0.0,-1.54,0.48,0.0
20230517:2211,0.0,0.0,-2.02,0.34,0.0
20230517:2311,0.0,0.0,-2.28,0.21,0.0
20230518:0011,0.0,0.0,-2.44,0.14,0.0
20230518:0111,0.0,0.0,-2.22,0.0,0.0
20230518:0211,0.0,0.0,-2.31,0.14,0.0
20230518:0311,1.78,2.59,-2.52,0.34,0.0
20230518:0411,8.9,8.66,-2.67,0.41,0.0
20230518:0511,46.83,15.41,-2.15,0.41,0.0
20230518:0611,257.63,22.51,-1.34,0.34,0.0
20230518:0711,507.52,29.6,-0.28,0.48,0.0
20230518:0811,739.44,36.25,0.4,0.48,0.0
20230518:0911,781.5,41.95,1.17,0.62,0.0
20230518:1011,531.71,46.07,2.09,0.9,0.0
20230518:1111,924.68,47.98,2.77,1.03,0.0
20230518:1211,563.59,47.3,3.21,1.1,0.0
20230518:1311,611.7,44.19,3.74,1.17,0.0
20230518:1411,452.5,39.17,3.8,1.24,0.0
20230518:1511,499.95,32.9,3.87,1.17,0.0
20230518:1611,436.69,25.96,4.47,0.97,0.0
20230518:1711,190.6,18.82,4.58,0.55,0.0
20230518:1811,53.38,11.86,4.33,0.48,0.0
20230518:1911,4.45,5.42,3.44,0.48,0.0
20230518:2011,0.0,0.0,3.47,0.48,0.0
20230518:2111,0.0,0.0,3.48,0.55,0.0
20230518:2211,0.0,0.0,3.51,0.55,0.0
20230518:2311,0.0,0.0,3.52,0.48,0.0
20230519:0011,0.0,0.0,3.53,0.48,0.0
20230519:0111,0.0,0.0,3.43,0.55,0.0
20230519:0211,0.0,0.0,3.39,0.55,0.0
20230519:0311,1.78,2.78,3.25,0.48,0.0
20230519:0411,8.9,8.85,3.14,0.55,0.0
20230519:0511,22.48,15.59,3.2,0.62,0.0
20230519:0611,184.02,22.69,3.39,0.62,0.0
20230519:0711,344.86,29.78,3.5,0.62,0.0
20230519:0811,530.02,36.44,4.43,0.69,0.0
20230519:0911,619.93,42.15,4.97,0.76,0.0
20230519:1011,265.85,46.28,5.15,0.97,0.0
20230519:1111,515.78,48.19,5.53,1.1,0.0
20230519:1211,293.47,47.52,5.91,1.1,0.0
20230519:1311,212.6,44.4,6.25,1.17,0.0
20230519:1411,186.38,39.37,6.81,1.03,0.0
20230519:1511,425.87,33.09,7.21,0.9,0.0
20230519:1611,266.98,26.15,7.26,0.9,0.0
20230519:1711,121.57,19.01,6.91,0.83,0.0
20230519:1811,56.05,12.05,6.55,0.62,0.0
20230519:1911,4.45,5.62,5.49,0.55,0.0
20230519:2011,0.0,0.0,5.28,0.62,0.0
20230519:2111,0.0,0.0,5.1,0.69,0.0
20230519:2211,0.0,0.0,4.9,0.76,0.0
20230519:2311,0.0,0.0,4.8,0.69,0.0
20230520:0011,0.0,0.0,4.68,0.69,0.0
20230520:0111,0.0,0.0,4.53,0.69,0.0
20230520:0211,0.0,0.0,4.38,0.69,0.0
20230520:0311,1.78,2.97,4.15,0.69,0.0
20230520:0411,8.9,9.03,3.96,0.69,0.0
20230520:0511,44.02,15.77,3.91,0.69,0.0
20230520:0611,158.6,22.87,4.36,0.69,0.0
20230520:0711,364.37,29.96,4.11,0.69,0.0
20230520:0811,650.95,36.63,4.73,0.76,0.0
20230520:0911,813.53,42.35,5.23,0.76,0.0
20230520:1011,570.06,46.49,5.89,0.9,0.0
20230520:1111,928.16,48.4,6.42,1.03,0.0
20230520:1211,779.52,47.73,7.16,1.03,0.0
20230520:1311,993.65,44.6,8.05,0.97,0.0
20230520:1411,796.63,39.56,8.61,0.97,0.0
20230520:1511,658.28,33.28,8.88,0.9,0.0
20230520:1611,335.28,26.34,8.79,0.83,0.0
20230520:1711,222.03,19.2,8.42,0.76,0.0
20230520:1811,64.06,12.24,8.01,0.69,0.0
20230520:1911,18.68,5.81,7.13,0.62,0.0
20230520:2011,0.0,0.0,6.56,0.69,0.0
20230520:2111,0.0,0.0,5.75,0.83,0.0
20230520:2211,0.0,0.0,5.06,0.9,0.0
20230520:2311,0.0,0.0,4.49,0.97,0.0
20230521:0011,0.0,0.0,4.0,0.97,0.0
20230521:0111,0.0,0.0,3.55,0.97,0.0
20230521:0211,0.0,0.0,3.11,1.03,0.0
20230521:0311,1.78,3.15,2.69,1.03,0.0
20230521:0411,9.79,9.2,2.67,0.97,0.0
20230521:0511,25.29,15.94,3.14,0.83,0.0
20230521:0611,334.96,23.04,4.25,0.76,0.0
20230521:0711,441.98,30.13,4.34,0.9,0.0
20230521:0811,761.88,36.8,5.47,0.76,0.0
20230521:0911,926.02,42.53,6.43,0.62,0.0
20230521:1011,1040.65,46.68,7.08,0.62,0.0
20230521:1111,1039.82,48.61,7.71,0.62,0.0
20230521:1211,1077.23,47.94,8.14,0.48,0.0
20230521:1311,992.35,44.8,8.59,0.41,0.0
20230521:1411,848.16,39.76,8.8,0.48,0.0
20230521:1511,658.65,33.47,8.77,0.48,0.0
20230521:1611,360.8,26.52,8.7,0.55,0.0
20230521:1711,223.19,19.38,8.33,0.83,0.0
20230521:1811,52.49,12.43,7.72,1.03,0.0
20230521:1911,25.8,6.0,6.62,1.03,0.0
20230521:2011,0.0,0.0,5.55,1.17,0.0
20230521:2111,0.0,0.0,4.4,1.31,0.0
20230521:2211,0.0,0.0,3.45,1.38,0.0
20230521:2311,0.0,0.0,2.9,1.45,0.0
20230522:0011,0.0,0.0,2.46,1.45,0.0
20230522:0111,0.0,0.0,1.96,1.52,0.0
20230522:0211,0.0,0.0,1.61,1.52,0.0
20230522:0311,2.67,3.33,1.27,1.52,0.0
20230522:0411,19.57,9.37,1.12,1.52,0.0
20230522:0511,131.47,16.11,2.26,1.38,0.0
20230522:0611,288.36,23.2,3.76,1.24,0.0
20230522:0711,457.22,30.3,4.52,1.24,0.0
20230522:0811,715.43,36.97,6.62,1.03,0.0
20230522:0911,783.66,42.71,7.6,1.03,0.0
20230522:1011,852.33,46.87,8.28,1.03,0.0
20230522:1111,1083.69,48.81,8.47,1.1,0.0
20230522:1211,781.85,48.14,8.79,1.1,0.0
20230522:1311,519.18,45.0,9.12,0.97,0.0
20230522:1411,431.68,39.95,9.23,0.83,0.0
20230522:1511,434.12,33.65,9.25,0.9,0.0
20230522:1611,65.56,26.7,9.11,0.55,0.0
20230522:1711,111.51,19.56,7.92,0.41,0.0
20230522:1811,65.84,12.61,7.06,0.62,0.0
20230522:1911,5.34,6.19,7.05,0.69,0.0
20230522:2011,0.0,0.0,6.23,0.69,0.0
20230522:2111,0.0,0.0,5.5,0.62,0.0
20230522:2211,0.0,0.0,4.9,0.69,0.0
20230522:2311,0.0,0.0,4.71,0.62,0.0
20230523:0011,0.0,0.0,4.55,0.69,0.0
20230523:0111,0.0,0.0,3.89,0.76,0.0
20230523:0211,0.0,0.0,2.59,0.69,0.0
20230523:0311,2.67,3.5,1.95,0.9,0.0
20230523:0411,9.79,9.54,1.52,1.03,0.0
20230523:0511,74.93,16.27,1.31,1.1,0.0
20230523:0611,136.52,23.36,1.26,1.38,0.0
20230523:0711,509.68,30.45,1.89,1.59,0.0
20230523:0811,660.35,37.14,2.44,1.66,0.0
20230523:0911,744.55,42.89,3.0,1.52,0.0
20230523:1011,752.58,47.06,3.54,1.52,0.0
20230523:1111,732.29,49.0,4.76,1.52,0.0
20230523:1211,817.2,48.33,4.97,1.38,0.0
20230523:1311,987.22,45.19,5.43,1.1,0.0
20230523:1411,753.92,40.13,6.11,0.9,0.0
20230523:1511,564.05,33.83,6.78,0.69,0.0
20230523:1611,284.09,26.88,6.76,0.62,0.0
20230523:1711,219.01,19.74,6.75,0.55,0.0
20230523:1811,59.61,12.79,6.49,0.48,0.0
20230523:1911,35.59,6.37,5.53,0.62,0.0
20230523:2011,0.0,0.0,5.14,0.69,0.0
20230523:2111,0.0,0.0,4.82,0.62,0.0
20230523:2211,0.0,0.0,4.39,0.48,0.0
20230523:2311,0.0,0.0,4.08,0.55,0.0
20230524:0011,0.0,0.0,3.63,0.55,0.0
20230524:0111,0.0,0.0,3.4,0.69,0.0
20230524:0211,0.0,0.0,3.35,0.9,0.0
20230524:0311,2.67,3.67,3.17,0.97,0.0
20230524:0411,41.81,9.7,2.51,1.1,0.0
20230524:0511,40.27,16.42,2.28,1.1,0.0
20230524:0611,159.39,23.51,2.46,0.97,0.0
20230524:0711,203.23,30.61,2.12,1.17,0.0
20230524:0811,579.19,37.3,2.18,1.45,0.0
20230524:0911,379.19,43.06,2.78,1.93,0.0
20230524:1011,165.77,47.24,3.13,2.07,0.0
20230524:1111,244.03,49.19,2.97,1.93,0.0
20230524:1211,431.94,48.52,3.24,2.21,0.0
20230524:1311,309.7,45.37,3.86,2.55,0.0
20230524:1411,754.59,40.31,4.51,3.31,0.0
20230524:1511,656.81,34.01,4.69,3.45,0.0
20230524:1611,335.82,27.05,4.21,3.31,0.0
20230524:1711,170.12,19.91,3.35,3.17,0.0
20230524:1811,80.07,12.96,2.49,2.48,0.0
20230524:1911,6.23,6.55,1.59,2.34,0.0
20230524:2011,0.0,0.0,1.14,2.41,0.0
20230524:2111,0.0,0.0,0.52,2.28,0.0
20230524:2211,0.0,0.0,0.02,2.34,0.0
20230524:2311,0.0,0.0,-1.03,1.93,0.0
20230525:0011,0.0,0.0,-1.41,1.93,0.0
20230525:0111,0.0,0.0,-1.93,1.79,0.0
20230525:0211,0.0,0.0,-1.88,1.66,0.0
20230525:0311,2.67,3.82,-1.99,1.66,0.0
20230525:0411,10.68,9.85,-1.52,2.0,0.0
20230525:0511,102.8,16.57,-1.15,2.41,0.0
20230525:0611,236.23,23.65,-0.81,2.28,0.0
20230525:0711,428.96,30.76,1.03,2.69,0.0
20230525:0811,695.91,37.45,1.41,2.97,0.0
20230525:0911,687.13,43.22,1.52,3.1,0.0
20230525:1011,673.46,47.41,1.91,3.1,0.0
20230525:1111,615.76,49.37,2.23,3.17,0.0
20230525:1211,369.15,48.7,2.43,3.24,0.0
20230525:1311,889.36,45.55,2.36,3.24,0.0
20230525:1411,859.68,40.48,2.22,3.24,0.0
20230525:1511,382.45,34.18,2.12,3.45,0.0
20230525:1611,179.53,27.22,1.77,3.24,0.0
20230525:1711,113.67,20.08,1.21,3.17,0.0
20230525:1811,48.93,13.13,0.4,2.48,0.0
20230525:1911,6.23,6.72,-0.05,2.76,0.0
20230525:2011,0.0,0.0,-0.16,2.69,0.0
20230525:2111,0.0,0.0,-0.33,2.62,0.0
20230525:2211,0.0,0.0,-0.61,1.93,0.0
20230525:2311,0.0,0.0,-0.71,1.66,0.0
20230526:0011,0.0,0.0,-1.11,1.66,0.0
20230526:0111,0.0,0.0,-1.84,1.24,0.0
20230526:0211,0.0,0.0,-2.44,1.24,0.0
20230526:0311,2.67,3.98,-2.55,1.31,0.0
20230526:0411,12.46,9.99,-1.71,1.72,0.0
20230526:0511,41.21,16.71,-1.81,1.72,0.0
20230526:0611,258.53,23.79,-1.21,1.86,0.0
20230526:0711,567.76,30.9,-0.24,1.86,0.0
20230526:0811,773.24,37.6,0.73,2.07,0.0
20230526:0911,878.19,43.37,1.49,2.34,0.0
20230526:1011,796.0,47.58,2.13,2.76,0.0
20230526:1111,733.06,49.54,2.55,2.41,0.0
20230526:1211,553.08,48.88,2.9,2.76,0.0
20230526:1311,848.54,45.73,3.13,2.69,0.0
20230526:1411,608.93,40.65,2.95,2.21,0.0
20230526:1511,352.81,34.34,3.15,2.62,0.0
20230526:1611,275.58,27.38,2.89,2.62,0.0
20230526:1711,114.31,20.24,2.45,2.14,0.0
20230526:1811,86.3,13.3,2.02,1.93,0.0
20230526:1911,6.23,6.89,1.43,1.86,0.0
20230526:2011,0.0,0.0,0.77,1.66,0.0
20230526:2111,0.0,0.0,0.47,1.52,0.0
20230526:2211,0.0,0.0,0.36,1.52,0.0
20230526:2311,0.0,0.0,0.04,1.38,0.0
20230527:0011,0.0,0.0,-0.17,1.45,0.0
20230527:0111,0.0,0.0,0.12,1.31,0.0
20230527:0211,0.0,0.0,0.21,1.17,0.0
20230527:0311,3.56,4.12,0.4,1.03,0.0
20230527:0411,60.5,10.13,0.49,1.03,0.0
20230527:0511,54.32,16.84,0.73,1.03,0.0
20230527:0611,101.15,23.93,0.75,1.24,0.0
20230527:0711,396.18,31.03,1.06,1.52,0.0
20230527:0811,714.17,37.74,1.41,1.52,0.0
20230527:0911,564.51,43.52,2.09,1.72,0.0
20230527:1011,524.24,47.74,2.39,1.79,0.0
20230527:1111,522.65,49.71,2.77,1.93,0.0
20230527:1211,487.69,49.05,3.58,2.48,0.0
20230527:1311,536.3,45.9,3.5,2.41,0.0
20230527:1411,188.25,40.82,3.16,2.34,0.0
20230527:1511,193.76,34.5,2.9,2.21,0.0
20230527:1611,166.13,27.54,2.74,2.21,0.0
20230527:1711,90.85,20.4,2.37,2.14,0.0
20230527:1811,24.91,13.46,2.02,2.14,0.0
20230527:1911,6.23,7.06,1.64,1.66,0.0
20230527:2011,0.0,0.0,1.42,1.86,0.0
20230527:2111,0.0,0.0,1.37,2.14,0.0
20230527:2211,0.0,0.0,0.69,1.72,0.0
20230527:2311,0.0,0.0,-0.17,1.86,0.0
20230528:0011,0.0,0.0,-0.67,2.14,0.0
20230528:0111,0.0,0.0,-1.3,2.14,0.0
20230528:0211,0.0,0.0,-1.13,2.55,0.0
20230528:0311,3.56,4.26,-0.99,2.55,0.0
20230528:0411,10.68,10.27,-0.93,2.48,0.0
20230528:0511,57.13,16.97,-1.07,2.62,0.0
20230528:0611,273.59,24.05,-0.96,2.62,0.0
20230528:0711,534.55,31.16,-0.39,2.55,0.0
20230528:0811,779.02,37.87,-0.33,2.41,0.0
20230528:0911,665.34,43.67,0.3,2.48,0.0
20230528:1011,654.25,47.89,1.11,2.83,0.0
20230528:1111,773.9,49.87,1.68,3.03,0.0
20230528:1211,1097.76,49.22,1.84,2.9,0.0
20230528:1311,1013.06,46.06,2.07,2.9,0.0
20230528:1411,847.85,40.98,2.04,2.83,0.0
20230528:1511,679.4,34.66,1.91,2.9,0.0
20230528:1611,461.74,27.7,1.82,2.69,0.0
20230528:1711,240.03,20.56,1.43,2.41,0.0
20230528:1811,58.72,13.62,0.95,1.79,0.0
20230528:1911,28.47,7.22,0.4,1.66,0.0
20230528:2011,0.89,1.67,-0.45,1.24,0.0
20230528:2111,0.0,0.0,-0.49,1.24,0.0
20230528:2211,0.0,0.0,-0.18,1.17,0.0
20230528:2311,0.0,0.0,-0.62,1.24,0.0
20230529:0011,0.0,0.0,-1.7,1.38,0.0
20230529:0111,0.0,0.0,-2.02,1.45,0.0
20230529:0211,0.0,0.0,-2.23,1.38,0.0
20230529:0311,3.56,4.39,-2.09,1.31,0.0
20230529:0411,10.68,10.39,-1.7,1.31,0.0
20230529:0511,38.4,17.09,-1.45,1.59,0.0
20230529:0611,281.99,24.17,-1.18,1.79,0.0
20230529:0711,322.73,31.28,-0.73,1.79,0.0
20230529:0811,466.21,38.0,-0.2,1.93,0.0
20230529:0911,665.14,43.8,0.43,2.07,0.0
20230529:1011,611.73,48.04,1.09,2.28,0.0
20230529:1111,454.07,50.03,1.25,2.21,0.0
20230529:1211,369.11,49.38,1.55,2.14,0.0
20230529:1311,496.29,46.22,2.14,1.93,0.0
20230529:1411,309.83,41.13,2.42,1.79,0.0
20230529:1511,376.45,34.81,2.06,1.45,0.0
20230529:1611,251.74,27.85,1.93,1.31,0.0
20230529:1711,215.43,20.71,2.08,1.1,0.0
20230529:1811,88.08,13.77,2.16,1.03,0.0
20230529:1911,7.12,7.37,2.44,0.97,0.0
20230529:2011,0.89,1.83,2.63,0.9,0.0
20230529:2111,0.0,0.0,2.91,0.83,0.0
20230529:2211,0.0,0.0,2.99,0.9,0.0
20230529:2311,0.0,0.0,2.95,0.9,0.0
20230530:0011,0.0,0.0,2.99,0.9,0.0
20230530:0111,0.0,0.0,3.29,0.9,0.0
20230530:0211,0.0,0.0,3.34,0.76,0.0
20230530:0311,3.56,4.52,3.38,0.76,0.0
20230530:0411,12.46,10.51,3.43,0.83,0.0
20230530:0511,131.77,17.21,3.33,0.83,0.0
20230530:0611,236.35,24.29,3.56,0.76,0.0
20230530:0711,401.64,31.4,3.23,1.03,0.0
20230530:0811,592.41,38.12,3.47,1.31,0.0
20230530:0911,581.6,43.93,4.05,1.52,0.0
20230530:1011,448.9,48.18,4.8,1.66,0.0
20230530:1111,528.36,50.18,5.65,1.86,0.0
20230530:1211,375.33,49.53,6.58,1.93,0.0
20230530:1311,564.59,46.37,7.07,2.0,0.0
20230530:1411,554.33,41.28,7.32,2.07,0.0
20230530:1511,470.73,34.96,7.24,2.21,0.0
20230530:1611,305.17,27.99,6.91,2.28,0.0
20230530:1711,200.55,20.85,6.32,2.28,0.0
20230530:1811,91.64,13.92,5.71,2.21,0.0
20230530:1911,14.23,7.52,4.76,2.0,0.0
20230530:2011,0.89,1.98,3.95,2.0,0.0
20230530:2111,0.0,0.0,3.46,1.79,0.0
20230530:2211,0.0,0.0,2.91,1.72,0.0
20230530:2311,0.0,0.0,2.49,1.66,0.0
20230531:0011,0.0,0.0,2.18,1.66,0.0
20230531:0111,0.0,0.0,1.63,1.66,0.0
20230531:0211,0.0,0.0,1.57,1.66,0.0
20230531:0311,3.56,4.64,1.47,1.66,0.0
20230531:0411,11.57,10.63,1.44,1.66,0.0
20230531:0511,58.07,17.32,1.61,1.52,0.0
20230531:0611,222.84,24.4,1.84,1.45,0.0
20230531:0711,393.42,31.51,2.16,1.45,0.0
20230531:0811,512.69,38.23,2.53,1.52,0.0
20230531:0911,587.14,44.05,3.06,1.59,0.0
20230531:1011,320.83,48.31,3.53,1.72,0.0
20230531:1111,532.43,50.32,3.98,1.72,0.0
20230531:1211,717.0,49.68,4.37,1.66,0.0
20230531:1311,416.08,46.52,4.54,1.72,0.0
20230531:1411,550.04,41.43,4.43,1.66,0.0
20230531:1511,537.77,35.1,4.49,1.59,0.0
20230531:1611,462.43,28.13,4.37,1.72,0.0
20230531:1711,244.07,20.99,4.07,1.66,0.0
20230531:1811,88.97,14.06,3.77,1.59,0.0
20230531:1911,15.12,7.67,3.62,1.45,0.0
20230531:2011,0.89,2.13,3.46,1.31,0.0
20230531:2111,0.0,0.0,3.55,1.31,0.0
20230531:2211,0.0,0.0,3.49,1.17,0.0
20230531:2311,0.0,0.0,3.15,1.17,0.0
20230601:0011,0.0,0.0,2.84,1.1,0.0
20230601:0111,0.0,0.0,2.26,1.03,0.0
20230601:0211,0.0,0.0,1.82,1.1,0.0
20230601:0311,4.45,4.76,1.76,1.17,0.0
20230601:0411,11.57,10.74,0.99,1.17,0.0
20230601:0511,145.68,17.42,0.51,1.24,0.0
20230601:0611,298.54,24.5,1.57,1.52,0.0
20230601:0711,552.08,31.61,1.49,1.59,0.0
20230601:0811,775.93,38.34,1.69,1.52,0.0
20230601:0911,923.98,44.17,2.4,1.59,0.0
20230601:1011,979.4,48.44,3.11,1.93,0.0
20230601:1111,1061.84,50.46,3.96,2.48,0.0
20230601:1211,1025.26,49.82,4.43,2.55,0.0
20230601:1311,1010.01,46.66,4.6,2.48,0.0
20230601:1411,867.85,41.57,4.66,2.55,0.0
20230601:1511,660.46,35.24,4.44,2.34,0.0
20230601:1611,465.43,28.27,3.96,2.07,0.0
20230601:1711,232.76,21.13,3.29,2.0,0.0
20230601:1811,46.26,14.2,2.49,1.86,0.0
20230601:1911,36.48,7.8,1.62,1.45,0.0
20230601:2011,1.78,2.27,2.12,1.24,0.0
20230601:2111,0.0,0.0,1.8,1.1,0.0
20230601:2211,0.0,0.0,1.14,1.17,0.0
20230601:2311,0.0,0.0,0.51,1.1,0.0
20230602:0011,0.0,0.0,-0.09,1.1,0.0
20230602:0111,0.0,0.0,-0.56,1.1,0.0
20230602:0211,0.0,0.0,-1.01,1.17,0.0
20230602:0311,4.45,4.86,-1.41,1.17,0.0
20230602:0411,67.62,10.84,-1.34,1.24,0.0
20230602:0511,142.62,17.52,-1.48,1.31,0.0
20230602:0611,242.54,24.59,0.25,1.31,0.0
20230602:0711,531.84,31.71,1.79,0.97,0.0
20230602:0811,769.65,38.44,2.5,0.76,0.0
20230602:0911,906.46,44.28,3.5,0.9,0.0
20230602:1011,964.77,48.56,4.43,0.97,0.0
20230602:1111,1026.01,50.59,5.2,1.1,0.0
20230602:1211,1037.69,49.96,5.77,1.17,0.0
20230602:1311,921.79,46.8,6.22,1.31,0.0
20230602:1411,695.54,41.7,6.72,1.31,0.0
20230602:1511,521.86,35.37,6.92,1.38,0.0
20230602:1611,427.76,28.4,7.08,1.38,0.0
20230602:1711,228.92,21.26,7.09,1.24,0.0
20230602:1811,64.06,14.33,7.2,1.1,0.0
20230602:1911,15.12,7.94,6.72,0.9,0.0
20230602:2011,1.78,2.4,6.18,0.76,0.0
20230602:2111,0.0,0.0,5.59,0.76,0.0
20230602:2211,0.0,0.0,4.89,0.62,0.0
20230602:2311,0.0,0.0,4.31,0.62,0.0
20230603:0011,0.0,0.0,3.78,0.62,0.0
20230603:0111,0.0,0.0,3.26,0.62,0.0
20230603:0211,0.0,0.0,2.84,0.62,0.0
20230603:0311,4.45,4.97,2.54,0.69,0.0
20230603:0411,56.05,10.93,2.44,0.62,0.0
20230603:0511,142.58,17.61,3.47,0.55,0.0
20230603:0611,323.89,24.68,3.96,0.76,0.0
20230603:0711,561.13,31.8,4.69,1.17,0.0
20230603:0811,761.1,38.54,5.41,1.31,0.0
20230603:0911,886.31,44.38,5.99,1.45,0.0
20230603:1011,1039.58,48.67,6.45,1.72,0.0
20230603:1111,1089.58,50.71,6.84,2.0,0.0
20230603:1211,1021.06,50.09,7.04,2.0,0.0
20230603:1311,801.4,46.93,7.19,2.21,0.0
20230603:1411,750.35,41.83,7.45,2.34,0.0
20230603:1511,627.89,35.5,7.49,2.14,0.0
20230603:1611,459.65,28.53,8.02,1.72,0.0
20230603:1711,244.76,21.39,8.39,1.52,0.0
20230603:1811,48.04,14.46,8.91,1.17,0.0
20230603:1911,42.7,8.07,7.68,1.1,0.0
20230603:2011,1.78,2.53,7.28,0.97,0.0
20230603:2111,0.0,0.0,6.54,0.83,0.0
20230603:2211,0.0,0.0,5.75,0.83,0.0
20230603:2311,0.0,0.0,4.99,0.83,0.0
20230604:0011,0.0,0.0,4.29,0.97,0.0
20230604:0111,0.0,0.0,3.75,1.03,0.0
20230604:0211,0.0,0.0,3.22,1.03,0.0
20230604:0311,20.46,5.06,2.82,1.1,0.0
20230604:0411,66.73,11.02,2.71,1.1,0.0
20230604:0511,138.54,17.7,3.68,1.03,0.0
20230604:0611,325.25,24.77,4.47,1.03,0.0
20230604:0711,549.69,31.88,6.14,1.03,0.0
20230604:0811,689.78,38.63,7.81,0.9,0.0
20230604:0911,930.11,44.48,9.02,0.83,0.0
20230604:1011,989.47,48.78,10.08,0.83,0.0
20230604:1111,995.63,50.83,10.86,0.97,0.0
20230604:1211,1067.28,50.21,11.48,1.1,0.0
20230604:1311,1001.56,47.06,11.82,1.31,0.0
20230604:1411,821.02,41.96,12.06,1.31,0.0
20230604:1511,614.03,35.62,11.31,1.52,0.0
20230604:1611,464.83,28.65,11.62,1.52,0.0
20230604:1711,229.57,21.51,11.89,1.45,0.0
20230604:1811,96.98,14.58,11.57,1.31,0.0
20230604:1911,48.93,8.19,10.86,0.83,0.0
20230604:2011,1.78,2.66,10.24,0.83,0.0
20230604:2111,0.0,0.0,9.5,0.62,0.0
20230604:2211,0.0,0.0,8.68,0.55,0.0
20230604:2311,0.0,0.0,7.96,0.48,0.0
20230605:0011,0.0,0.0,7.34,0.48,0.0
20230605:0111,0.0,0.0,6.75,0.41,0.0
20230605:0211,0.0,0.0,6.05,0.28,0.0
20230605:0311,4.45,5.15,5.58,0.28,0.0
20230605:0411,69.39,11.1,5.25,0.34,0.0
20230605:0511,143.26,17.77,5.59,0.41,0.0
20230605:0611,330.27,24.84,6.31,0.83,0.0
20230605:0711,548.63,31.96,6.75,1.24,0.0
20230605:0811,734.7,38.71,6.91,1.52,0.0
20230605:0911,891.19,44.57,7.56,1.66,0.0
20230605:1011,974.32,48.88,8.23,1.66,0.0
20230605:1111,1029.32,50.94,8.93,1.59,0.0
20230605:1211,1027.57,50.33,9.36,1.66,0.0
20230605:1311,906.82,47.17,9.73,1.72,0.0
20230605:1411,814.56,42.08,9.83,1.79,0.0
20230605:1511,677.44,35.74,9.83,1.86,0.0
20230605:1611,465.4,28.77,9.53,1.86,0.0
20230605:1711,249.63,21.63,9.37,1.86,0.0
20230605:1811,48.04,14.7,9.31,1.72,0.0
20230605:1911,39.15,8.31,9.75,1.45,0.0
20230605:2011,1.78,2.78,9.17,1.31,0.0
20230605:2111,0.0,0.0,8.48,1.17,0.0
20230605:2211,0.0,0.0,7.65,0.97,0.0
20230605:2311,0.0,0.0,6.82,0.83,0.0
20230606:0011,0.0,0.0,6.0,0.76,0.0
20230606:0111,0.0,0.0,5.27,0.69,0.0
20230606:0211,0.0,0.0,4.45,0.62,0.0
20230606:0311,21.35,5.23,3.84,0.62,0.0
20230606:0411,40.93,11.18,3.83,0.62,0.0
20230606:0511,140.18,17.85,3.97,0.83,0.0
20230606:0611,326.45,24.91,4.43,0.9,0.0
20230606:0711,0.0,0.0,4.04,1.1,0.0
20230606:0811,714.03,38.79,4.76,1.17,0.0
20230606:0911,925.72,44.65,5.36,1.31,0.0
20230606:1011,1020.46,48.97,6.05,1.38,0.0
20230606:1111,1051.52,51.05,6.87,1.52,0.0
20230606:1211,1083.92,50.44,7.51,1.52,0.0
20230606:1311,1002.9,47.29,8.34,1.45,0.0
20230606:1411,813.01,42.19,9.0,1.31,0.0
20230606:1511,680.04,35.85,9.59,1.24,0.0
20230606:1611,464.27,28.88,10.16,1.1,0.0
20230606:1711,247.79,21.74,10.22,0.97,0.0
20230606:1811,52.49,14.81,10.0,0.83,0.0
20230606:1911,41.81,8.42,9.08,0.83,0.0
20230606:2011,1.78,2.89,8.59,0.55,0.0
20230606:2111,0.0,0.0,7.89,0.21,0.0
20230606:2211,0.0,0.0,7.14,0.34,0.0
20230606:2311,0.0,0.0,6.31,0.62,0.0
20230607:0011,0.0,0.0,5.46,0.76,0.0
20230607:0111,0.0,0.0,4.64,0.9,0.0
20230607:0211,0.0,0.0,3.91,0.97,0.0
20230607:0311,4.45,5.31,3.21,1.03,0.0
20230607:0411,72.06,11.25,3.04,0.9,0.0
20230607:0511,144.83,17.91,5.15,0.55,0.0
20230607:0611,340.55,24.98,7.02,0.28,0.0
20230607:0711,567.17,32.1,7.73,0.9,0.0
20230607:0811,768.85,38.85,7.73,1.31,0.0
20230607:0911,934.89,44.73,8.03,1.52,0.0
20230607:1011,1049.39,49.06,8.57,1.66,0.0
20230607:1111,1065.8,51.14,8.85,1.86,0.0
20230607:1211,1044.63,50.54,9.2,1.93,0.0
20230607:1311,892.56,47.4,9.29,2.07,0.0
20230607:1411,793.43,42.3,9.27,2.14,0.0
20230607:1511,682.68,35.96,9.18,2.21,0.0
20230607:1611,468.54,28.99,8.98,2.21,0.0
20230607:1711,253.29,21.85,8.79,2.14,0.0
20230607:1811,48.93,14.92,9.18,1.79,0.0
20230607:1911,47.15,8.53,9.88,1.31,0.0
20230607:2011,1.78,3.0,9.37,1.17,0.0
20230607:2111,0.0,0.0,8.67,0.9,0.0
20230607:2211,0.0,0.0,7.83,0.69,0.0
20230607:2311,0.0,0.0,7.0,0.62,0.0
20230608:0011,0.0,0.0,6.24,0.62,0.0
20230608:0111,0.0,0.0,5.57,0.62,0.0
20230608:0211,0.0,0.0,5.17,0.69,0.0
20230608:0311,22.24,5.37,4.75,0.76,0.0
20230608:0411,70.28,11.31,4.86,0.83,0.0
20230608:0511,140.45,17.97,5.61,1.1,0.0
20230608:0611,350.34,25.04,6.28,1.24,0.0
20230608:0711,569.29,32.15,7.36,1.03,0.0
20230608:0811,768.82,38.92,8.41,0.83,0.0
20230608:0911,938.64,44.8,9.26,0.76,0.0
20230608:1011,1052.06,49.14,10.38,0.69,0.0
20230608:1111,1088.2,51.23,11.15,0.62,0.0
20230608:1211,1089.36,50.64,11.85,0.48,0.0
20230608:1311,1009.61,47.5,12.51,0.34,0.0
20230608:1411,780.61,42.4,13.08,0.41,0.0
20230608:1511,669.4,36.06,13.57,0.62,0.0
20230608:1611,454.16,29.09,13.79,0.62,0.0
20230608:1711,252.11,21.95,13.91,0.55,0.0
20230608:1811,52.49,15.02,13.87,0.48,0.0
20230608:1911,35.59,8.63,13.33,0.83,0.0
20230608:2011,1.78,3.1,13.04,1.24,0.0
20230608:2111,0.0,0.0,12.14,1.45,0.0
20230608:2211,0.0,0.0,11.38,1.38,0.0
20230608:2311,0.0,0.0,10.57,1.31,0.0
20230609:0011,0.0,0.0,9.67,1.24,0.0
20230609:0111,0.0,0.0,8.76,1.24,0.0
20230609:0211,0.0,0.0,7.97,1.24,0.0
20230609:0311,4.45,5.44,7.23,1.17,0.0
20230609:0411,12.46,11.37,6.88,1.17,0.0
20230609:0511,103.41,18.03,7.24,1.1,0.0
20230609:0611,291.96,25.09,8.35,1.03,0.0
20230609:0711,560.14,32.21,8.42,1.03,0.0
20230609:0811,759.63,38.97,9.38,0.9,0.0
20230609:0911,799.96,44.87,10.32,1.03,0.0
20230609:1011,960.67,49.21,10.96,1.31,0.0
20230609:1111,1000.12,51.32,11.14,1.45,0.0
20230609:1211,644.56,50.73,12.07,1.45,0.0
20230609:1311,549.85,47.59,12.96,1.31,0.0
20230609:1411,646.83,42.5,13.56,1.31,0.0
20230609:1511,476.77,36.16,13.59,1.45,0.0
20230609:1611,448.28,29.18,13.59,1.38,0.0
20230609:1711,229.56,22.04,13.35,1.17,0.0
20230609:1811,63.17,15.12,12.91,1.03,0.0
20230609:1911,34.7,8.73,12.59,0.76,0.0
20230609:2011,5.34,3.2,12.33,0.69,0.0
20230609:2111,0.0,0.0,11.75,0.34,0.0
20230609:2211,0.0,0.0,11.16,0.21,0.0
20230609:2311,0.0,0.0,10.6,0.41,0.0
20230610:0011,0.0,0.0,10.16,0.55,0.0
20230610:0111,0.0,0.0,9.66,0.62,0.0
20230610:0211,0.0,0.0,9.2,0.76,0.0
20230610:0311,24.02,5.49,8.89,0.83,0.0
20230610:0411,57.83,11.42,8.79,0.83,0.0
20230610:0511,139.61,18.07,9.46,0.76,0.0
20230610:0611,345.17,25.13,10.74,0.83,0.0
20230610:0711,561.35,32.25,10.24,1.24,0.0
20230610:0811,733.06,39.02,10.26,1.45,0.0
20230610:0911,925.19,44.92,9.87,1.66,0.0
20230610:1011,1038.12,49.28,9.99,1.86,0.0
20230610:1111,1090.81,51.39,10.78,1.93,0.0
20230610:1211,1075.47,50.82,11.61,1.86,0.0
20230610:1311,977.08,47.68,11.89,2.0,0.0
20230610:1411,814.06,42.59,11.89,2.07,0.0
20230610:1511,676.44,36.25,12.09,2.0,0.0
20230610:1611,469.73,29.28,12.89,1.86,0.0
20230610:1711,254.94,22.14,14.16,1.59,0.0
20230610:1811,49.82,15.21,14.18,1.38,0.0
20230610:1911,44.48,8.82,13.67,0.97,0.0
20230610:2011,7.12,3.29,13.35,0.76,0.0
20230610:2111,0.0,0.0,12.82,0.62,0.0
20230610:2211,0.0,0.0,12.09,0.62,0.0
20230610:2311,0.0,0.0,11.38,0.62,0.0
20230611:0011,0.0,0.0,10.74,0.62,0.0
20230611:0111,0.0,0.0,10.18,0.69,0.0
20230611:0211,0.0,0.0,9.61,0.83,0.0
20230611:0311,4.45,5.54,8.94,0.9,0.0
20230611:0411,71.17,11.47,8.63,0.9,0.0
20230611:0511,141.57,18.11,9.49,0.76,0.0
20230611:0611,326.89,25.17,10.86,0.83,0.0
20230611:0711,557.45,32.29,11.12,1.17,0.0
20230611:0811,756.49,39.07,11.76,1.45,0.0
20230611:0911,919.2,44.97,11.5,1.66,0.0
20230611:1011,1031.93,49.34,11.84,1.72,0.0
20230611:1111,1084.64,51.46,12.4,1.79,0.0
20230611:1211,1070.62,50.9,12.84,1.86,0.0
20230611:1311,987.55,47.77,13.4,1.86,0.0
20230611:1411,838.51,42.67,14.03,1.86,0.0
20230611:1511,676.03,36.34,14.52,1.86,0.0
20230611:1611,467.75,29.36,15.81,1.66,0.0
20230611:1711,254.78,22.22,15.92,1.52,0.0
20230611:1811,57.83,15.29,15.86,1.38,0.0
20230611:1911,41.81,8.91,15.05,1.17,0.0
20230611:2011,2.67,3.37,14.76,1.03,0.0
20230611:2111,0.0,0.0,14.19,0.83,0.0
20230611:2211,0.0,0.0,13.53,0.76,0.0
20230611:2311,0.0,0.0,12.81,0.62,0.0
20230612:0011,0.0,0.0,12.13,0.41,0.0
20230612:0111,0.0,0.0,11.69,0.34,0.0
20230612:0211,0.0,0.0,11.12,0.34,0.0
20230612:0311,19.57,5.58,10.73,0.34,0.0
20230612:0411,18.68,11.5,10.52,0.48,0.0
20230612:0511,143.91,18.15,10.67,0.41,0.0
20230612:0611,340.36,25.21,11.57,0.76,0.0
20230612:0711,527.17,32.33,11.91,1.1,0.0
20230612:0811,564.61,39.11,11.02,1.72,0.0
20230612:0911,0.0,0.0,10.19,1.93,0.0
20230612:1011,593.06,49.39,9.81,1.93,0.0
20230612:1111,256.63,51.53,10.81,1.31,0.0
20230612:1211,452.87,50.97,10.88,0.9,0.0
20230612:1311,630.88,47.84,10.69,0.83,0.0
20230612:1411,206.4,42.75,10.63,0.55,0.0
20230612:1511,158.28,36.42,11.04,0.83,0.0
20230612:1611,360.31,29.44,11.45,1.03,0.0
20230612:1711,215.99,22.3,11.21,0.69,0.0
20230612:1811,83.63,15.37,11.08,0.41,0.0
20230612:1911,43.59,8.99,9.76,0.76,0.0
20230612:2011,2.67,3.45,9.69,0.76,0.0
20230612:2111,0.0,0.0,9.38,0.48,0.0
20230612:2211,0.0,0.0,8.86,0.07,0.0
20230612:2311,0.0,0.0,8.41,0.34,0.0
20230613:0011,0.0,0.0,7.86,0.55,0.0
20230613:0111,0.0,0.0,7.5,0.69,0.0
20230613:0211,0.0,0.0,7.2,0.76,0.0
20230613:0311,4.45,5.62,7.08,0.83,0.0
20230613:0411,12.46,11.54,7.36,0.76,0.0
20230613:0511,138.28,18.18,8.97,0.41,0.0
20230613:0611,334.47,25.23,9.99,0.07,0.0
20230613:0711,545.84,32.36,10.27,0.34,0.0
20230613:0811,747.85,39.14,11.31,0.62,0.0
20230613:0911,875.56,45.05,12.36,0.83,0.0
20230613:1011,965.14,49.44,13.36,1.03,0.0
20230613:1111,1073.75,51.59,14.77,1.03,0.0
20230613:1211,1059.89,51.04,15.39,0.97,0.0
20230613:1311,928.7,47.91,16.03,1.03,0.0
20230613:1411,849.19,42.83,16.47,0.97,0.0
20230613:1511,627.95,36.49,16.67,1.17,0.0
20230613:1611,464.82,29.52,16.73,1.38,0.0
20230613:1711,255.14,22.38,16.64,1.17,0.0
20230613:1811,87.19,15.45,16.4,0.9,0.0
20230613:1911,40.93,9.06,15.91,0.9,0.0
20230613:2011,2.67,3.52,15.46,0.69,0.0
20230613:2111,0.0,0.0,14.71,0.48,0.0
20230613:2211,0.0,0.0,13.97,0.28,0.0
20230613:2311,0.0,0.0,13.2,0.41,0.0
20230614:0011,0.0,0.0,12.39,0.62,0.0
20230614:0111,0.0,0.0,11.45,0.83,0.0
20230614:0211,0.0,0.0,10.86,0.9,0.0
20230614:0311,5.34,5.65,10.33,1.03,0.0
20230614:0411,72.06,11.56,10.38,0.97,0.0
20230614:0511,137.75,18.2,11.81,0.62,0.0
20230614:0611,338.34,25.25,13.85,0.21,0.0
20230614:0711,534.07,32.38,14.29,0.21,0.0
20230614:0811,745.97,39.16,15.22,0.62,0.0
20230614:0911,889.51,45.09,16.02,1.03,0.0
20230614:1011,957.08,49.48,16.53,0.97,0.0
20230614:1111,1071.76,51.64,16.97,0.83,0.0
20230614:1211,1059.2,51.09,17.54,0.55,0.0
20230614:1311,981.95,47.98,17.88,0.48,0.0
20230614:1411,848.73,42.89,18.09,0.62,0.0
20230614:1511,643.13,36.56,17.95,0.48,0.0
20230614:1611,446.03,29.59,17.92,0.76,0.0
20230614:1711,248.17,22.45,17.36,1.31,0.0
20230614:1811,86.3,15.52,15.4,0.55,0.0
20230614:1911,54.27,9.13,16.07,0.48,0.0
20230614:2011,2.67,3.59,15.4,0.69,0.0
20230614:2111,0.0,0.0,14.62,0.55,0.0
20230614:2211,0.0,0.0,13.65,0.76,0.0
20230614:2311,0.0,0.0,12.67,0.9,0.0
20230615:0011,0.0,0.0,11.98,0.97,0.0
20230615:0111,0.0,0.0,11.27,1.1,0.0
20230615:0211,0.0,0.0,10.59,1.1,0.0
20230615:0311,4.45,5.68,10.23,1.17,0.0
20230615:0411,72.95,11.58,10.5,1.1,0.0
20230615:0511,136.9,18.22,12.27,0.76,0.0
20230615:0611,337.28,25.27,14.24,0.41,0.0
20230615:0711,542.55,32.39,15.14,0.28,0.0
20230615:0811,742.97,39.18,16.01,0.62,0.0
20230615:0911,904.77,45.11,16.54,0.83,0.0
20230615:1011,1015.83,49.51,17.15,0.9,0.0
20230615:1111,1064.32,51.68,17.62,0.76,0.0
20230615:1211,1002.68,51.15,18.11,0.69,0.0
20230615:1311,929.76,48.04,18.49,0.69,0.0
20230615:1411,845.98,42.96,18.69,0.76,0.0
20230615:1511,668.25,36.62,19.01,0.97,0.0
20230615:1611,321.28,29.65,18.24,0.34,0.0
20230615:1711,200.65,22.51,15.91,1.38,0.0
20230615:1811,64.06,15.58,15.66,0.76,0.0
20230615:1911,39.15,9.19,16.6,0.48,0.0
20230615:2011,2.67,3.65,16.21,0.41,0.0
20230615:2111,0.0,0.0,15.36,0.48,0.0
20230615:2211,0.0,0.0,14.37,0.69,0.0
20230615:2311,0.0,0.0,13.45,0.9,0.0
20230616:0011,0.0,0.0,12.61,0.97,0.0
20230616:0111,0.0,0.0,11.81,1.1,0.0
20230616:0211,0.0,0.0,11.14,1.17,0.0
20230616:0311,5.34,5.69,10.62,1.24,0.0
20230616:0411,72.95,11.59,10.71,1.1,0.0
20230616:0511,137.27,18.23,12.68,0.83,0.0
20230616:0611,328.75,25.28,13.93,0.55,0.0
20230616:0711,533.93,32.4,15.8,0.21,0.0
20230616:0811,742.41,39.19,16.68,0.41,0.0
20230616:0911,901.56,45.13,17.53,0.69,0.0
20230616:1011,1006.98,49.54,18.22,0.9,0.0
20230616:1111,1034.29,51.71,19.02,0.97,0.0
20230616:1211,955.74,51.19,19.49,1.1,0.0
20230616:1311,888.46,48.09,19.52,1.17,0.0
20230616:1411,825.14,43.01,18.32,0.97,0.0
20230616:1511,634.7,36.68,17.89,0.76,0.0
20230616:1611,290.2,29.71,18.05,0.9,0.0
20230616:1711,152.02,22.57,16.35,0.69,0.0
20230616:1811,17.79,15.64,15.43,1.1,0.0
20230616:1911,46.26,9.25,15.59,0.48,0.0
20230616:2011,2.67,3.7,15.15,0.55,0.0
20230616:2111,0.0,0.0,14.58,0.55,0.0
20230616:2211,0.0,0.0,13.89,0.62,0.0
20230616:2311,0.0,0.0,13.22,0.83,0.0
20230617:0011,0.0,0.0,12.5,0.9,0.0
20230617:0111,0.0,0.0,11.9,1.03,0.0
20230617:0211,0.0,0.0,11.24,1.1,0.0
20230617:0311,5.34,5.7,10.85,1.17,0.0
20230617:0411,48.04,11.6,10.96,1.03,0.0
20230617:0511,145.69,18.23,12.72,0.76,0.0
20230617:0611,336.17,25.28,14.49,0.62,0.0
20230617:0711,546.48,32.4,15.32,0.48,0.0
20230617:0811,715.33,39.2,16.15,0.69,0.0
20230617:0911,881.26,45.14,16.89,0.97,0.0
20230617:1011,1016.15,49.56,17.53,1.24,0.0
20230617:1111,1033.88,51.74,18.1,1.38,0.0
20230617:1211,948.82,51.23,18.26,1.38,0.0
20230617:1311,799.18,48.13,18.21,1.17,0.0
20230617:1411,126.44,43.06,17.92,1.31,0.0
20230617:1511,331.73,36.73,17.4,1.66,0.0
20230617:1611,319.25,29.76,16.97,0.83,0.0
20230617:1711,50.57,22.62,15.3,0.48,0.0
20230617:1811,73.84,15.69,14.48,0.9,0.0
20230617:1911,30.25,9.3,15.64,0.76,0.0
20230617:2011,2.67,3.75,15.16,0.83,0.0
20230617:2111,0.0,0.0,15.04,0.76,0.0
20230617:2211,0.0,0.0,14.18,0.97,0.0
20230617:2311,0.0,0.0,13.38,1.1,0.0
20230618:0011,0.0,0.0,12.58,1.17,0.0
20230618:0111,0.0,0.0,11.82,1.24,0.0
20230618:0211,0.0,0.0,11.2,1.31,0.0
20230618:0311,5.34,5.71,10.77,1.31,0.0
20230618:0411,63.17,11.6,10.87,1.24,0.0
20230618:0511,136.92,18.23,12.32,0.97,0.0
20230618:0611,292.1,25.28,14.78,0.83,0.0
20230618:0711,475.6,32.4,15.3,0.97,0.0
20230618:0811,744.9,39.2,16.08,0.9,0.0
20230618:0911,907.07,45.14,16.76,1.1,0.0
20230618:1011,798.78,49.57,16.8,1.52,0.0
20230618:1111,743.57,51.77,17.03,1.52,0.0
20230618:1211,981.02,51.26,16.74,1.66,0.0
20230618:1311,892.08,48.17,15.22,1.66,0.0
20230618:1411,697.85,43.1,15.9,1.1,0.0
20230618:1511,454.22,36.78,16.5,0.55,0.0
20230618:1611,97.4,29.81,16.86,0.62,0.0
20230618:1711,38.4,22.67,16.47,0.97,0.0
20230618:1811,23.13,15.74,14.96,1.17,0.0
20230618:1911,9.79,9.34,14.53,0.9,0.0
20230618:2011,5.34,3.79,13.14,0.97,0.0
20230618:2111,0.0,0.0,12.93,0.9,0.0
20230618:2211,0.0,0.0,12.79,0.76,0.0
20230618:2311,0.0,0.0,12.41,0.69,0.0
20230619:0011,0.0,0.0,12.06,0.69,0.0
20230619:0111,0.0,0.0,11.59,0.83,0.0
20230619:0211,0.0,0.0,11.0,0.97,0.0
20230619:0311,8.9,5.71,10.68,1.03,0.0
20230619:0411,12.46,11.59,10.11,1.1,0.0
20230619:0511,115.11,18.22,10.52,1.03,0.0
20230619:0611,108.64,25.27,11.81,1.17,0.0
20230619:0711,311.13,32.39,11.91,1.45,0.0
20230619:0811,359.15,39.19,12.08,1.59,0.0
20230619:0911,465.49,45.14,12.23,1.38,0.0
20230619:1011,263.1,49.58,12.62,1.38,0.0
20230619:1111,218.22,51.78,13.52,1.59,0.0
20230619:1211,167.65,51.29,14.04,1.52,0.0
20230619:1311,298.08,48.21,14.34,1.79,0.0
20230619:1411,253.59,43.14,14.74,1.86,0.0
20230619:1511,456.62,36.82,15.27,1.59,0.0
20230619:1611,262.49,29.85,15.42,1.79,0.0
20230619:1711,150.49,22.71,14.87,1.52,0.0
20230619:1811,100.53,15.78,14.55,1.38,0.0
20230619:1911,19.57,9.38,13.73,1.17,0.0
20230619:2011,2.67,3.83,12.91,0.97,0.0
20230619:2111,0.0,0.0,12.23,0.97,0.0
20230619:2211,0.0,0.0,12.25,0.97,0.0
20230619:2311,0.0,0.0,12.11,0.9,0.0
20230620:0011,0.0,0.0,11.68,0.9,0.0
20230620:0111,0.0,0.0,11.34,0.9,0.0
20230620:0211,0.0,0.0,10.89,0.97,0.0
20230620:0311,5.34,5.7,10.36,1.03,0.0
20230620:0411,16.01,11.58,9.61,1.03,0.0
20230620:0511,22.48,18.21,10.68,1.03,0.0
20230620:0611,41.21,25.25,11.73,1.1,0.0
20230620:0711,331.54,32.38,13.06,1.17,0.0
20230620:0811,430.29,39.18,14.22,1.17,0.0
20230620:0911,610.56,45.13,14.67,1.45,0.0
20230620:1011,924.83,49.58,14.93,1.24,0.0
20230620:1111,492.48,51.79,15.56,1.59,0.0
20230620:1211,188.25,51.31,15.82,1.38,0.0
20230620:1311,269.11,48.23,16.26,1.38,0.0
20230620:1411,495.37,43.17,16.4,1.52,0.0
20230620:1511,339.7,36.85,16.39,1.45,0.0
20230620:1611,116.13,29.88,16.74,1.24,0.0
20230620:1711,124.01,22.74,16.66,0.9,0.0
20230620:1811,74.73,15.81,16.46,0.9,0.0
20230620:1911,33.81,9.41,15.09,1.17,0.0
20230620:2011,4.45,3.86,14.22,0.97,0.0
20230620:2111,0.0,0.0,13.56,0.83,0.0
20230620:2211,0.0,0.0,13.25,0.9,0.0
20230620:2311,0.0,0.0,12.67,0.97,0.0
20230621:0011,0.0,0.0,12.06,1.03,0.0
20230621:0111,0.0,0.0,11.71,1.1,0.0
20230621:0211,0.0,0.0,11.39,1.03,0.0
20230621:0311,4.45,5.68,11.27,0.97,0.0
20230621:0411,12.46,11.56,11.33,0.97,0.0
20230621:0511,126.95,18.19,11.59,0.97,0.0
20230621:0611,215.72,25.23,13.23,1.17,0.0
20230621:0711,263.45,32.36,13.76,1.59,0.0
20230621:0811,373.89,39.16,14.38,2.28,0.0
20230621:0911,215.79,45.12,14.82,2.41,0.0
20230621:1011,502.26,49.57,15.35,2.41,0.0
20230621:1111,861.96,51.79,15.72,2.28,0.0
20230621:1211,492.08,51.32,15.96,2.14,0.0
20230621:1311,147.98,48.25,15.69,2.0,0.0
20230621:1411,185.44,43.2,14.57,1.17,0.0
20230621:1511,118.01,36.88,13.34,0.48,0.0
20230621:1611,63.69,29.91,13.19,0.76,0.0
20230621:1711,34.65,22.77,13.21,0.55,0.0
20230621:1811,28.47,15.84,12.94,0.62,0.0
20230621:1911,9.79,9.44,12.95,0.9,0.0
20230621:2011,2.67,3.88,11.67,0.9,0.0
20230621:2111,0.0,0.0,10.63,1.1,0.0
20230621:2211,0.0,0.0,9.61,1.31,0.0
20230621:2311,0.0,0.0,7.89,1.59,0.0
20230622:0011,0.0,0.0,7.16,1.72,0.0
20230622:0111,0.0,0.0,6.79,1.66,0.0
20230622:0211,0.0,0.0,6.59,1.59,0.0
20230622:0311,5.34,5.66,6.48,1.52,0.0
20230622:0411,12.46,11.54,6.98,1.59,0.0
20230622:0511,44.96,18.16,7.6,1.93,0.0
20230622:0611,130.04,25.2,7.6,2.0,0.0
20230622:0711,183.02,32.33,9.47,1.59,0.0
20230622:0811,398.86,39.14,10.31,1.79,0.0
20230622:0911,296.08,45.1,10.4,2.0,0.0
20230622:1011,351.44,49.56,11.35,2.41,0.0
20230622:1111,548.79,51.79,11.32,2.48,0.0
20230622:1211,222.9,51.32,11.48,2.69,0.0
20230622:1311,314.94,48.27,11.53,2.69,0.0
20230622:1411,209.21,43.22,11.32,2.69,0.0
20230622:1511,143.3,36.9,10.91,2.55,0.0
20230622:1611,88.04,29.94,10.14,2.34,0.0
20230622:1711,63.69,22.8,9.92,2.62,0.0
20230622:1811,79.18,15.86,9.37,2.41,0.0
20230622:1911,46.26,9.46,8.01,2.21,0.0
20230622:2011,2.67,3.9,7.45,1.72,0.0
20230622:2111,0.0,0.0,6.81,1.52,0.0
20230622:2211,0.0,0.0,6.34,1.31,0.0
20230622:2311,0.0,0.0,5.45,1.17,0.0
20230623:0011,0.0,0.0,5.29,1.1,0.0
20230623:0111,0.0,0.0,5.66,1.52,0.0
20230623:0211,0.0,0.0,5.6,1.52,0.0
20230623:0311,5.34,5.64,5.67,1.52,0.0
20230623:0411,12.46,11.51,5.89,1.52,0.0
20230623:0511,93.97,18.13,6.03,1.52,0.0
20230623:0611,233.59,25.17,6.09,1.45,0.0
20230623:0711,355.26,32.3,7.53,1.72,0.0
20230623:0811,351.19,39.11,8.23,1.66,0.0
20230623:0911,608.25,45.07,9.0,1.72,0.0
20230623:1011,301.53,49.54,9.73,1.86,0.0
20230623:1111,605.84,51.78,10.37,1.79,0.0
20230623:1211,796.63,51.32,10.96,1.72,0.0
20230623:1311,668.92,48.27,11.79,1.72,0.0
20230623:1411,863.07,43.23,12.32,1.52,0.0
20230623:1511,652.63,36.92,12.75,1.52,0.0
20230623:1611,295.31,29.96,12.89,1.52,0.0
20230623:1711,190.1,22.81,12.74,1.45,0.0
20230623:1811,71.17,15.88,12.37,1.45,0.0
20230623:1911,36.48,9.47,11.15,1.45,0.0
20230623:2011,17.79,3.91,10.44,1.17,0.0
20230623:2111,0.0,0.0,9.28,0.83,0.0
20230623:2211,0.0,0.0,9.32,0.55,0.0
20230623:2311,0.0,0.0,8.74,0.34,0.0
20230624:0011,0.0,0.0,8.25,0.41,0.0
20230624:0111,0.0,0.0,7.84,0.48,0.0
20230624:0211,0.0,0.0,7.37,0.55,0.0
20230624:0311,24.02,5.6,7.17,0.62,0.0
20230624:0411,69.39,11.48,7.37,0.48,0.0
20230624:0511,135.32,18.09,8.48,0.21,0.0
20230624:0611,321.24,25.13,9.44,0.55,0.0
20230624:0711,547.21,32.26,9.79,0.62,0.0
20230624:0811,745.85,39.07,10.99,0.97,0.0
20230624:0911,909.79,45.04,12.08,1.24,0.0
20230624:1011,1024.18,49.51,12.97,1.38,0.0
20230624:1111,1078.81,51.76,13.78,1.52,0.0
20230624:1211,1064.07,51.31,14.59,1.72,0.0
20230624:1311,992.7,48.27,14.95,1.72,0.0
20230624:1411,838.04,43.24,15.38,1.72,0.0
20230624:1511,651.82,36.93,15.57,1.52,0.0
20230624:1611,365.12,29.97,15.51,1.24,0.0
20230624:1711,227.45,22.83,15.47,1.1,0.0
20230624:1811,52.49,15.89,15.18,1.1,0.0
20230624:1911,39.15,9.48,14.47,0.9,0.0
20230624:2011,8.9,3.91,13.42,0.76,0.0
20230624:2111,0.0,0.0,13.4,0.48,0.0
20230624:2211,0.0,0.0,12.74,0.41,0.0
20230624:2311,0.0,0.0,12.25,0.55,0.0
20230625:0011,0.0,0.0,11.5,0.69,0.0
20230625:0111,0.0,0.0,10.7,0.83,0.0
20230625:0211,0.0,0.0,10.15,0.9,0.0
20230625:0311,27.58,5.56,9.72,0.97,0.0
20230625:0411,48.04,11.43,9.75,0.97,0.0
20230625:0511,132.28,18.05,11.17,0.69,0.0
20230625:0611,320.0,25.09,13.18,0.48,0.0
20230625:0711,529.08,32.22,14.08,0.62,0.0
20230625:0811,716.17,39.03,15.14,0.62,0.0
20230625:0911,858.83,45.0,16.2,0.9,0.0
20230625:1011,978.02,49.48,17.14,1.24,0.0
20230625:1111,1023.47,51.73,18.01,1.31,0.0
20230625:1211,1020.12,51.29,18.82,1.24,0.0
20230625:1311,942.98,48.26,19.27,1.03,0.0
20230625:1411,854.08,43.24,19.65,0.9,0.0
20230625:1511,678.8,36.93,19.87,0.83,0.0
20230625:1611,349.23,29.97,19.88,0.83,0.0
20230625:1711,225.17,22.83,19.62,0.97,0.0
20230625:1811,53.38,15.89,19.25,1.1,0.0
20230625:1911,22.24,9.48,18.96,0.97,0.0
20230625:2011,17.79,3.91,17.9,1.03,0.0
20230625:2111,0.0,0.0,18.25,0.9,0.0
20230625:2211,0.0,0.0,17.44,0.9,0.0
20230625:2311,0.0,0.0,16.47,0.97,0.0
20230626:0011,0.0,0.0,15.47,1.03,0.0
20230626:0111,0.0,0.0,14.36,1.17,0.0
20230626:0211,0.0,0.0,13.38,1.31,0.0
20230626:0311,29.36,5.52,12.46,1.38,0.0
20230626:0411,43.59,11.39,11.37,1.45,0.0
20230626:0511,130.64,18.0,12.18,1.31,0.0
20230626:0611,321.37,25.04,14.74,1.45,0.0
20230626:0711,522.96,32.17,15.31,1.79,0.0
20230626:0811,711.56,38.98,15.79,2.55,0.0
20230626:0911,858.1,44.96,16.45,2.83,0.0
20230626:1011,947.32,49.43,17.34,3.1,0.0
20230626:1111,991.6,51.7,18.1,3.24,0.0
20230626:1211,946.65,51.27,18.13,3.1,0.0
20230626:1311,325.27,48.25,17.47,2.83,0.0
20230626:1411,221.75,43.23,17.6,3.1,0.0
20230626:1511,589.21,36.93,17.43,3.03,0.0
20230626:1611,181.12,29.97,16.82,2.28,0.0
20230626:1711,49.64,22.83,16.37,2.21,0.0
20230626:1811,17.79,15.89,15.43,1.93,0.0
20230626:1911,9.79,9.47,13.63,0.97,0.0
20230626:2011,2.67,3.9,13.19,0.9,0.0
20230626:2111,0.0,0.0,12.35,0.97,0.0
20230626:2211,0.0,0.0,11.91,0.62,0.0
20230626:2311,0.0,0.0,11.39,0.69,0.0
20230627:0011,0.0,0.0,10.94,0.62,0.0
20230627:0111,0.0,0.0,10.51,0.48,0.0
20230627:0211,0.0,0.0,10.33,0.83,0.0
20230627:0311,4.45,5.47,10.2,0.83,0.0
20230627:0411,31.14,11.33,10.23,0.76,0.0
20230627:0511,27.16,17.94,10.07,0.69,0.0
20230627:0611,77.74,24.98,10.29,0.62,0.0
20230627:0711,159.34,32.11,11.5,0.83,0.0
20230627:0811,226.26,38.93,11.56,1.03,0.0
20230627:0911,218.6,44.9,12.51,1.1,0.0
20230627:1011,241.14,49.39,12.48,0.69,0.0
20230627:1111,242.1,51.66,13.14,1.03,0.0
20230627:1211,156.41,51.24,13.78,1.38,0.0
20230627:1311,338.45,48.23,13.15,1.24,0.0
20230627:1411,417.68,43.22,13.81,1.24,0.0
20230627:1511,360.2,36.92,14.15,1.17,0.0
20230627:1611,299.96,29.97,14.24,1.24,0.0
20230627:1711,177.52,22.82,14.34,1.45,0.0
20230627:1811,88.08,15.88,14.0,1.38,0.0
20230627:1911,30.25,9.46,13.4,1.24,0.0
20230627:2011,2.67,3.88,12.78,0.76,0.0
20230627:2111,0.0,0.0,12.04,0.48,0.0
20230627:2211,0.0,0.0,11.88,0.21,0.0
20230627:2311,0.0,0.0,11.35,0.34,0.0
20230628:0011,0.0,0.0,10.78,0.55,0.0
20230628:0111,0.0,0.0,10.13,0.76,0.0
20230628:0211,0.0,0.0,9.54,0.9,0.0
20230628:0311,7.12,5.41,9.0,0.97,0.0
20230628:0411,64.06,11.27,9.16,0.9,0.0
20230628:0511,129.73,17.88,10.17,0.76,0.0
20230628:0611,320.77,24.92,12.99,0.62,0.0
20230628:0711,530.94,32.05,13.69,0.76,0.0
20230628:0811,721.47,38.87,14.82,1.17,0.0
20230628:0911,827.48,44.85,15.79,1.66,0.0
20230628:1011,886.81,49.34,16.35,1.72,0.0
20230628:1111,920.92,51.61,16.77,1.72,0.0
20230628:1211,1006.1,51.21,16.88,1.79,0.0
20230628:1311,568.08,48.2,17.01,1.86,0.0
20230628:1411,643.32,43.2,16.97,1.93,0.0
20230628:1511,400.39,36.91,16.61,1.79,0.0
20230628:1611,204.11,29.95,16.21,1.59,0.0
20230628:1711,97.4,22.81,15.6,1.52,0.0
20230628:1811,30.25,15.86,14.71,1.31,0.0
20230628:1911,9.79,9.44,14.63,1.17,0.0
20230628:2011,2.67,3.86,13.8,0.97,0.0
20230628:2111,0.0,0.0,12.71,0.83,0.0
20230628:2211,0.0,0.0,12.68,0.69,0.0
20230628:2311,0.0,0.0,12.16,0.76,0.0
20230629:0011,0.0,0.0,11.75,0.76,0.0
20230629:0111,0.0,0.0,11.31,0.76,0.0
20230629:0211,0.0,0.0,11.02,0.62,0.0
20230629:0311,19.57,5.34,10.59,0.41,0.0
20230629:0411,14.23,11.21,10.43,0.48,0.0
20230629:0511,21.54,17.82,10.13,0.62,0.0
20230629:0611,88.97,24.86,10.42,0.76,0.0
20230629:0711,176.46,31.99,11.28,0.97,0.0
20230629:0811,211.61,38.8,12.24,1.24,0.0
20230629:0911,290.47,44.78,12.59,1.38,0.0
20230629:1011,340.18,49.28,13.22,1.52,0.0
20230629:1111,288.55,51.56,13.7,1.52,0.0
20230629:1211,518.74,51.16,14.07,1.52,0.0
20230629:1311,418.77,48.17,13.84,1.1,0.0
20230629:1411,299.64,43.17,13.54,1.17,0.0
20230629:1511,341.72,36.89,13.44,1.31,0.0
20230629:1611,97.4,29.93,13.02,1.1,0.0
20230629:1711,41.21,22.79,12.45,1.1,0.0
20230629:1811,39.15,15.84,11.93,0.97,0.0
20230629:1911,9.79,9.42,11.07,0.83,0.0
20230629:2011,2.67,3.83,10.66,0.83,0.0
20230629:2111,0.0,0.0,10.32,0.97,0.0
20230629:2211,0.0,0.0,9.92,1.03,0.0
20230629:2311,0.0,0.0,9.56,0.97,0.0
20230630:0011,0.0,0.0,9.28,0.97,0.0
20230630:0111,0.0,0.0,9.0,0.97,0.0
20230630:0211,0.0,0.0,8.81,0.9,0.0
20230630:0311,4.45,5.27,8.56,0.83,0.0
20230630:0411,11.57,11.14,8.39,0.9,0.0
20230630:0511,25.29,17.75,8.12,1.1,0.0
20230630:0611,56.19,24.79,7.66,1.31,0.0
20230630:0711,162.15,31.92,7.6,1.24,0.0
20230630:0811,244.38,38.73,8.02,1.31,0.0
20230630:0911,258.09,44.71,8.98,1.38,0.0
20230630:1011,235.52,49.21,9.28,1.38,0.0
20230630:1111,0.0,0.0,9.06,1.52,0.0
20230630:1211,276.32,51.11,8.66,1.38,0.0
20230630:1311,283.64,48.13,9.86,1.38,0.0
20230630:1411,555.37,43.14,9.92,1.66,0.0
20230630:1511,363.71,36.86,10.26,1.59,0.0
20230630:1611,148.97,29.91,10.5,1.45,0.0
20230630:1711,124.04,22.77,10.5,1.38,0.0
20230630:1811,90.75,15.82,10.08,1.1,0.0
20230630:1911,24.91,9.39,9.82,0.97,0.0
20230630:2011,2.67,3.79,9.33,0.97,0.0
20230630:2111,0.0,0.0,8.6,0.9,0.0
20230630:2211,0.0,0.0,8.38,0.62,0.0
20230630:2311,0.0,0.0,8.11,0.62,0.0
20230701:0011,0.0,0.0,7.82,0.55,0.0
20230701:0111,0.0,0.0,7.54,0.48,0.0
20230701:0211,0.0,0.0,7.48,0.41,0.0
20230701:0311,4.45,5.2,7.34,0.41,0.0
20230701:0411,24.91,11.06,7.32,0.34,0.0
20230701:0511,138.06,17.67,7.41,0.28,0.0
20230701:0611,293.8,24.71,7.77,0.34,0.0
20230701:0711,493.82,31.84,8.99,0.28,0.0
20230701:0811,628.48,38.65,9.53,0.14,0.0
20230701:0911,725.77,44.64,10.21,0.62,0.0
20230701:1011,764.67,49.14,10.73,0.83,0.0
20230701:1111,858.84,51.44,11.62,0.97,0.0
20230701:1211,724.49,51.06,12.04,0.69,0.0
20230701:1311,495.39,48.08,12.76,0.69,0.0
20230701:1411,481.75,43.1,13.17,0.97,0.0
20230701:1511,118.01,36.83,13.39,1.17,0.0
20230701:1611,181.17,29.88,13.46,1.38,0.0
20230701:1711,170.92,22.74,13.36,1.31,0.0
20230701:1811,87.19,15.78,12.06,1.1,0.0
20230701:1911,25.8,9.35,12.08,0.97,0.0
20230701:2011,11.57,3.75,11.59,0.83,0.0
20230701:2111,0.0,0.0,10.48,0.83,0.0
20230701:2211,0.0,0.0,9.81,0.9,0.0
20230701:2311,0.0,0.0,9.44,0.9,0.0
20230702:0011,0.0,0.0,8.88,1.03,0.0
20230702:0111,0.0,0.0,8.16,1.1,0.0
20230702:0211,0.0,0.0,7.76,1.1,0.0
20230702:0311,4.45,5.12,7.85,1.1,0.0
20230702:0411,32.03,10.98,7.79,1.03,0.0
20230702:0511,122.64,17.59,8.79,0.97,0.0
20230702:0611,70.24,24.63,9.38,0.83,0.0
20230702:0711,126.44,31.76,9.46,0.97,0.0
20230702:0811,141.42,38.57,9.68,0.76,0.0
20230702:0911,216.74,44.56,10.13,0.69,0.0
20230702:1011,196.68,49.06,10.1,0.83,0.0
20230702:1111,236.48,51.36,10.57,0.76,0.0
20230702:1211,443.44,50.99,10.43,0.76,0.0
20230702:1311,154.53,48.03,10.45,0.9,0.0
20230702:1411,312.09,43.05,10.83,0.55,0.0
20230702:1511,344.52,36.79,10.74,0.41,0.0
20230702:1611,243.41,29.84,10.59,0.41,0.0
20230702:1711,107.45,22.7,10.1,0.55,0.0
20230702:1811,69.39,15.74,9.94,0.34,0.0
20230702:1911,34.7,9.31,9.67,0.28,0.0
20230702:2011,2.67,3.7,9.36,0.48,0.0
20230702:2111,0.0,0.0,9.03,0.55,0.0
20230702:2211,0.0,0.0,8.56,0.62,0.0
20230702:2311,0.0,0.0,8.32,0.69,0.0
20230703:0011,0.0,0.0,8.28,0.76,0.0
20230703:0111,0.0,0.0,8.07,0.62,0.0
20230703:0211,0.0,0.0,7.86,0.62,0.0
20230703:0311,4.45,5.03,7.73,0.97,0.0
20230703:0411,11.57,10.89,7.54,0.97,0.0
20230703:0511,71.18,17.5,7.42,1.03,0.0
20230703:0611,110.52,24.54,7.13,1.1,0.0
20230703:0711,192.8,31.67,8.15,0.9,0.0
20230703:0811,278.26,38.48,7.99,0.97,0.0
20230703:0911,292.84,44.47,8.32,1.24,0.0
20230703:1011,276.26,48.97,8.35,1.24,0.0
20230703:1111,123.63,51.28,9.1,1.38,0.0
20230703:1211,299.42,50.92,9.43,1.52,0.0
20230703:1311,70.24,47.97,9.46,1.66,0.0
20230703:1411,383.01,43.0,9.78,1.66,0.0
20230703:1511,152.66,36.74,9.68,1.79,0.0
20230703:1611,67.43,29.8,9.01,1.72,0.0
20230703:1711,61.81,22.66,9.13,1.31,0.0
20230703:1811,17.79,15.7,8.41,0.9,0.0
20230703:1911,11.57,9.26,9.22,0.97,0.0
20230703:2011,2.67,3.65,8.47,1.03,0.0
20230703:2111,0.0,0.0,7.62,0.76,0.0
20230703:2211,0.0,0.0,7.6,0.69,0.0
20230703:2311,0.0,0.0,7.28,0.48,0.0
20230704:0011,0.0,0.0,7.08,0.34,0.0
20230704:0111,0.0,0.0,6.73,0.28,0.0
20230704:0211,0.0,0.0,6.44,0.28,0.0
20230704:0311,4.45,4.94,6.24,0.28,0.0
20230704:0411,11.57,10.8,6.18,0.28,0.0
20230704:0511,47.77,17.41,6.39,0.55,0.0
20230704:0611,106.77,24.45,7.02,1.03,0.0
20230704:0711,190.93,31.58,8.0,1.45,0.0
20230704:0811,383.92,38.39,8.72,1.38,0.0
20230704:0911,393.88,44.38,9.87,1.38,0.0
20230704:1011,358.84,48.88,9.26,1.45,0.0
20230704:1111,344.53,51.2,10.21,1.79,0.0
20230704:1211,337.81,50.84,10.7,2.07,0.0
20230704:1311,420.27,47.9,10.76,2.07,0.0
20230704:1411,550.82,42.94,10.23,2.14,0.0
20230704:1511,493.6,36.69,10.31,1.79,0.0
20230704:1611,258.5,29.75,9.98,1.66,0.0
20230704:1711,143.12,22.61,9.33,1.66,0.0
20230704:1811,101.42,15.65,8.73,1.59,0.0
20230704:1911,14.23,9.2,8.3,1.45,0.0
20230704:2011,2.67,3.58,7.7,1.38,0.0
20230704:2111,0.0,0.0,6.96,1.24,0.0
20230704:2211,0.0,0.0,6.61,1.17,0.0
20230704:2311,0.0,0.0,6.45,1.17,0.0
20230705:0011,0.0,0.0,6.24,1.1,0.0
20230705:0111,0.0,0.0,6.07,1.03,0.0
20230705:0211,0.0,0.0,5.8,0.9,0.0
20230705:0311,4.45,4.84,5.76,0.76,0.0
20230705:0411,11.57,10.7,5.78,0.69,0.0
20230705:0511,59.94,17.31,5.93,0.55,0.0
20230705:0611,194.16,24.35,6.32,0.28,0.0
20230705:0711,0.0,0.0,6.68,0.07,0.0
20230705:0811,345.03,38.29,7.3,0.41,0.0
20230705:0911,538.23,44.28,7.7,0.41,0.0
20230705:1011,610.34,48.79,8.16,0.48,0.0
20230705:1111,531.52,51.1,8.51,0.48,0.0
20230705:1211,728.02,50.76,8.75,0.34,0.0
20230705:1311,768.41,47.83,10.07,0.97,0.0
20230705:1411,780.57,42.88,11.32,1.24,0.0
20230705:1511,631.46,36.63,12.1,1.38,0.0
20230705:1611,292.04,29.69,12.25,1.45,0.0
20230705:1711,175.0,22.55,12.08,1.1,0.0
20230705:1811,97.86,15.59,11.74,0.9,0.0
20230705:1911,40.04,9.14,11.34,1.03,0.0
20230705:2011,2.67,3.52,10.8,0.97,0.0
20230705:2111,0.0,0.0,9.63,0.97,0.0
20230705:2211,0.0,0.0,9.26,0.9,0.0
20230705:2311,0.0,0.0,8.95,0.9,0.0
20230706:0011,0.0,0.0,8.82,0.9,0.0
20230706:0111,0.0,0.0,8.63,0.83,0.0
20230706:0211,0.0,0.0,8.46,0.76,0.0
20230706:0311,3.56,4.74,7.99,0.76,0.0
20230706:0411,10.68,10.6,7.91,0.69,0.0
20230706:0511,41.21,17.21,8.52,0.76,0.0
20230706:0611,185.55,24.25,8.76,0.69,0.0
20230706:0711,257.95,31.38,9.69,1.03,0.0
20230706:0811,326.72,38.19,10.57,1.1,0.0
20230706:0911,454.11,44.18,10.75,1.1,0.0
20230706:1011,288.5,48.68,10.66,0.76,0.0
20230706:1111,493.04,51.01,11.05,0.62,0.0
20230706:1211,307.99,50.67,11.28,0.41,0.0
20230706:1311,699.39,47.75,11.32,0.48,0.0
20230706:1411,434.0,42.81,11.53,0.76,0.0
20230706:1511,108.64,36.56,11.47,1.03,0.0
20230706:1611,83.35,29.63,11.13,1.03,0.0
20230706:1711,120.32,22.49,10.46,1.1,0.0
20230706:1811,86.3,15.52,10.12,0.76,0.0
20230706:1911,53.38,9.07,9.31,1.03,0.0
20230706:2011,16.01,3.44,8.98,1.17,0.0
20230706:2111,0.0,0.0,8.63,1.1,0.0
20230706:2211,0.0,0.0,8.46,1.03,0.0
20230706:2311,0.0,0.0,8.34,1.1,0.0
20230707:0011,0.0,0.0,8.26,1.17,0.0
20230707:0111,0.0,0.0,8.25,1.17,0.0
20230707:0211,0.0,0.0,8.14,1.17,0.0
20230707:0311,3.56,4.63,8.01,1.17,0.0
20230707:0411,10.68,10.49,7.73,1.45,0.0
20230707:0511,32.78,17.1,7.76,1.1,0.0
20230707:0611,80.55,24.14,7.94,1.1,0.0
20230707:0711,156.54,31.27,8.54,1.38,0.0
20230707:0811,278.72,38.08,9.3,1.52,0.0
20230707:0911,311.53,44.07,9.84,1.59,0.0
20230707:1011,266.44,48.57,10.63,1.52,0.0
20230707:1111,264.64,50.9,11.35,1.52,0.0
20230707:1211,334.15,50.57,12.05,1.86,0.0
20230707:1311,295.48,47.66,12.42,1.93,0.0
20230707:1411,478.82,42.73,12.55,1.72,0.0
20230707:1511,550.59,36.49,12.65,2.07,0.0
20230707:1611,363.53,29.56,12.11,1.93,0.0
20230707:1711,223.99,22.42,11.73,1.59,0.0
20230707:1811,27.58,15.45,11.53,1.24,0.0
20230707:1911,32.92,8.99,11.63,1.1,0.0
20230707:2011,2.67,3.36,11.21,1.03,0.0
20230707:2111,0.0,0.0,10.33,0.69,0.0
20230707:2211,0.0,0.0,10.36,0.48,0.0
20230707:2311,0.0,0.0,10.04,0.28,0.0
20230708:0011,0.0,0.0,9.83,0.14,0.0
20230708:0111,0.0,0.0,9.57,0.28,0.0
20230708:0211,0.0,0.0,9.31,0.34,0.0
20230708:0311,22.24,4.51,8.83,0.55,0.0
20230708:0411,45.37,10.37,8.66,0.62,0.0
20230708:0511,117.53,16.98,9.14,0.48,0.0
20230708:0611,313.52,24.03,10.71,0.21,0.0
20230708:0711,483.88,31.16,11.93,0.48,0.0
20230708:0811,639.92,37.97,12.67,0.83,0.0
20230708:0911,761.79,43.95,13.61,0.97,0.0
20230708:1011,949.19,48.46,14.39,1.17,0.0
20230708:1111,960.29,50.79,15.26,1.1,0.0
20230708:1211,945.33,50.47,15.44,1.52,0.0
20230708:1311,821.93,47.57,15.42,1.66,0.0
20230708:1411,820.51,42.65,15.66,1.45,0.0
20230708:1511,677.19,36.41,15.68,1.17,0.0
20230708:1611,340.91,29.49,15.86,1.03,0.0
20230708:1711,213.86,22.34,15.8,1.1,0.0
20230708:1811,99.64,15.37,15.29,1.03,0.0
20230708:1911,39.15,8.91,14.97,1.03,0.0
20230708:2011,14.23,3.27,14.47,0.83,0.0
20230708:2111,0.0,0.0,14.04,0.55,0.0
20230708:2211,0.0,0.0,13.55,0.41,0.0
20230708:2311,0.0,0.0,13.15,0.34,0.0
20230709:0011,0.0,0.0,12.81,0.48,0.0
20230709:0111,0.0,0.0,12.41,0.62,0.0
20230709:0211,0.0,0.0,12.08,0.69,0.0
20230709:0311,3.56,4.39,11.49,0.76,0.0
20230709:0411,42.7,10.26,11.26,0.83,0.0
20230709:0511,102.88,16.87,11.82,0.62,0.0
20230709:0611,260.01,23.91,13.45,0.55,0.0
20230709:0711,519.3,31.04,14.25,0.55,0.0
20230709:0811,686.31,37.85,15.31,0.9,0.0
20230709:0911,863.35,43.83,16.12,1.24,0.0
20230709:1011,998.09,48.34,16.83,1.38,0.0
20230709:1111,1014.44,50.67,17.2,1.52,0.0
20230709:1211,1047.48,50.36,17.57,1.52,0.0
20230709:1311,975.47,47.47,17.85,1.45,0.0
20230709:1411,804.83,42.55,17.96,1.38,0.0
20230709:1511,672.69,36.33,17.84,1.31,0.0
20230709:1611,376.08,29.4,17.68,1.1,0.0
20230709:1711,235.08,22.26,17.74,0.97,0.0
20230709:1811,54.27,15.29,17.56,0.76,0.0
20230709:1911,37.37,8.82,17.13,0.97,0.0
20230709:2011,9.79,3.18,16.4,0.76,0.0
20230709:2111,0.0,0.0,15.79,0.41,0.0
20230709:2211,0.0,0.0,15.08,0.34,0.0
20230709:2311,0.0,0.0,14.37,0.69,0.0
20230710:0011,0.0,0.0,13.56,0.9,0.0
20230710:0111,0.0,0.0,12.76,1.03,0.0
20230710:0211,0.0,0.0,12.15,1.1,0.0
20230710:0311,3.56,4.27,11.26,1.17,0.0
20230710:0411,9.79,10.13,10.95,1.17,0.0
20230710:0511,19.67,16.74,12.01,0.97,0.0
20230710:0611,257.43,23.79,14.5,0.97,0.0
20230710:0711,118.94,30.92,15.31,1.03,0.0
20230710:0811,163.9,37.72,16.02,1.03,0.0
20230710:0911,192.93,43.7,16.53,1.45,0.0
20230710:1011,278.7,48.21,16.82,1.93,0.0
20230710:1111,223.84,50.55,16.97,2.07,0.0
20230710:1211,272.2,50.24,16.89,1.86,0.0
20230710:1311,434.16,47.36,16.8,1.79,0.0
20230710:1411,250.99,42.46,16.46,2.0,0.0
20230710:1511,172.6,36.24,15.57,1.86,0.0
20230710:1611,163.22,29.32,14.56,1.03,0.0
20230710:1711,62.75,22.18,14.04,0.62,0.0
20230710:1811,20.46,15.2,13.32,0.41,0.0
20230710:1911,8.01,8.73,12.65,0.48,0.0
20230710:2011,1.78,3.08,12.3,0.48,0.0
20230710:2111,0.0,0.0,11.83,0.55,0.0
20230710:2211,0.0,0.0,11.6,0.62,0.0
20230710:2311,0.0,0.0,11.23,0.69,0.0
20230711:0011,0.0,0.0,10.97,0.69,0.0
20230711:0111,0.0,0.0,10.71,0.69,0.0
20230711:0211,0.0,0.0,10.46,0.62,0.0
20230711:0311,3.56,4.14,10.35,0.76,0.0
20230711:0411,11.57,10.0,10.43,0.62,0.0
20230711:0511,90.67,16.62,10.2,0.62,0.0
20230711:0611,201.48,23.66,10.36,0.69,0.0
20230711:0711,252.73,30.79,10.74,0.76,0.0
20230711:0811,350.27,37.6,11.6,0.62,0.0
20230711:0911,541.71,43.57,11.99,0.83,0.0
20230711:1011,349.35,48.08,12.71,1.1,0.0
20230711:1111,172.33,50.42,12.95,1.17,0.0
20230711:1211,497.55,50.12,14.16,1.38,0.0
20230711:1311,155.47,47.25,14.16,2.0,0.0
20230711:1411,91.78,42.35,12.95,1.59,0.0
20230711:1511,88.97,36.14,12.03,1.17,0.0
20230711:1611,84.29,29.22,11.68,1.31,0.0
20230711:1711,31.84,22.08,11.57,1.52,0.0
20230711:1811,56.94,15.1,11.21,1.52,0.0
20230711:1911,8.01,8.63,10.19,1.31,0.0
20230711:2011,1.78,2.97,10.08,1.45,0.0
20230711:2111,0.0,0.0,9.76,1.52,0.0
20230711:2211,0.0,0.0,9.43,1.45,0.0
20230711:2311,0.0,0.0,9.2,1.45,0.0
20230712:0011,0.0,0.0,8.76,1.38,0.0
20230712:0111,0.0,0.0,8.57,1.38,0.0
20230712:0211,0.0,0.0,8.56,1.03,0.0
20230712:0311,2.67,4.0,8.66,0.97,0.0
20230712:0411,9.79,9.87,8.51,0.76,0.0
20230712:0511,112.23,16.48,8.83,0.69,0.0
20230712:0611,150.54,23.53,9.13,0.55,0.0
20230712:0711,434.17,30.66,10.44,1.03,0.0
20230712:0811,601.75,37.46,11.28,1.03,0.0
20230712:0911,369.19,43.44,12.23,0.97,0.0
20230712:1011,174.2,47.94,13.03,0.83,0.0
20230712:1111,284.02,50.28,13.08,0.76,0.0
20230712:1211,130.18,49.99,13.12,1.59,0.0
20230712:1311,280.1,47.13,12.94,1.45,0.0
20230712:1411,234.81,42.24,12.56,1.31,0.0
20230712:1511,347.24,36.04,12.35,0.9,0.0
20230712:1611,343.97,29.12,11.84,0.97,0.0
20230712:1711,189.92,21.98,10.62,0.69,0.0
20230712:1811,28.47,15.0,10.22,0.9,0.0
20230712:1911,8.01,8.52,10.11,0.76,0.0
20230712:2011,1.78,2.86,9.84,0.55,0.0
20230712:2111,0.0,0.0,9.52,0.62,0.0
20230712:2211,0.0,0.0,8.77,0.69,0.0
20230712:2311,0.0,0.0,8.4,0.76,0.0
20230713:0011,0.0,0.0,8.27,0.62,0.0
20230713:0111,0.0,0.0,7.88,0.62,0.0
20230713:0211,0.0,0.0,7.82,0.55,0.0
20230713:0311,2.67,3.86,7.46,0.41,0.0
20230713:0411,30.25,9.73,7.84,0.62,0.0
20230713:0511,124.12,16.35,7.99,0.76,0.0
20230713:0611,249.39,23.39,8.49,0.9,0.0
20230713:0711,483.01,30.52,9.24,0.97,0.0
20230713:0811,674.27,37.32,9.79,1.17,0.0
20230713:0911,633.01,43.3,10.49,1.45,0.0
20230713:1011,310.92,47.8,11.24,1.59,0.0
20230713:1111,329.26,50.14,11.3,1.66,0.0
20230713:1211,577.74,49.85,11.49,1.59,0.0
20230713:1311,288.61,47.0,11.82,1.66,0.0
20230713:1411,227.85,42.13,11.94,1.79,0.0
20230713:1511,194.44,35.93,11.78,2.21,0.0
20230713:1611,96.47,29.02,10.85,2.28,0.0
20230713:1711,175.42,21.88,9.67,2.14,0.0
20230713:1811,16.9,14.89,8.97,1.79,0.0
20230713:1911,8.01,8.41,8.42,1.59,0.0
20230713:2011,8.01,2.74,7.62,1.38,0.0
20230713:2111,0.0,0.0,7.05,1.79,0.0
20230713:2211,0.0,0.0,6.97,2.0,0.0
20230713:2311,0.0,0.0,6.63,1.52,0.0
20230714:0011,0.0,0.0,6.58,1.38,0.0
20230714:0111,0.0,0.0,6.26,1.59,0.0
20230714:0211,0.0,0.0,5.62,1.31,0.0
20230714:0311,2.67,3.71,5.42,1.45,0.0
20230714:0411,9.79,9.59,5.34,1.45,0.0
20230714:0511,66.5,16.21,5.43,1.31,0.0
20230714:0611,209.63,23.25,5.11,1.31,0.0
20230714:0711,368.77,30.38,6.24,1.52,0.0
20230714:0811,488.46,37.18,6.95,1.59,0.0
20230714:0911,637.68,43.15,7.9,1.72,0.0
20230714:1011,723.15,47.65,8.67,1.86,0.0
20230714:1111,735.37,49.99,9.33,2.0,0.0
20230714:1211,650.78,49.71,9.57,2.0,0.0
20230714:1311,752.67,46.87,10.21,2.0,0.0
20230714:1411,632.59,42.0,10.66,2.0,0.0
20230714:1511,661.54,35.81,10.77,1.66,0.0
20230714:1611,458.79,28.9,10.44,1.52,0.0
20230714:1711,254.03,21.76,10.53,1.52,0.0
20230714:1811,80.96,14.78,10.29,1.45,0.0
20230714:1911,37.37,8.29,9.51,1.24,0.0
20230714:2011,5.34,2.61,8.84,0.69,0.0
20230714:2111,0.0,0.0,8.33,0.07,0.0
20230714:2211,0.0,0.0,7.93,0.55,0.0
20230714:2311,0.0,0.0,7.69,0.76,0.0
20230715:0011,0.0,0.0,7.38,0.9,0.0
20230715:0111,0.0,0.0,7.05,1.03,0.0
20230715:0211,0.0,0.0,6.63,1.17,0.0
20230715:0311,2.67,3.56,6.09,1.24,0.0
20230715:0411,18.68,9.44,5.79,1.31,0.0
20230715:0511,97.82,16.06,6.99,1.24,0.0
20230715:0611,94.59,23.11,8.91,1.24,0.0
20230715:0711,124.56,30.23,9.54,1.45,0.0
20230715:0811,241.57,37.03,10.59,1.79,0.0
20230715:0911,192.0,43.0,11.05,2.21,0.0
20230715:1011,183.57,47.49,11.5,2.48,0.0
20230715:1111,256.26,49.83,12.1,3.24,0.0
20230715:1211,159.22,49.56,11.08,1.79,0.0
20230715:1311,162.96,46.73,11.18,2.41,0.0
20230715:1411,106.77,41.87,10.92,2.0,0.0
20230715:1511,87.1,35.69,10.62,1.59,0.0
20230715:1611,67.43,28.78,10.73,1.66,0.0
20230715:1711,34.65,21.64,10.65,1.45,0.0
20230715:1811,26.69,14.66,10.59,1.72,0.0
20230715:1911,8.9,8.16,10.62,1.52,0.0
20230715:2011,1.78,2.48,10.39,1.45,0.0
20230715:2111,0.0,0.0,9.85,1.52,0.0
20230715:2211,0.0,0.0,9.3,1.45,0.0
20230715:2311,0.0,0.0,9.28,1.45,0.0
20230716:0011,0.0,0.0,9.07,1.38,0.0
20230716:0111,0.0,0.0,8.44,1.31,0.0
20230716:0211,0.0,0.0,8.54,1.24,0.0
20230716:0311,2.67,3.4,8.47,1.1,0.0
20230716:0411,8.9,9.28,9.07,1.17,0.0
20230716:0511,26.22,15.91,9.13,1.1,0.0
20230716:0611,55.26,22.96,9.44,1.38,0.0
20230716:0711,360.22,30.08,10.13,1.31,0.0
20230716:0811,264.1,36.88,10.23,1.24,0.0
20230716:0911,230.74,42.84,10.83,1.24,0.0
20230716:1011,136.74,47.33,11.7,1.17,0.0
20230716:1111,478.13,49.67,12.39,1.59,0.0
20230716:1211,144.23,49.4,12.7,2.21,0.0
20230716:1311,228.99,46.58,13.0,2.14,0.0
20230716:1411,126.44,41.74,12.04,2.0,0.0
20230716:1511,73.99,35.56,11.82,1.45,0.0
20230716:1611,154.74,28.66,11.25,1.66,0.0
20230716:1711,188.25,21.52,10.15,1.66,0.0
20230716:1811,30.25,14.53,9.92,1.45,0.0
20230716:1911,8.01,8.03,9.57,1.66,0.0
20230716:2011,1.78,2.34,9.03,1.38,0.0
20230716:2111,0.0,0.0,8.82,1.31,0.0
20230716:2211,0.0,0.0,8.54,1.38,0.0
20230716:2311,0.0,0.0,8.27,1.66,0.0
20230717:0011,0.0,0.0,7.17,1.31,0.0
20230717:0111,0.0,0.0,6.66,1.24,0.0
20230717:0211,0.0,0.0,6.76,1.24,0.0
20230717:0311,2.67,3.24,6.72,1.31,0.0
20230717:0411,8.9,9.13,7.35,1.45,0.0
20230717:0511,18.73,15.75,7.68,1.45,0.0
20230717:0611,95.53,22.81,7.86,1.52,0.0
20230717:0711,72.12,29.93,8.35,1.31,0.0
20230717:0811,162.03,36.72,8.76,1.17,0.0
20230717:0911,197.62,42.68,8.92,1.31,0.0
20230717:1011,202.3,47.17,9.45,1.59,0.0
20230717:1111,151.72,49.51,9.06,1.86,0.0
20230717:1211,287.97,49.24,9.14,1.79,0.0
20230717:1311,184.5,46.43,9.51,1.79,0.0
20230717:1411,85.23,41.59,9.61,2.0,0.0
20230717:1511,138.61,35.42,9.76,2.34,0.0
20230717:1611,84.29,28.53,8.93,2.28,0.0
20230717:1711,45.89,21.39,8.77,2.07,0.0
20230717:1811,18.68,14.39,8.24,2.14,0.0
20230717:1911,8.01,7.89,7.71,2.0,0.0
20230717:2011,0.89,2.19,6.82,1.72,0.0
20230717:2111,0.0,0.0,6.17,1.59,0.0
20230717:2211,0.0,0.0,5.62,1.52,0.0
20230717:2311,0.0,0.0,5.28,1.45,0.0
20230718:0011,0.0,0.0,4.92,1.38,0.0
20230718:0111,0.0,0.0,4.77,1.38,0.0
20230718:0211,0.0,0.0,4.41,1.31,0.0
20230718:0311,1.78,3.08,4.44,1.31,0.0
20230718:0411,8.9,8.96,4.35,1.59,0.0
20230718:0511,23.13,15.6,4.13,1.72,0.0
20230718:0611,75.86,22.65,4.55,1.93,0.0
20230718:0711,106.77,29.77,5.79,2.28,0.0
20230718:0811,202.36,36.56,6.19,2.28,0.0
20230718:0911,209.28,42.51,6.42,2.21,0.0
20230718:1011,277.95,47.0,6.83,2.28,0.0
20230718:1111,346.05,49.33,7.35,2.41,0.0
20230718:1211,359.13,49.07,7.32,2.55,0.0
20230718:1311,514.61,46.27,7.35,2.62,0.0
20230718:1411,393.25,41.44,7.35,2.55,0.0
20230718:1511,451.5,35.28,7.06,2.41,0.0
20230718:1611,242.63,28.39,6.58,2.21,0.0
20230718:1711,63.69,21.25,6.05,2.07,0.0
20230718:1811,31.14,14.25,5.53,1.86,0.0
20230718:1911,35.59,7.74,5.46,1.79,0.0
20230718:2011,0.89,2.04,4.88,1.72,0.0
20230718:2111,0.0,0.0,4.28,1.38,0.0
20230718:2211,0.0,0.0,3.81,1.38,0.0
20230718:2311,0.0,0.0,3.38,1.31,0.0
20230719:0011,0.0,0.0,3.18,1.38,0.0
20230719:0111,0.0,0.0,2.97,1.31,0.0
20230719:0211,0.0,0.0,2.63,1.24,0.0
20230719:0311,1.78,2.91,2.84,1.31,0.0
20230719:0411,8.9,8.8,3.01,1.72,0.0
20230719:0511,17.79,15.43,3.24,1.86,0.0
20230719:0611,136.05,22.49,3.49,2.0,0.0
20230719:0711,188.66,29.61,3.92,1.93,0.0
20230719:0811,243.03,36.4,4.24,2.0,0.0
20230719:0911,234.03,42.34,4.69,2.07,0.0
20230719:1011,281.31,46.82,4.69,1.93,0.0
20230719:1111,302.3,49.16,5.06,2.07,0.0
20230719:1211,333.53,48.9,5.64,2.21,0.0
20230719:1311,265.22,46.1,6.03,2.21,0.0
20230719:1411,265.19,41.29,6.42,2.21,0.0
20230719:1511,218.57,35.14,6.25,2.14,0.0
20230719:1611,155.82,28.25,5.91,1.93,0.0
20230719:1711,113.82,21.11,5.76,1.93,0.0
20230719:1811,56.94,14.11,5.55,1.79,0.0
20230719:1911,7.12,7.59,5.09,1.31,0.0
20230719:2011,0.89,1.88,4.73,1.1,0.0
20230719:2111,0.0,0.0,4.41,0.97,0.0
20230719:2211,0.0,0.0,4.18,0.83,0.0
20230719:2311,0.0,0.0,3.9,0.76,0.0
20230720:0011,0.0,0.0,3.71,0.55,0.0
20230720:0111,0.0,0.0,3.5,0.48,0.0
20230720:0211,0.0,0.0,3.34,0.48,0.0
20230720:0311,1.78,2.73,3.29,0.62,0.0
20230720:0411,16.9,8.63,3.33,0.76,0.0
20230720:0511,32.03,15.27,3.65,0.76,0.0
20230720:0611,96.47,22.32,3.98,1.03,0.0
20230720:0711,149.07,29.44,4.74,0.9,0.0
20230720:0811,307.9,36.23,5.79,1.24,0.0
20230720:0911,236.86,42.17,6.81,1.52,0.0
20230720:1011,193.87,46.64,7.24,1.66,0.0
20230720:1111,279.5,48.97,7.39,1.72,0.0
20230720:1211,300.43,48.72,8.05,1.93,0.0
20230720:1311,479.82,45.93,8.45,1.79,0.0
20230720:1411,279.25,41.13,8.32,1.79,0.0
20230720:1511,366.48,34.98,8.34,1.66,0.0
20230720:1611,197.56,28.1,8.46,1.59,0.0
20230720:1711,176.92,20.96,8.12,1.59,0.0
20230720:1811,71.17,13.96,8.08,1.45,0.0
20230720:1911,27.58,7.44,6.97,0.97,0.0
20230720:2011,0.89,1.72,6.73,0.97,0.0
20230720:2111,0.0,0.0,6.26,0.97,0.0
20230720:2211,0.0,0.0,5.61,0.83,0.0
20230720:2311,0.0,0.0,5.41,0.62,0.0
20230721:0011,0.0,0.0,5.25,0.76,0.0
20230721:0111,0.0,0.0,5.12,0.69,0.0
20230721:0211,0.0,0.0,4.89,0.62,0.0
20230721:0311,1.78,2.55,4.66,0.55,0.0
20230721:0411,23.13,8.45,4.47,0.55,0.0
20230721:0511,50.71,15.09,4.67,0.48,0.0
20230721:0611,94.59,22.15,5.23,0.69,0.0
20230721:0711,174.12,29.27,6.67,0.62,0.0
20230721:0811,202.4,36.05,6.98,0.62,0.0
20230721:0911,280.95,41.99,7.89,0.9,0.0
20230721:1011,185.44,46.45,8.72,1.03,0.0
20230721:1111,177.95,48.78,9.05,1.17,0.0
20230721:1211,356.1,48.53,9.56,1.03,0.0
20230721:1311,227.14,45.75,10.04,1.03,0.0
20230721:1411,102.09,40.96,9.65,1.03,0.0
20230721:1511,96.47,34.82,9.7,1.17,0.0
20230721:1611,145.29,27.94,9.47,1.17,0.0
20230721:1711,198.67,20.8,9.6,0.9,0.0
20230721:1811,88.08,13.8,8.85,0.48,0.0
20230721:1911,40.93,7.27,8.3,0.41,0.0
20230721:2011,0.89,1.55,8.1,0.41,0.0
20230721:2111,0.0,0.0,7.62,0.28,0.0
20230721:2211,0.0,0.0,7.45,0.07,0.0
20230721:2311,0.0,0.0,7.25,0.14,0.0
20230722:0011,0.0,0.0,6.99,0.21,0.0
20230722:0111,0.0,0.0,6.71,0.21,0.0
20230722:0211,0.0,0.0,6.47,0.21,0.0
20230722:0311,1.78,2.37,6.19,0.21,0.0
20230722:0411,8.01,8.27,6.07,0.14,0.0
20230722:0511,96.09,14.92,6.33,0.28,0.0
20230722:0611,254.69,21.98,6.82,0.28,0.0
20230722:0711,288.11,29.1,8.08,0.41,0.0
20230722:0811,385.78,35.88,8.82,0.55,0.0
20230722:0911,433.65,41.8,9.27,0.83,0.0
20230722:1011,452.61,46.26,9.67,0.76,0.0
20230722:1111,628.68,48.59,9.8,0.55,0.0
20230722:1211,359.24,48.34,10.37,0.48,0.0
20230722:1311,339.41,45.57,10.42,0.28,0.0
20230722:1411,203.66,40.79,10.46,0.48,0.0
20230722:1511,45.89,34.65,10.67,0.48,0.0
20230722:1611,130.18,27.78,11.28,0.69,0.0
20230722:1711,233.25,20.64,9.79,0.83,0.0
20230722:1811,54.27,13.63,8.62,0.76,0.0
20230722:1911,33.81,7.1,7.93,0.28,0.0
20230722:2011,0.89,1.37,7.86,0.34,0.0
20230722:2111,0.0,0.0,7.8,0.34,0.0
20230722:2211,0.0,0.0,7.43,0.28,0.0
20230722:2311,0.0,0.0,7.31,0.07,0.0
20230723:0011,0.0,0.0,7.05,0.21,0.0
20230723:0111,0.0,0.0,6.83,0.14,0.0
20230723:0211,0.0,0.0,6.7,0.14,0.0
20230723:0311,1.78,2.18,6.9,0.0,0.0
20230723:0411,8.01,8.09,6.94,0.07,0.0
20230723:0511,77.4,14.74,6.93,0.0,0.0
20230723:0611,201.66,21.8,7.68,0.28,0.0
20230723:0711,336.05,28.92,8.42,0.28,0.0
20230723:0811,471.41,35.69,8.93,0.34,0.0
20230723:0911,441.75,41.61,9.84,0.62,0.0
20230723:1011,268.19,46.06,10.73,0.76,0.0
20230723:1111,560.41,48.39,11.52,0.76,0.0
20230723:1211,504.79,48.14,12.07,0.55,0.0
20230723:1311,592.28,45.38,11.86,0.48,0.0
20230723:1411,287.45,40.61,12.29,0.48,0.0
20230723:1511,210.85,34.48,12.22,0.0,0.0
20230723:1611,74.93,27.61,12.13,0.55,0.0
20230723:1711,214.07,20.47,11.7,0.83,0.0
20230723:1811,87.19,13.46,11.16,0.55,0.0
20230723:1911,32.92,6.93,9.62,1.1,0.0
20230723:2011,0.0,0.0,9.52,0.83,0.0
20230723:2111,0.0,0.0,9.05,0.62,0.0
20230723:2211,0.0,0.0,8.7,0.76,0.0
20230723:2311,0.0,0.0,8.24,0.9,0.0
20230724:0011,0.0,0.0,7.79,0.9,0.0
20230724:0111,0.0,0.0,7.29,0.97,0.0
20230724:0211,0.0,0.0,6.93,0.97,0.0
20230724:0311,0.89,1.99,6.51,1.03,0.0
20230724:0411,8.01,7.9,6.37,1.1,0.0
20230724:0511,18.68,14.56,6.34,0.97,0.0
20230724:0611,109.45,21.62,8.56,0.83,0.0
20230724:0711,435.18,28.74,9.85,0.83,0.0
20230724:0811,577.66,35.51,10.53,0.83,0.0
20230724:0911,607.54,41.42,11.2,0.83,0.0
20230724:1011,502.09,45.86,11.83,0.83,0.0
20230724:1111,499.43,48.18,12.27,0.76,0.0
20230724:1211,774.73,47.94,12.25,0.9,0.0
20230724:1311,583.93,45.18,12.47,1.1,0.0
20230724:1411,418.9,40.42,12.71,1.38,0.0
20230724:1511,363.7,34.3,12.68,1.24,0.0
20230724:1611,110.52,27.44,12.18,0.83,0.0
20230724:1711,53.38,20.3,10.69,0.83,0.0
20230724:1811,19.57,13.29,9.54,0.76,0.0
20230724:1911,7.12,6.74,9.01,0.55,0.0
20230724:2011,0.0,0.0,8.89,0.69,0.0
20230724:2111,0.0,0.0,8.49,0.69,0.0
20230724:2211,0.0,0.0,8.27,0.69,0.0
20230724:2311,0.0,0.0,8.14,0.76,0.0
20230725:0011,0.0,0.0,7.99,0.76,0.0
20230725:0111,0.0,0.0,7.75,0.97,0.0
20230725:0211,0.0,0.0,7.6,0.97,0.0
20230725:0311,0.89,1.79,7.58,1.1,0.0
20230725:0411,9.79,7.71,7.49,0.9,0.0
20230725:0511,20.46,14.37,7.48,0.97,0.0
20230725:0611,48.7,21.43,7.41,1.1,0.0
20230725:0711,107.71,28.55,7.3,1.31,0.0
20230725:0811,147.04,35.32,7.69,0.9,0.0
20230725:0911,215.39,41.22,8.15,1.03,0.0
20230725:1011,237.05,45.66,8.35,1.38,0.0
20230725:1111,276.44,47.97,8.4,1.38,0.0
20230725:1211,230.93,47.73,8.63,0.83,0.0
20230725:1311,245.57,44.98,8.79,0.9,0.0
20230725:1411,252.35,40.23,9.14,0.9,0.0
20230725:1511,141.42,34.12,9.19,0.9,0.0
20230725:1611,75.86,27.26,9.12,0.76,0.0
20230725:1711,126.85,20.12,9.09,0.48,0.0
20230725:1811,62.28,13.1,8.91,0.55,0.0
20230725:1911,34.7,6.56,8.93,1.17,0.0
20230725:2011,0.0,0.0,8.8,1.17,0.0
20230725:2111,0.0,0.0,8.14,1.03,0.0
20230725:2211,0.0,0.0,8.14,1.24,0.0
20230725:2311,0.0,0.0,7.89,1.1,0.0
20230726:0011,0.0,0.0,7.6,1.17,0.0
20230726:0111,0.0,0.0,7.37,1.03,0.0
20230726:0211,0.0,0.0,6.98,1.03,0.0
20230726:0311,0.89,1.59,6.84,1.03,0.0
20230726:0411,14.23,7.52,6.94,0.97,0.0
20230726:0511,76.51,14.18,7.64,0.97,0.0
20230726:0611,170.92,21.25,8.15,1.24,0.0
20230726:0711,467.06,28.36,9.12,1.24,0.0
20230726:0811,579.19,35.12,9.97,0.97,0.0
20230726:0911,391.58,41.02,11.01,0.97,0.0
20230726:1011,543.18,45.45,11.65,0.9,0.0
20230726:1111,1021.9,47.75,12.5,1.1,0.0
20230726:1211,970.63,47.51,13.01,1.24,0.0
20230726:1311,877.6,44.77,13.11,0.97,0.0
20230726:1411,299.1,40.03,13.42,0.83,0.0
20230726:1511,288.06,33.93,13.38,0.55,0.0
20230726:1611,318.34,27.07,13.42,0.34,0.0
20230726:1711,88.04,19.93,13.18,0.41,0.0
20230726:1811,83.63,12.92,12.32,0.62,0.0
20230726:1911,36.48,6.36,10.9,0.48,0.0
20230726:2011,0.0,0.0,10.82,0.55,0.0
20230726:2111,0.0,0.0,10.82,0.55,0.0
20230726:2211,0.0,0.0,10.29,0.48,0.0
20230726:2311,0.0,0.0,9.91,0.55,0.0
20230727:0011,0.0,0.0,9.46,0.34,0.0
20230727:0111,0.0,0.0,9.25,0.41,0.0
20230727:0211,0.0,0.0,8.88,0.28,0.0
20230727:0311,0.89,1.38,8.6,0.21,0.0
20230727:0411,14.23,7.32,8.45,0.34,0.0
20230727:0511,33.81,13.99,8.45,0.28,0.0
20230727:0611,59.0,21.05,8.92,0.69,0.0
20230727:0711,95.53,28.17,9.95,0.76,0.0
20230727:0811,391.6,34.92,10.51,1.03,0.0
20230727:0911,438.04,40.82,11.26,1.1,0.0
20230727:1011,557.1,45.23,10.5,0.83,0.0
20230727:1111,651.95,47.53,11.41,1.03,0.0
20230727:1211,524.86,47.29,11.83,1.1,0.0
20230727:1311,583.81,44.56,12.68,1.45,0.0
20230727:1411,598.84,39.82,11.86,1.24,0.0
20230727:1511,532.24,33.73,11.51,0.9,0.0
20230727:1611,418.29,26.88,11.69,0.83,0.0
20230727:1711,203.13,19.74,11.72,0.62,0.0
20230727:1811,64.95,12.72,10.68,0.9,0.0
20230727:1911,18.68,6.16,10.49,0.9,0.0
20230727:2011,0.0,0.0,9.73,0.55,0.0
20230727:2111,0.0,0.0,9.41,0.34,0.0
20230727:2211,0.0,0.0,9.2,0.55,0.0
20230727:2311,0.0,0.0,8.97,0.48,0.0
20230728:0011,0.0,0.0,8.71,0.34,0.0
20230728:0111,0.0,0.0,8.51,0.14,0.0
20230728:0211,0.0,0.0,8.31,0.07,0.0
20230728:0311,0.0,0.0,8.05,0.07,0.0
20230728:0411,7.12,7.12,7.97,0.28,0.0
20230728:0511,26.69,13.79,8.15,0.28,0.0
20230728:0611,125.86,20.86,8.7,0.34,0.0
20230728:0711,242.26,27.97,9.73,0.41,0.0
20230728:0811,432.92,34.72,10.25,0.97,0.0
20230728:0911,499.09,40.61,11.06,1.31,0.0
20230728:1011,488.63,45.01,11.33,1.31,0.0
20230728:1111,764.19,47.31,11.82,1.31,0.0
20230728:1211,627.33,47.07,12.03,1.45,0.0
20230728:1311,435.06,44.34,12.42,1.45,0.0
20230728:1411,420.85,39.61,12.74,1.31,0.0
20230728:1511,420.93,33.53,12.84,1.17,0.0
20230728:1611,349.32,26.68,12.88,1.24,0.0
20230728:1711,202.25,19.54,12.8,1.17,0.0
20230728:1811,63.17,12.52,12.5,1.24,0.0
20230728:1911,32.03,5.96,12.55,0.62,0.0
20230728:2011,0.0,0.0,11.9,0.41,0.0
20230728:2111,0.0,0.0,11.58,0.34,0.0
20230728:2211,0.0,0.0,11.1,0.21,0.0
20230728:2311,0.0,0.0,10.69,0.14,0.0
20230729:0011,0.0,0.0,10.18,0.14,0.0
20230729:0111,0.0,0.0,9.56,0.34,0.0
20230729:0211,0.0,0.0,9.08,0.41,0.0
20230729:0311,0.0,0.0,8.46,0.55,0.0
20230729:0411,6.23,6.91,7.34,0.83,0.0
20230729:0511,88.08,13.59,7.6,0.69,0.0
20230729:0611,236.96,20.66,9.66,0.55,0.0
20230729:0711,453.99,27.77,10.78,0.48,0.0
20230729:0811,604.05,34.52,11.79,0.48,0.0
20230729:0911,533.43,40.39,12.76,0.48,0.0
20230729:1011,425.34,44.79,13.45,0.69,0.0
20230729:1111,548.43,47.07,14.0,1.17,0.0
20230729:1211,645.3,46.83,13.92,1.31,0.0
20230729:1311,932.11,44.12,14.32,1.24,0.0
20230729:1411,600.7,39.4,14.5,1.03,0.0
20230729:1511,472.86,33.32,14.61,0.28,0.0
20230729:1611,292.53,26.47,14.3,0.28,0.0
20230729:1711,193.04,19.34,13.98,0.48,0.0
20230729:1811,64.95,12.31,13.34,0.55,0.0
20230729:1911,16.01,5.75,12.92,0.55,0.0
20230729:2011,0.0,0.0,11.89,0.41,0.0
20230729:2111,0.0,0.0,11.31,0.48,0.0
20230729:2211,0.0,0.0,10.73,0.62,0.0
20230729:2311,0.0,0.0,10.3,0.76,0.0
20230730:0011,0.0,0.0,9.91,0.83,0.0
20230730:0111,0.0,0.0,9.74,0.83,0.0
20230730:0211,0.0,0.0,9.36,0.9,0.0
20230730:0311,0.0,0.0,9.04,0.97,0.0
20230730:0411,6.23,6.7,8.85,0.97,0.0
20230730:0511,82.74,13.38,8.84,0.9,0.0
20230730:0611,202.93,20.46,9.74,0.9,0.0
20230730:0711,330.41,27.57,10.92,0.76,0.0
20230730:0811,500.69,34.31,11.67,0.83,0.0
20230730:0911,456.02,40.17,12.25,0.76,0.0
20230730:1011,550.35,44.56,12.67,0.69,0.0
20230730:1111,223.46,46.84,13.41,0.83,0.0
20230730:1211,412.07,46.6,13.59,0.9,0.0
20230730:1311,310.12,43.89,12.32,0.9,0.0
20230730:1411,90.85,39.18,11.43,1.17,0.0
20230730:1511,88.04,33.11,10.97,1.17,0.0
20230730:1611,88.97,26.26,10.24,0.97,0.0
20230730:1711,156.82,19.13,10.08,1.03,0.0
20230730:1811,33.81,12.1,9.69,1.1,0.0
20230730:1911,8.9,5.53,9.36,0.83,0.0
20230730:2011,0.0,0.0,9.3,0.62,0.0
20230730:2111,0.0,0.0,9.08,0.62,0.0
20230730:2211,0.0,0.0,8.84,0.55,0.0
20230730:2311,0.0,0.0,8.87,0.34,0.0
20230731:0011,0.0,0.0,8.98,0.28,0.0
20230731:0111,0.0,0.0,8.98,0.34,0.0
20230731:0211,0.0,0.0,8.83,0.14,0.0
20230731:0311,0.0,0.0,8.61,0.14,0.0
20230731:0411,10.68,6.49,8.47,0.21,0.0
20230731:0511,80.96,13.18,8.71,0.28,0.0
20230731:0611,162.16,20.25,9.21,0.21,0.0
20230731:0711,227.14,27.36,10.35,0.14,0.0
20230731:0811,239.38,34.1,11.02,0.55,0.0
20230731:0911,544.58,39.95,11.81,0.48,0.0
20230731:1011,504.75,44.32,11.39,0.41,0.0
20230731:1111,422.3,46.6,12.3,0.48,0.0
20230731:1211,321.5,46.36,11.54,0.55,0.0
20230731:1311,414.41,43.65,12.19,0.83,0.0
20230731:1411,228.15,38.95,12.32,0.69,0.0
20230731:1511,235.64,32.89,12.77,0.97,0.0
20230731:1611,257.84,26.05,13.11,1.03,0.0
20230731:1711,198.53,18.92,12.81,0.9,0.0
20230731:1811,71.17,11.89,12.27,0.69,0.0
20230731:1911,29.36,5.31,12.0,0.76,0.0
20230731:2011,0.0,0.0,11.28,0.55,0.0
20230731:2111,0.0,0.0,11.04,0.41,0.0
20230731:2211,0.0,0.0,10.55,0.62,0.0
20230731:2311,0.0,0.0,10.02,0.69,0.0
20230801:0011,0.0,0.0,9.41,0.83,0.0
20230801:0111,0.0,0.0,8.68,0.9,0.0
20230801:0211,0.0,0.0,7.39,0.97,0.0
20230801:0311,0.0,0.0,6.08,1.1,0.0
20230801:0411,8.01,6.27,5.23,1.1,0.0
20230801:0511,80.96,12.97,6.3,0.97,0.0
20230801:0611,256.82,20.05,8.31,0.76,0.0
20230801:0711,459.02,27.15,8.82,0.21,0.0
20230801:0811,683.17,33.88,10.17,0.62,0.0
20230801:0911,842.95,39.72,11.39,0.97,0.0
20230801:1011,927.48,44.09,12.45,0.97,0.0
20230801:1111,934.79,46.35,13.3,0.9,0.0
20230801:1211,673.14,46.11,13.57,1.1,0.0
20230801:1311,734.86,43.41,13.83,1.24,0.0
20230801:1411,679.6,38.71,13.8,1.24,0.0
20230801:1511,421.18,32.66,13.03,0.97,0.0
20230801:1611,259.52,25.83,12.22,1.24,0.0
20230801:1711,164.76,18.7,11.02,0.83,0.0
20230801:1811,12.46,11.66,10.47,0.41,0.0
20230801:1911,4.45,5.08,10.66,0.48,0.0
20230801:2011,0.0,0.0,10.11,0.55,0.0
20230801:2111,0.0,0.0,9.93,0.28,0.0
20230801:2211,0.0,0.0,9.84,0.41,0.0
20230801:2311,0.0,0.0,9.61,0.21,0.0
20230802:0011,0.0,0.0,9.36,0.14,0.0
20230802:0111,0.0,0.0,8.89,0.28,0.0
20230802:0211,0.0,0.0,8.59,0.41,0.0
20230802:0311,0.0,0.0,8.48,0.48,0.0
20230802:0411,13.35,6.05,8.05,0.55,0.0
20230802:0511,54.27,12.75,8.32,0.48,0.0
20230802:0611,183.54,19.83,9.29,0.34,0.0
20230802:0711,297.01,26.94,9.79,0.21,0.0
20230802:0811,403.88,33.66,10.69,0.55,0.0
20230802:0911,466.25,39.49,11.45,0.83,0.0
20230802:1011,583.29,43.85,12.39,1.1,0.0
20230802:1111,649.08,46.1,12.93,0.9,0.0
20230802:1211,575.29,45.85,13.33,0.76,0.0
20230802:1311,478.61,43.16,13.83,0.9,0.0
20230802:1411,103.96,38.48,14.39,0.97,0.0
20230802:1511,480.86,32.43,13.83,0.83,0.0
20230802:1611,426.87,25.6,13.79,0.83,0.0
20230802:1711,221.48,18.47,13.44,1.1,0.0
20230802:1811,49.82,11.43,12.45,0.69,0.0
20230802:1911,25.8,4.85,11.83,0.28,0.0
20230802:2011,0.0,0.0,11.7,0.28,0.0
20230802:2111,0.0,0.0,11.17,0.48,0.0
20230802:2211,0.0,0.0,10.68,0.76,0.0
20230802:2311,0.0,0.0,10.4,0.69,0.0
20230803:0011,0.0,0.0,10.24,0.69,0.0
20230803:0111,0.0,0.0,9.85,0.62,0.0
20230803:0211,0.0,0.0,9.68,0.62,0.0
20230803:0311,0.0,0.0,9.24,0.76,0.0
20230803:0411,31.14,5.83,8.99,0.76,0.0
20230803:0511,56.05,12.54,9.29,0.62,0.0
20230803:0611,241.82,19.62,10.33,0.48,0.0
20230803:0711,347.48,26.72,11.17,0.48,0.0
20230803:0811,353.87,33.44,11.93,0.83,0.0
20230803:0911,237.8,39.26,12.58,1.24,0.0
20230803:1011,228.72,43.6,13.01,1.31,0.0
20230803:1111,288.66,45.84,13.44,1.24,0.0
20230803:1211,474.11,45.6,13.81,1.17,0.0
20230803:1311,158.28,42.91,13.73,1.31,0.0
20230803:1411,61.81,38.23,13.6,1.1,0.0
20230803:1511,301.34,32.19,13.04,0.97,0.0
20230803:1611,286.8,25.37,13.13,1.1,0.0
20230803:1711,194.7,18.24,12.9,1.17,0.0
20230803:1811,42.7,11.2,12.31,1.03,0.0
20230803:1911,3.56,4.61,12.31,0.97,0.0
20230803:2011,0.0,0.0,11.3,0.83,0.0
20230803:2111,0.0,0.0,10.86,0.76,0.0
20230803:2211,0.0,0.0,10.74,0.69,0.0
20230803:2311,0.0,0.0,10.29,0.62,0.0
20230804:0011,0.0,0.0,9.87,0.69,0.0
20230804:0111,0.0,0.0,9.48,0.76,0.0
20230804:0211,0.0,0.0,9.13,0.69,0.0
20230804:0311,0.0,0.0,8.81,0.69,0.0
20230804:0411,6.23,5.61,8.4,0.69,0.0
20230804:0511,73.84,12.32,7.67,0.83,0.0
20230804:0611,203.63,19.4,8.25,1.03,0.0
20230804:0711,316.56,26.5,9.52,1.03,0.0
20230804:0811,403.34,33.21,10.12,1.17,0.0
20230804:0911,466.11,39.02,10.79,1.24,0.0
20230804:1011,578.19,43.35,11.48,1.31,0.0
20230804:1111,584.82,45.58,12.01,1.38,0.0
20230804:1211,699.9,45.33,12.32,1.45,0.0
20230804:1311,467.31,42.65,12.46,1.52,0.0
20230804:1411,443.18,37.98,12.32,1.52,0.0
20230804:1511,355.41,31.95,12.36,1.59,0.0
20230804:1611,392.97,25.13,12.39,1.59,0.0
20230804:1711,217.19,18.0,11.89,1.38,0.0
20230804:1811,49.82,10.96,11.22,1.03,0.0
20230804:1911,23.13,4.36,10.03,0.62,0.0
20230804:2011,0.0,0.0,9.88,0.76,0.0
20230804:2111,0.0,0.0,9.07,0.69,0.0
20230804:2211,0.0,0.0,9.07,0.69,0.0
20230804:2311,0.0,0.0,8.67,0.62,0.0
20230805:0011,0.0,0.0,8.27,0.62,0.0
20230805:0111,0.0,0.0,7.71,0.76,0.0
20230805:0211,0.0,0.0,7.53,0.83,0.0
20230805:0311,0.0,0.0,7.61,0.9,0.0
20230805:0411,4.45,5.38,7.65,0.83,0.0
20230805:0511,24.91,12.09,7.53,0.69,0.0
20230805:0611,177.07,19.18,7.86,0.55,0.0
20230805:0711,232.9,26.28,7.69,0.62,0.0
20230805:0811,347.6,32.98,8.66,0.69,0.0
20230805:0911,434.9,38.78,9.24,0.62,0.0
20230805:1011,250.21,43.09,10.17,0.69,0.0
20230805:1111,287.87,45.32,10.55,0.62,0.0
20230805:1211,451.79,45.07,10.85,0.34,0.0
20230805:1311,321.18,42.39,10.68,0.34,0.0
20230805:1411,77.74,37.73,10.88,0.69,0.0
20230805:1511,200.47,31.7,10.79,0.62,0.0
20230805:1611,154.81,24.89,10.8,0.48,0.0
20230805:1711,144.77,17.76,10.55,0.48,0.0
20230805:1811,62.28,10.72,10.29,0.34,0.0
20230805:1911,6.23,4.11,9.95,0.69,0.0
20230805:2011,0.0,0.0,9.56,0.34,0.0
20230805:2111,0.0,0.0,9.27,0.41,0.0
20230805:2211,0.0,0.0,9.09,0.34,0.0
20230805:2311,0.0,0.0,8.68,0.41,0.0
20230806:0011,0.0,0.0,8.35,0.55,0.0
20230806:0111,0.0,0.0,7.75,0.55,0.0
20230806:0211,0.0,0.0,7.6,0.69,0.0
20230806:0311,0.0,0.0,6.98,0.76,0.0
20230806:0411,16.01,5.14,6.45,0.9,0.0
20230806:0511,64.95,11.87,6.58,0.9,0.0
20230806:0611,173.74,18.96,8.2,0.83,0.0
20230806:0711,214.41,26.06,9.46,0.76,0.0
20230806:0811,393.26,32.75,10.56,0.76,0.0
20230806:0911,373.68,38.54,11.01,0.83,0.0
20230806:1011,376.18,42.84,11.76,0.97,0.0
20230806:1111,676.22,45.05,12.06,0.9,0.0
20230806:1211,515.52,44.79,12.47,0.9,0.0
20230806:1311,477.46,42.12,12.5,0.76,0.0
20230806:1411,354.58,37.47,12.61,0.83,0.0
20230806:1511,271.89,31.45,12.77,0.76,0.0
20230806:1611,158.82,24.64,12.87,1.1,0.0
20230806:1711,78.67,17.51,12.57,1.03,0.0
20230806:1811,16.01,10.47,12.18,0.62,0.0
20230806:1911,12.46,3.86,11.39,0.28,0.0
20230806:2011,0.0,0.0,10.35,0.9,0.0
20230806:2111,0.0,0.0,9.69,0.97,0.0
20230806:2211,0.0,0.0,9.43,0.97,0.0
20230806:2311,0.0,0.0,9.1,1.03,0.0
20230807:0011,0.0,0.0,8.65,1.1,0.0
20230807:0111,0.0,0.0,8.58,1.1,0.0
20230807:0211,0.0,0.0,8.25,1.17,0.0
20230807:0311,0.0,0.0,8.01,1.24,0.0
20230807:0411,23.13,4.91,7.69,1.38,0.0
20230807:0511,12.46,11.64,7.93,1.66,0.0
20230807:0611,23.41,18.73,8.31,1.72,0.0
20230807:0711,58.07,25.83,8.79,1.45,0.0
20230807:0811,68.37,32.51,8.78,1.45,0.0
20230807:0911,131.12,38.29,8.62,1.59,0.0
20230807:1011,158.28,42.57,8.29,1.72,0.0
20230807:1111,155.47,44.78,8.01,1.79,0.0
20230807:1211,115.2,44.52,7.77,1.66,0.0
20230807:1311,99.28,41.84,7.63,1.52,0.0
20230807:1411,76.8,37.2,7.38,1.66,0.0
20230807:1511,143.3,31.19,7.13,1.66,0.0
20230807:1611,48.7,24.38,7.02,1.59,0.0
20230807:1711,30.91,17.26,6.95,1.45,0.0
20230807:1811,10.68,10.21,6.91,1.45,0.0
20230807:1911,2.67,3.6,7.45,1.66,0.0
20230807:2011,0.0,0.0,7.28,1.59,0.0
20230807:2111,0.0,0.0,7.13,1.59,0.0
20230807:2211,0.0,0.0,7.04,1.66,0.0
20230807:2311,0.0,0.0,6.99,1.66,0.0
20230808:0011,0.0,0.0,6.98,1.52,0.0
20230808:0111,0.0,0.0,7.14,1.38,0.0
20230808:0211,0.0,0.0,7.06,1.24,0.0
20230808:0311,0.0,0.0,7.16,1.24,0.0
20230808:0411,6.23,4.67,7.23,1.24,0.0
20230808:0511,11.57,11.41,7.4,1.31,0.0
20230808:0611,35.59,18.51,7.71,1.38,0.0
20230808:0711,56.19,25.6,8.33,1.17,0.0
20230808:0811,99.28,32.27,8.45,1.1,0.0
20230808:0911,217.22,38.04,8.48,1.31,0.0
20230808:1011,170.46,42.31,8.72,1.24,0.0
20230808:1111,140.49,44.5,8.53,1.24,0.0
20230808:1211,132.99,44.23,8.54,1.31,0.0
20230808:1311,138.61,41.56,8.53,1.31,0.0
20230808:1411,158.28,36.93,8.87,1.31,0.0
20230808:1511,121.75,30.93,8.48,1.38,0.0
20230808:1611,42.15,24.13,8.54,0.97,0.0
20230808:1711,35.59,17.0,8.57,0.9,0.0
20230808:1811,41.81,9.95,8.4,0.97,0.0
20230808:1911,11.57,3.33,7.55,1.24,0.0
20230808:2011,0.0,0.0,7.1,1.31,0.0
20230808:2111,0.0,0.0,6.68,1.31,0.0
20230808:2211,0.0,0.0,6.28,1.38,0.0
20230808:2311,0.0,0.0,5.94,1.24,0.0
20230809:0011,0.0,0.0,5.7,1.24,0.0
20230809:0111,0.0,0.0,5.29,1.45,0.0
20230809:0211,0.0,0.0,5.25,1.31,0.0
20230809:0311,0.0,0.0,5.02,1.45,0.0
20230809:0411,3.56,4.43,5.01,1.45,0.0
20230809:0511,12.46,11.18,4.98,1.52,0.0
20230809:0611,22.48,18.27,5.07,1.45,0.0
20230809:0711,71.18,25.36,4.91,1.17,0.0
20230809:0811,159.66,32.03,4.93,1.45,0.0
20230809:0911,271.79,37.78,4.97,1.31,0.0
20230809:1011,239.09,42.04,5.3,1.31,0.0
20230809:1111,219.78,44.22,5.57,1.17,0.0
20230809:1211,171.39,43.95,5.78,1.17,0.0
20230809:1311,145.17,41.28,6.05,1.24,0.0
20230809:1411,108.64,36.65,6.23,1.17,0.0
20230809:1511,62.75,30.66,6.03,1.1,0.0
20230809:1611,43.08,23.86,5.9,1.17,0.0
20230809:1711,57.13,16.74,5.59,1.31,0.0
20230809:1811,29.36,9.68,5.23,1.17,0.0
20230809:1911,1.78,3.06,4.64,0.97,0.0
20230809:2011,0.0,0.0,4.34,0.97,0.0
20230809:2111,0.0,0.0,4.11,1.03,0.0
20230809:2211,0.0,0.0,4.0,0.69,0.0
20230809:2311,0.0,0.0,3.84,0.55,0.0
20230810:0011,0.0,0.0,3.66,0.62,0.0
20230810:0111,0.0,0.0,3.53,0.69,0.0
20230810:0211,0.0,0.0,3.53,0.76,0.0
20230810:0311,0.0,0.0,3.6,0.76,0.0
20230810:0411,3.56,4.19,3.63,0.69,0.0
20230810:0511,16.01,10.94,3.81,0.69,0.0
20230810:0611,94.49,18.04,3.93,0.62,0.0
20230810:0711,161.27,25.13,4.83,1.03,0.0
20230810:0811,212.71,31.79,5.17,1.17,0.0
20230810:0911,225.39,37.53,5.58,1.31,0.0
20230810:1011,199.15,41.77,6.01,1.38,0.0
20230810:1111,235.12,43.93,6.4,1.38,0.0
20230810:1211,182.63,43.66,6.46,1.24,0.0
20230810:1311,113.32,40.99,6.71,1.17,0.0
20230810:1411,95.53,36.37,6.87,1.03,0.0
20230810:1511,95.53,30.38,7.1,1.1,0.0
20230810:1611,117.29,23.59,7.09,1.1,0.0
20230810:1711,64.62,16.47,6.9,1.1,0.0
20230810:1811,28.47,9.41,6.68,1.03,0.0
20230810:1911,12.46,2.79,6.57,1.17,0.0
20230810:2011,0.0,0.0,6.32,1.03,0.0
20230810:2111,0.0,0.0,6.14,0.97,0.0
20230810:2211,0.0,0.0,6.01,0.9,0.0
20230810:2311,0.0,0.0,5.9,0.9,0.0
20230811:0011,0.0,0.0,5.84,0.83,0.0
20230811:0111,0.0,0.0,5.81,0.69,0.0
20230811:0211,0.0,0.0,5.79,0.69,0.0
20230811:0311,0.0,0.0,5.73,0.76,0.0
20230811:0411,2.67,3.94,5.66,0.76,0.0
20230811:0511,24.91,10.7,5.66,0.69,0.0
20230811:0611,155.13,17.8,5.74,0.76,0.0
20230811:0711,236.38,24.89,6.27,0.9,0.0
20230811:0811,325.02,31.54,6.74,0.97,0.0
20230811:0911,255.92,37.26,7.52,1.17,0.0
20230811:1011,249.83,41.49,8.14,1.31,0.0
20230811:1111,427.04,43.64,9.39,1.52,0.0
20230811:1211,419.05,43.36,10.31,1.52,0.0
20230811:1311,696.68,40.7,11.29,1.72,0.0
20230811:1411,809.29,36.09,11.85,1.72,0.0
20230811:1511,221.89,30.1,11.93,1.52,0.0
20230811:1611,191.6,23.32,11.96,1.24,0.0
20230811:1711,81.32,16.2,11.78,1.03,0.0
20230811:1811,33.81,9.14,11.32,0.69,0.0
20230811:1911,2.67,2.51,10.38,0.55,0.0
20230811:2011,0.0,0.0,9.96,0.07,0.0
20230811:2111,0.0,0.0,9.71,0.41,0.0
20230811:2211,0.0,0.0,9.58,0.41,0.0
20230811:2311,0.0,0.0,9.28,0.69,0.0
20230812:0011,0.0,0.0,8.92,0.9,0.0
20230812:0111,0.0,0.0,8.76,0.9,0.0
20230812:0211,0.0,0.0,9.19,0.62,0.0
20230812:0311,0.0,0.0,9.15,0.48,0.0
20230812:0411,7.12,3.7,9.07,0.41,0.0
20230812:0511,49.82,10.46,9.04,0.48,0.0
20230812:0611,233.91,17.57,9.17,0.69,0.0
20230812:0711,364.97,24.65,9.52,1.38,0.0
20230812:0811,332.46,31.29,9.98,1.52,0.0
20230812:0911,280.37,37.0,10.17,1.86,0.0
20230812:1011,529.02,41.21,11.19,2.14,0.0
20230812:1111,210.43,43.35,11.71,2.07,0.0
20230812:1211,162.96,43.06,11.86,1.86,0.0
20230812:1311,428.11,40.4,11.87,1.72,0.0
20230812:1411,449.73,35.8,12.08,1.45,0.0
20230812:1511,406.15,29.82,12.33,1.31,0.0
20230812:1611,129.04,23.04,12.37,1.1,0.0
20230812:1711,73.99,15.92,11.97,0.41,0.0
20230812:1811,31.14,8.86,11.83,0.28,0.0
20230812:1911,7.12,2.22,11.24,0.34,0.0
20230812:2011,0.0,0.0,10.51,0.62,0.0
20230812:2111,0.0,0.0,10.2,0.69,0.0
20230812:2211,0.0,0.0,9.69,0.76,0.0
20230812:2311,0.0,0.0,9.15,0.9,0.0
20230813:0011,0.0,0.0,8.77,0.97,0.0
20230813:0111,0.0,0.0,8.47,1.03,0.0
20230813:0211,0.0,0.0,8.28,1.03,0.0
20230813:0311,0.0,0.0,7.87,1.1,0.0
20230813:0411,16.01,3.45,7.71,1.1,0.0
20230813:0511,60.5,10.22,7.6,1.03,0.0
20230813:0611,170.12,17.33,8.59,0.9,0.0
20230813:0711,318.54,24.4,9.95,0.9,0.0
20230813:0811,509.62,31.04,10.73,0.9,0.0
20230813:0911,482.85,36.73,11.65,1.1,0.0
20230813:1011,379.24,40.92,12.43,1.31,0.0
20230813:1111,512.16,43.05,13.0,1.66,0.0
20230813:1211,377.85,42.76,13.17,1.45,0.0
20230813:1311,267.28,40.1,13.67,1.66,0.0
20230813:1411,190.31,35.5,13.64,1.52,0.0
20230813:1511,141.42,29.53,13.55,1.52,0.0
20230813:1611,29.03,22.75,13.44,1.66,0.0
20230813:1711,18.73,15.63,12.9,1.24,0.0
20230813:1811,29.36,8.57,12.49,0.83,0.0
20230813:1911,3.56,1.93,10.91,0.97,0.0
20230813:2011,0.0,0.0,10.23,0.9,0.0
20230813:2111,0.0,0.0,9.27,0.9,0.0
20230813:2211,0.0,0.0,9.17,0.76,0.0
20230813:2311,0.0,0.0,9.03,0.62,0.0
20230814:0011,0.0,0.0,8.59,0.48,0.0
20230814:0111,0.0,0.0,8.18,0.48,0.0
20230814:0211,0.0,0.0,7.82,0.41,0.0
20230814:0311,0.0,0.0,7.53,0.48,0.0
20230814:0411,2.67,3.19,7.25,0.48,0.0
20230814:0511,16.9,9.97,7.33,0.48,0.0
20230814:0611,89.87,17.08,7.57,0.76,0.0
20230814:0711,100.21,24.16,8.85,0.9,0.0
20230814:0811,265.8,30.78,9.39,1.31,0.0
20230814:0911,352.67,36.46,9.89,1.59,0.0
20230814:1011,131.12,40.64,10.54,1.66,0.0
20230814:1111,461.71,42.75,11.2,1.66,0.0
20230814:1211,153.6,42.45,11.1,1.45,0.0
20230814:1311,474.63,39.79,11.6,1.59,0.0
20230814:1411,407.5,35.2,11.64,1.1,0.0
20230814:1511,582.05,29.24,11.85,0.9,0.0
20230814:1611,207.43,22.46,12.06,0.69,0.0
20230814:1711,95.7,15.35,11.93,0.62,0.0
20230814:1811,26.69,8.28,11.16,0.55,0.0
20230814:1911,0.89,1.64,10.19,0.76,0.0
20230814:2011,0.0,0.0,9.37,0.55,0.0
20230814:2111,0.0,0.0,9.01,0.62,0.0
20230814:2211,0.0,0.0,9.09,0.48,0.0
20230814:2311,0.0,0.0,8.98,0.28,0.0
20230815:0011,0.0,0.0,8.84,0.28,0.0
20230815:0111,0.0,0.0,8.81,0.34,0.0
20230815:0211,0.0,0.0,8.69,0.21,0.0
20230815:0311,0.0,0.0,8.8,0.14,0.0
20230815:0411,1.78,2.94,8.73,0.41,0.0
20230815:0511,9.79,9.72,8.68,0.55,0.0
20230815:0611,85.21,16.84,8.99,0.62,0.0
20230815:0711,83.35,23.91,9.87,0.9,0.0
20230815:0811,83.35,30.52,10.27,0.97,0.0
20230815:0911,107.71,36.19,10.28,0.83,0.0
20230815:1011,187.31,40.35,10.42,0.76,0.0
20230815:1111,226.8,42.44,10.41,0.69,0.0
20230815:1211,158.28,42.14,10.78,0.9,0.0
20230815:1311,91.78,39.48,11.0,0.83,0.0
20230815:1411,165.77,34.9,11.18,0.76,0.0
20230815:1511,110.52,28.94,11.4,0.69,0.0
20230815:1611,85.23,22.17,11.0,0.41,0.0
20230815:1711,28.1,15.05,11.25,0.55,0.0
20230815:1811,35.59,7.99,10.98,0.41,0.0
20230815:1911,1.78,1.34,10.63,0.28,0.0
20230815:2011,0.0,0.0,10.36,0.28,0.0
20230815:2111,0.0,0.0,10.12,0.14,0.0
20230815:2211,0.0,0.0,9.89,0.14,0.0
20230815:2311,0.0,0.0,9.63,0.34,0.0
20230816:0011,0.0,0.0,9.16,0.34,0.0
20230816:0111,0.0,0.0,8.59,0.28,0.0
20230816:0211,0.0,0.0,8.48,0.41,0.0
20230816:0311,0.0,0.0,8.53,0.48,0.0
20230816:0411,1.78,2.68,8.41,0.55,0.0
20230816:0511,32.92,9.47,8.52,0.62,0.0
20230816:0611,109.58,16.59,8.75,0.76,0.0
20230816:0711,283.66,23.65,9.68,0.9,0.0
20230816:0811,605.63,30.26,9.9,1.03,0.0
20230816:0911,486.41,35.91,10.34,0.9,0.0
20230816:1011,300.16,40.05,10.87,1.03,0.0
20230816:1111,388.45,42.13,11.54,0.9,0.0
20230816:1211,549.7,41.82,12.04,1.03,0.0
20230816:1311,539.19,39.17,12.11,1.03,0.0
20230816:1411,535.17,34.59,11.44,0.97,0.0
20230816:1511,366.84,28.64,12.35,1.17,0.0
20230816:1611,312.2,21.87,11.24,0.76,0.0
20230816:1711,95.2,14.76,11.04,0.48,0.0
20230816:1811,36.48,7.69,10.94,0.41,0.0
20230816:1911,0.0,0.0,11.37,0.48,0.0
20230816:2011,0.0,0.0,10.87,0.07,0.0
20230816:2111,0.0,0.0,10.36,0.28,0.0
20230816:2211,0.0,0.0,10.33,0.21,0.0
20230816:2311,0.0,0.0,10.23,0.21,0.0
20230817:0011,0.0,0.0,9.76,0.28,0.0
20230817:0111,0.0,0.0,9.35,0.41,0.0
20230817:0211,0.0,0.0,9.0,0.48,0.0
20230817:0311,0.0,0.0,8.87,0.48,0.0
20230817:0411,1.78,2.42,8.94,0.48,0.0
20230817:0511,20.46,9.22,9.14,0.48,0.0
20230817:0611,132.35,16.34,9.15,0.34,0.0
20230817:0711,330.38,23.4,10.11,0.34,0.0
20230817:0811,499.73,29.99,11.5,0.55,0.0
20230817:0911,503.0,35.63,12.45,0.76,0.0
20230817:1011,628.29,39.75,13.14,0.9,0.0
20230817:1111,580.34,41.82,13.71,1.03,0.0
20230817:1211,258.55,41.5,13.75,0.97,0.0
20230817:1311,489.83,38.85,14.53,0.83,0.0
20230817:1411,314.5,34.27,14.85,0.83,0.0
20230817:1511,320.45,28.33,14.69,0.76,0.0
20230817:1611,221.23,21.57,14.32,0.62,0.0
20230817:1711,92.53,14.46,14.15,0.62,0.0
20230817:1811,25.8,7.39,13.86,0.62,0.0
20230817:1911,0.0,0.0,13.24,0.76,0.0
20230817:2011,0.0,0.0,13.13,0.62,0.0
20230817:2111,0.0,0.0,12.75,0.62,0.0
20230817:2211,0.0,0.0,12.32,0.69,0.0
20230817:2311,0.0,0.0,11.92,0.76,0.0
20230818:0011,0.0,0.0,11.67,0.76,0.0
20230818:0111,0.0,0.0,11.25,0.76,0.0
20230818:0211,0.0,0.0,10.65,0.83,0.0
20230818:0311,0.0,0.0,10.15,0.9,0.0
20230818:0411,1.78,2.16,9.76,0.97,0.0
20230818:0511,16.01,8.97,8.84,1.03,0.0
20230818:0611,99.37,16.09,9.5,0.9,0.0
20230818:0711,403.87,23.14,10.48,1.1,0.0
20230818:0811,481.96,29.73,11.99,1.1,0.0
20230818:0911,581.77,35.35,12.96,1.38,0.0
20230818:1011,523.12,39.45,13.59,1.79,0.0
20230818:1111,617.53,41.5,14.06,1.86,0.0
20230818:1211,549.06,41.18,14.4,1.86,0.0
20230818:1311,409.57,38.53,14.57,1.86,0.0
20230818:1411,435.64,33.96,14.5,1.72,0.0
20230818:1511,476.41,28.02,14.64,1.66,0.0
20230818:1611,340.37,21.26,14.33,1.59,0.0
20230818:1711,80.96,14.15,13.82,1.17,0.0
20230818:1811,41.81,7.08,13.36,0.97,0.0
20230818:1911,0.0,0.0,12.59,1.45,0.0
20230818:2011,0.0,0.0,11.51,1.03,0.0
20230818:2111,0.0,0.0,11.29,0.97,0.0
20230818:2211,0.0,0.0,10.89,0.97,0.0
20230818:2311,0.0,0.0,10.4,0.97,0.0
20230819:0011,0.0,0.0,10.02,1.03,0.0
20230819:0111,0.0,0.0,9.85,1.03,0.0
20230819:0211,0.0,0.0,9.12,1.17,0.0
20230819:0311,0.0,0.0,8.66,1.24,0.0
20230819:0411,0.89,1.89,8.52,1.24,0.0
20230819:0511,36.48,8.71,8.8,1.17,0.0
20230819:0611,130.98,15.83,9.47,1.17,0.0
20230819:0711,138.63,22.89,10.78,1.31,0.0
20230819:0811,215.56,29.46,11.35,1.66,0.0
20230819:0911,253.95,35.06,12.1,1.86,0.0
20230819:1011,368.26,39.15,12.58,1.79,0.0
20230819:1111,384.3,41.19,12.83,1.79,0.0
20230819:1211,217.76,40.85,13.59,2.28,0.0
20230819:1311,91.78,38.2,14.01,2.41,0.0
20230819:1411,207.02,33.63,13.83,2.14,0.0
20230819:1511,122.69,27.71,12.97,1.72,0.0
20230819:1611,64.62,20.95,12.15,1.66,0.0
20230819:1711,19.57,13.84,11.65,1.59,0.0
20230819:1811,7.12,6.77,11.12,1.72,0.0
20230819:1911,0.0,0.0,10.81,1.45,0.0
20230819:2011,0.0,0.0,10.55,1.45,0.0
20230819:2111,0.0,0.0,10.4,1.59,0.0
20230819:2211,0.0,0.0,10.14,1.59,0.0
20230819:2311,0.0,0.0,9.95,1.59,0.0
20230820:0011,0.0,0.0,10.02,1.52,0.0
20230820:0111,0.0,0.0,9.9,1.45,0.0
20230820:0211,0.0,0.0,10.03,1.52,0.0
20230820:0311,0.0,0.0,9.82,1.45,0.0
20230820:0411,0.89,1.63,9.89,1.52,0.0
20230820:0511,8.01,8.45,10.02,1.31,0.0
20230820:0611,21.54,15.58,10.16,1.17,0.0
20230820:0711,52.45,22.63,10.46,1.03,0.0
20230820:0811,174.2,29.19,10.68,0.9,0.0
20230820:0911,254.82,34.78,10.86,0.97,0.0
20230820:1011,507.85,38.84,11.18,0.69,0.0
20230820:1111,176.08,40.86,11.57,0.55,0.0
20230820:1211,215.9,40.52,11.87,0.76,0.0
20230820:1311,173.27,37.87,12.13,0.9,0.0
20230820:1411,438.31,33.31,12.53,1.17,0.0
20230820:1511,266.4,27.39,12.69,1.24,0.0
20230820:1611,215.81,20.64,12.42,1.03,0.0
20230820:1711,71.17,13.53,12.64,0.9,0.0
20230820:1811,36.48,6.45,12.26,0.97,0.0
20230820:1911,0.0,0.0,12.27,1.03,0.0
20230820:2011,0.0,0.0,11.42,0.83,0.0
20230820:2111,0.0,0.0,11.41,0.76,0.0
20230820:2211,0.0,0.0,11.01,0.83,0.0
20230820:2311,0.0,0.0,10.59,0.76,0.0
20230821:0011,0.0,0.0,10.18,0.83,0.0
20230821:0111,0.0,0.0,9.29,0.9,0.0
20230821:0211,0.0,0.0,8.53,0.97,0.0
20230821:0311,0.0,0.0,8.15,1.17,0.0
20230821:0411,0.89,1.36,8.35,0.97,0.0
20230821:0511,8.01,8.19,8.59,1.03,0.0
20230821:0611,18.73,15.32,8.88,0.97,0.0
20230821:0711,99.28,22.36,8.57,1.17,0.0
20230821:0811,188.23,28.91,8.91,1.38,0.0
20230821:0911,176.72,34.49,9.41,1.38,0.0
20230821:1011,278.64,38.53,9.56,1.59,0.0
20230821:1111,428.23,40.54,10.75,1.79,0.0
20230821:1211,562.0,40.18,11.46,1.86,0.0
20230821:1311,260.24,37.53,11.73,2.0,0.0
20230821:1411,157.34,32.98,11.59,2.0,0.0
20230821:1511,518.12,27.06,11.56,1.93,0.0
20230821:1611,188.84,20.32,11.2,1.17,0.0
20230821:1711,80.07,13.21,11.08,0.9,0.0
20230821:1811,34.7,6.13,10.79,1.17,0.0
20230821:1911,0.0,0.0,9.93,0.9,0.0
20230821:2011,0.0,0.0,9.07,0.69,0.0
20230821:2111,0.0,0.0,9.11,0.41,0.0
20230821:2211,0.0,0.0,8.75,0.21,0.0
20230821:2311,0.0,0.0,8.42,0.34,0.0
20230822:0011,0.0,0.0,7.99,0.34,0.0
20230822:0111,0.0,0.0,7.56,0.55,0.0
20230822:0211,0.0,0.0,6.86,0.83,0.0
20230822:0311,0.0,0.0,5.36,0.97,0.0
20230822:0411,0.0,0.0,4.68,1.1,0.0
20230822:0511,37.37,7.93,5.21,1.1,0.0
20230822:0611,139.15,15.06,6.16,0.97,0.0
20230822:0711,364.07,22.1,8.68,0.62,0.0
20230822:0811,526.83,28.64,10.15,0.34,0.0
20230822:0911,733.72,34.19,11.29,0.76,0.0
20230822:1011,844.02,38.22,12.02,1.1,0.0
20230822:1111,806.34,40.21,12.53,1.38,0.0
20230822:1211,681.39,39.85,12.93,1.59,0.0
20230822:1311,389.5,37.19,13.0,1.52,0.0
20230822:1411,577.82,32.64,12.62,1.31,0.0
20230822:1511,560.02,26.73,12.59,1.52,0.0
20230822:1611,270.95,20.0,12.46,1.45,0.0
20230822:1711,77.4,12.89,12.04,1.17,0.0
20230822:1811,31.14,5.81,11.44,0.76,0.0
20230822:1911,0.0,0.0,10.54,0.76,0.0
20230822:2011,0.0,0.0,10.03,0.48,0.0
20230822:2111,0.0,0.0,9.55,0.48,0.0
20230822:2211,0.0,0.0,9.24,0.48,0.0
20230822:2311,0.0,0.0,9.01,0.41,0.0
20230823:0011,0.0,0.0,8.66,0.55,0.0
20230823:0111,0.0,0.0,8.31,0.62,0.0
20230823:0211,0.0,0.0,8.08,0.69,0.0
20230823:0311,0.0,0.0,8.05,0.69,0.0
20230823:0411,0.0,0.0,7.93,0.69,0.0
20230823:0511,7.12,7.67,7.85,0.69,0.0
20230823:0611,18.73,14.8,8.17,0.62,0.0
20230823:0711,52.45,21.83,8.76,0.62,0.0
20230823:0811,119.88,28.36,9.42,0.48,0.0
20230823:0911,88.97,33.9,9.85,0.41,0.0
20230823:1011,87.1,37.91,9.99,0.62,0.0
20230823:1111,106.77,39.88,10.01,1.24,0.0
20230823:1211,95.53,39.5,9.49,1.17,0.0
20230823:1311,103.96,36.85,9.42,1.24,0.0
20230823:1411,95.53,32.31,9.53,1.38,0.0
20230823:1511,135.4,26.4,9.69,1.52,0.0
20230823:1611,66.5,19.67,9.69,1.79,0.0
20230823:1711,66.73,12.56,8.96,1.72,0.0
20230823:1811,12.46,5.48,8.11,1.59,0.0
20230823:1911,0.0,0.0,8.0,1.24,0.0
20230823:2011,0.0,0.0,7.44,1.17,0.0
20230823:2111,0.0,0.0,7.09,1.03,0.0
20230823:2211,0.0,0.0,6.54,1.1,0.0
20230823:2311,0.0,0.0,6.21,1.03,0.0
20230824:0011,0.0,0.0,6.35,1.1,0.0
20230824:0111,0.0,0.0,6.16,1.03,0.0
20230824:0211,0.0,0.0,6.09,0.97,0.0
20230824:0311,0.0,0.0,5.9,0.83,0.0
20230824:0411,0.0,0.0,5.72,0.76,0.0
20230824:0511,12.46,7.4,5.74,0.76,0.0
20230824:0611,93.26,14.53,5.83,0.76,0.0
20230824:0711,198.57,21.56,6.48,0.55,0.0
20230824:0811,295.0,28.08,7.08,0.34,0.0
20230824:0911,387.24,33.6,7.97,0.14,0.0
20230824:1011,584.05,37.59,8.74,0.21,0.0
20230824:1111,931.93,39.54,9.26,0.28,0.0
20230824:1211,518.78,39.16,10.13,0.34,0.0
20230824:1311,342.39,36.51,10.57,0.34,0.0
20230824:1411,288.11,31.97,10.83,0.48,0.0
20230824:1511,308.26,26.07,11.25,0.55,0.0
20230824:1611,124.86,19.34,11.3,0.55,0.0
20230824:1711,58.72,12.23,11.34,0.83,0.0
20230824:1811,18.68,5.15,11.0,0.69,0.0
20230824:1911,0.0,0.0,10.2,0.69,0.0
20230824:2011,0.0,0.0,9.4,0.97,0.0
20230824:2111,0.0,0.0,8.98,1.03,0.0
20230824:2211,0.0,0.0,9.01,0.97,0.0
20230824:2311,0.0,0.0,8.58,1.03,0.0
20230825:0011,0.0,0.0,8.23,1.03,0.0
20230825:0111,0.0,0.0,7.84,1.1,0.0
20230825:0211,0.0,0.0,7.8,1.1,0.0
20230825:0311,0.0,0.0,7.81,1.1,0.0
20230825:0411,0.0,0.0,7.71,1.17,0.0
20230825:0511,7.12,7.13,7.78,1.1,0.0
20230825:0611,24.35,14.27,8.01,1.1,0.0
20230825:0711,46.83,21.29,8.74,1.03,0.0
20230825:0811,81.48,27.8,9.16,1.03,0.0
20230825:0911,100.21,33.3,9.32,0.97,0.0
20230825:1011,88.04,37.27,9.69,0.97,0.0
20230825:1111,145.17,39.2,9.9,1.1,0.0
20230825:1211,241.49,38.81,9.9,0.83,0.0
20230825:1311,161.09,36.16,9.72,0.69,0.0
20230825:1411,96.47,31.62,9.69,0.55,0.0
20230825:1511,95.53,25.73,9.49,0.55,0.0
20230825:1611,111.61,19.0,9.69,0.62,0.0
20230825:1711,57.83,11.9,9.53,0.76,0.0
20230825:1811,16.01,4.82,9.45,0.76,0.0
20230825:1911,0.0,0.0,9.26,1.1,0.0
20230825:2011,0.0,0.0,8.68,0.9,0.0
20230825:2111,0.0,0.0,8.55,0.9,0.0
20230825:2211,0.0,0.0,8.48,0.9,0.0
20230825:2311,0.0,0.0,8.44,0.9,0.0
20230826:0011,0.0,0.0,8.37,0.83,0.0
20230826:0111,0.0,0.0,8.15,0.97,0.0
20230826:0211,0.0,0.0,8.21,0.97,0.0
20230826:0311,0.0,0.0,8.13,0.9,0.0
20230826:0411,0.0,0.0,8.04,0.97,0.0
20230826:0511,6.23,6.87,8.01,0.97,0.0
20230826:0611,52.45,14.0,8.58,1.1,0.0
20230826:0711,108.16,21.02,8.99,1.03,0.0
20230826:0811,129.25,27.51,9.41,1.03,0.0
20230826:0911,195.82,33.0,9.85,1.1,0.0
20230826:1011,256.6,36.94,10.18,1.1,0.0
20230826:1111,400.39,38.86,10.77,1.1,0.0
20230826:1211,691.62,38.46,10.74,1.03,0.0
20230826:1311,181.49,35.8,10.89,1.1,0.0
20230826:1411,155.21,31.27,10.48,1.1,0.0
20230826:1511,174.01,25.39,10.3,1.17,0.0
20230826:1611,103.77,18.66,10.2,1.03,0.0
20230826:1711,73.84,11.56,10.15,0.97,0.0
20230826:1811,3.56,4.48,9.83,0.97,0.0
20230826:1911,0.0,0.0,9.7,0.76,0.0
20230826:2011,0.0,0.0,9.1,0.76,0.0
20230826:2111,0.0,0.0,8.99,0.76,0.0
20230826:2211,0.0,0.0,8.92,0.83,0.0
20230826:2311,0.0,0.0,8.85,0.83,0.0
20230827:0011,0.0,0.0,8.7,0.83,0.0
20230827:0111,0.0,0.0,8.64,0.83,0.0
20230827:0211,0.0,0.0,8.46,0.9,0.0
20230827:0311,0.0,0.0,8.36,0.83,0.0
20230827:0411,0.0,0.0,8.43,0.69,0.0
20230827:0511,20.46,6.59,7.95,0.69,0.0
20230827:0611,30.91,13.73,7.77,0.76,0.0
20230827:0711,40.27,20.74,8.08,0.83,0.0
20230827:0811,59.0,27.22,8.49,0.9,0.0
20230827:0911,110.52,32.69,8.83,0.48,0.0
20230827:1011,98.34,36.62,9.01,0.48,0.0
20230827:1111,146.1,38.52,9.09,0.69,0.0
20230827:1211,265.25,38.11,9.93,0.97,0.0
20230827:1311,191.63,35.45,9.84,1.17,0.0
20230827:1411,56.19,30.92,9.37,1.52,0.0
20230827:1511,139.8,25.04,9.16,1.59,0.0
20230827:1611,38.4,18.32,8.39,1.52,0.0
20230827:1711,34.7,11.22,7.92,1.38,0.0
20230827:1811,12.46,4.14,7.68,1.38,0.0
20230827:1911,0.0,0.0,7.97,1.1,0.0
20230827:2011,0.0,0.0,7.71,1.1,0.0
20230827:2111,0.0,0.0,7.49,1.38,0.0
20230827:2211,0.0,0.0,7.42,1.17,0.0
20230827:2311,0.0,0.0,7.46,0.97,0.0
20230828:0011,0.0,0.0,7.34,1.03,0.0
20230828:0111,0.0,0.0,7.08,1.17,0.0
20230828:0211,0.0,0.0,7.06,1.24,0.0
20230828:0311,0.0,0.0,6.99,1.17,0.0
20230828:0411,0.0,0.0,6.93,1.31,0.0
20230828:0511,6.23,6.32,6.9,1.24,0.0
20230828:0611,21.54,13.46,6.88,1.45,0.0
20230828:0711,61.81,20.47,6.99,1.17,0.0
20230828:0811,62.75,26.93,7.01,1.24,0.0
20230828:0911,138.61,32.38,7.15,1.59,0.0
20230828:1011,223.94,36.29,7.57,1.93,0.0
20230828:1111,292.16,38.17,7.74,1.93,0.0
20230828:1211,348.67,37.75,8.01,1.93,0.0
20230828:1311,145.17,35.09,8.3,2.0,0.0
20230828:1411,230.95,30.57,8.19,1.86,0.0
20230828:1511,239.35,24.69,8.21,1.93,0.0
20230828:1611,43.08,17.98,7.77,1.66,0.0
20230828:1711,20.46,10.88,7.65,1.38,0.0
20230828:1811,2.67,3.79,7.17,1.24,0.0
20230828:1911,0.0,0.0,6.98,1.1,0.0
20230828:2011,0.0,0.0,6.51,0.97,0.0
20230828:2111,0.0,0.0,5.87,0.97,0.0
20230828:2211,0.0,0.0,5.53,0.76,0.0
20230828:2311,0.0,0.0,5.59,0.9,0.0
20230829:0011,0.0,0.0,5.76,0.76,0.0
20230829:0111,0.0,0.0,5.69,0.76,0.0
20230829:0211,0.0,0.0,5.58,0.69,0.0
20230829:0311,0.0,0.0,5.3,0.62,0.0
20230829:0411,0.0,0.0,4.98,0.48,0.0
20230829:0511,9.79,6.05,4.85,0.48,0.0
20230829:0611,61.97,13.19,4.85,0.69,0.0
20230829:0711,205.54,20.19,6.05,0.76,0.0
20230829:0811,446.9,26.64,7.21,0.83,0.0
20230829:0911,373.67,32.07,8.13,0.83,0.0
20230829:1011,269.77,35.96,8.81,1.03,0.0
20230829:1111,412.82,37.82,9.14,1.17,0.0
20230829:1211,773.29,37.39,9.96,1.24,0.0
20230829:1311,256.62,34.73,10.18,1.17,0.0
20230829:1411,305.55,30.21,10.29,1.03,0.0
20230829:1511,401.56,24.34,10.17,1.1,0.0
20230829:1611,208.43,17.63,9.83,0.97,0.0
20230829:1711,66.73,10.53,9.59,0.62,0.0
20230829:1811,13.35,3.44,9.24,0.55,0.0
20230829:1911,0.0,0.0,9.02,0.34,0.0
20230829:2011,0.0,0.0,8.66,0.21,0.0
20230829:2111,0.0,0.0,8.43,0.28,0.0
20230829:2211,0.0,0.0,8.12,0.28,0.0
20230829:2311,0.0,0.0,7.83,0.41,0.0
20230830:0011,0.0,0.0,7.58,0.48,0.0
20230830:0111,0.0,0.0,7.23,0.62,0.0
20230830:0211,0.0,0.0,6.91,0.69,0.0
20230830:0311,0.0,0.0,6.64,0.76,0.0
20230830:0411,0.0,0.0,6.31,0.76,0.0
20230830:0511,31.14,5.77,6.02,0.83,0.0
20230830:0611,177.1,12.91,5.77,0.9,0.0
20230830:0711,248.88,19.91,7.52,0.83,0.0
20230830:0811,141.83,26.35,8.57,0.76,0.0
20230830:0911,344.4,31.76,9.15,0.69,0.0
20230830:1011,439.0,35.63,9.63,0.83,0.0
20230830:1111,542.26,37.47,10.02,0.83,0.0
20230830:1211,685.8,37.03,10.82,1.03,0.0
20230830:1311,426.44,34.36,11.09,0.97,0.0
20230830:1411,333.1,29.85,11.23,0.97,0.0
20230830:1511,444.97,23.98,11.18,1.03,0.0
20230830:1611,309.88,17.28,10.87,0.9,0.0
20230830:1711,63.17,10.18,10.64,0.76,0.0
20230830:1811,11.57,3.09,10.24,0.48,0.0
20230830:1911,0.0,0.0,9.28,0.14,0.0
20230830:2011,0.0,0.0,8.85,0.34,0.0
20230830:2111,0.0,0.0,8.31,0.62,0.0
20230830:2211,0.0,0.0,7.68,0.69,0.0
20230830:2311,0.0,0.0,7.21,0.76,0.0
20230831:0011,0.0,0.0,6.74,0.83,0.0
20230831:0111,0.0,0.0,6.29,0.9,0.0
20230831:0211,0.0,0.0,5.95,0.97,0.0
20230831:0311,0.0,0.0,5.53,1.03,0.0
20230831:0411,0.0,0.0,5.19,1.1,0.0
20230831:0511,29.36,5.5,4.46,1.17,0.0
20230831:0611,70.28,12.64,4.08,1.1,0.0
20230831:0711,399.22,19.63,4.28,1.1,0.0
20230831:0811,592.34,26.06,6.54,0.76,0.0
20230831:0911,779.37,31.45,8.31,0.21,0.0
20230831:1011,720.05,35.29,9.8,0.21,0.0
20230831:1111,408.07,37.12,10.79,0.48,0.0
20230831:1211,923.42,36.66,11.14,1.03,0.0
20230831:1311,633.0,34.0,11.18,1.1,0.0
20230831:1411,668.0,29.49,11.38,0.9,0.0
20230831:1511,550.92,23.63,11.32,1.03,0.0
20230831:1611,304.38,16.93,11.26,1.03,0.0
20230831:1711,61.39,9.83,10.83,0.9,0.0
20230831:1811,6.23,2.74,10.42,0.83,0.0
20230831:1911,0.0,0.0,10.21,0.48,0.0
20230831:2011,0.0,0.0,9.62,0.07,0.0
20230831:2111,0.0,0.0,9.34,0.21,0.0
20230831:2211,0.0,0.0,8.92,0.34,0.0
20230831:2311,0.0,0.0,8.47,0.41,0.0
20230901:0011,0.0,0.0,8.18,0.48,0.0
20230901:0111,0.0,0.0,7.66,0.55,0.0
20230901:0211,0.0,0.0,7.2,0.69,0.0
20230901:0311,0.0,0.0,6.68,0.76,0.0
20230901:0411,0.0,0.0,6.49,0.76,0.0
20230901:0511,29.36,5.22,6.44,0.76,0.0
20230901:0611,53.38,12.36,6.63,0.69,0.0
20230901:0711,412.66,19.34,6.96,0.41,0.0
20230901:0811,593.27,25.76,8.4,0.48,0.0
20230901:0911,759.94,31.13,9.27,0.9,0.0
20230901:1011,901.21,34.95,10.27,1.24,0.0
20230901:1111,917.21,36.76,10.82,1.38,0.0
20230901:1211,917.73,36.29,11.22,1.59,0.0
20230901:1311,805.98,33.63,11.33,1.66,0.0
20230901:1411,577.45,29.12,11.39,1.59,0.0
20230901:1511,525.88,23.27,11.16,1.45,0.0
20230901:1611,327.39,16.57,10.77,1.24,0.0
20230901:1711,53.38,9.47,10.48,1.03,0.0
20230901:1811,8.9,2.38,9.98,0.76,0.0
20230901:1911,0.0,0.0,9.58,0.69,0.0
20230901:2011,0.0,0.0,9.2,0.41,0.0
20230901:2111,0.0,0.0,8.58,0.21,0.0
20230901:2211,0.0,0.0,8.2,0.21,0.0
20230901:2311,0.0,0.0,7.93,0.28,0.0
20230902:0011,0.0,0.0,7.41,0.34,0.0
20230902:0111,0.0,0.0,7.07,0.41,0.0
20230902:0211,0.0,0.0,6.62,0.41,0.0
20230902:0311,0.0,0.0,6.3,0.41,0.0
20230902:0411,0.0,0.0,6.01,0.41,0.0
20230902:0511,8.9,4.94,5.75,0.34,0.0
20230902:0611,78.29,12.08,5.4,0.34,0.0
20230902:0711,314.9,19.06,6.01,0.83,0.0
20230902:0811,452.38,25.46,7.06,0.9,0.0
20230902:0911,584.37,30.81,7.85,1.17,0.0
20230902:1011,692.34,34.61,8.71,1.31,0.0
20230902:1111,862.35,36.4,9.29,1.45,0.0
20230902:1211,855.58,35.92,9.97,1.45,0.0
20230902:1311,816.43,33.26,10.43,1.38,0.0
20230902:1411,506.31,28.75,10.61,1.52,0.0
20230902:1511,528.47,22.9,10.63,1.59,0.0
20230902:1611,134.99,16.21,10.22,1.66,0.0
20230902:1711,21.35,9.12,9.58,1.59,0.0
20230902:1811,2.67,2.02,8.89,1.52,0.0
20230902:1911,0.0,0.0,7.82,1.45,0.0
20230902:2011,0.0,0.0,6.83,1.24,0.0
20230902:2111,0.0,0.0,6.52,1.17,0.0
20230902:2211,0.0,0.0,6.44,1.24,0.0
20230902:2311,0.0,0.0,6.34,1.1,0.0
20230903:0011,0.0,0.0,6.23,1.1,0.0
20230903:0111,0.0,0.0,5.97,1.1,0.0
20230903:0211,0.0,0.0,5.9,0.97,0.0
20230903:0311,0.0,0.0,5.77,1.31,0.0
20230903:0411,0.0,0.0,5.38,1.17,0.0
20230903:0511,3.56,4.66,5.1,1.03,0.0
20230903:0611,13.35,11.8,5.09,0.97,0.0
20230903:0711,36.53,18.77,5.21,1.1,0.0
20230903:0811,78.67,25.16,5.43,1.1,0.0
20230903:0911,144.23,30.49,6.15,1.1,0.0
20230903:1011,87.19,34.27,6.56,1.24,0.0
20230903:1111,121.75,36.04,7.13,1.38,0.0
20230903:1211,106.77,35.55,7.17,1.17,0.0
20230903:1311,71.18,32.88,7.62,1.52,0.0
20230903:1411,77.74,28.38,7.79,1.52,0.0
20230903:1511,111.19,22.54,7.79,1.31,0.0
20230903:1611,31.84,15.85,7.97,1.45,0.0
20230903:1711,24.91,8.75,8.05,1.24,0.0
20230903:1811,0.89,1.66,8.13,1.38,0.0
20230903:1911,0.0,0.0,8.45,1.52,0.0
20230903:2011,0.0,0.0,8.54,1.52,0.0
20230903:2111,0.0,0.0,8.63,1.52,0.0
20230903:2211,0.0,0.0,8.8,1.72,0.0
20230903:2311,0.0,0.0,8.93,2.0,0.0
20230904:0011,0.0,0.0,8.97,2.0,0.0
20230904:0111,0.0,0.0,8.8,1.86,0.0
20230904:0211,0.0,0.0,8.74,1.45,0.0
20230904:0311,0.0,0.0,8.59,1.52,0.0
20230904:0411,0.0,0.0,8.09,1.59,0.0
20230904:0511,16.9,4.38,7.41,1.45,0.0
20230904:0611,61.39,11.52,7.84,1.45,0.0
20230904:0711,89.57,18.48,8.9,1.66,0.0
20230904:0811,40.27,24.86,9.22,2.07,0.0
20230904:0911,56.19,30.17,9.57,2.14,0.0
20230904:1011,47.15,33.93,9.89,2.28,0.0
20230904:1111,67.43,35.68,9.97,2.14,0.0
20230904:1211,76.51,35.18,10.19,2.34,0.0
20230904:1311,102.09,32.5,10.32,2.41,0.0
20230904:1411,82.42,28.0,10.29,1.86,0.0
20230904:1511,88.04,22.17,10.21,2.14,0.0
20230904:1611,70.24,15.48,10.28,1.86,0.0
20230904:1711,47.15,8.39,10.16,1.79,0.0
20230904:1811,0.89,1.29,10.08,1.79,0.0
20230904:1911,0.0,0.0,10.19,1.72,0.0
20230904:2011,0.0,0.0,10.07,1.66,0.0
20230904:2111,0.0,0.0,9.95,1.72,0.0
20230904:2211,0.0,0.0,9.92,2.0,0.0
20230904:2311,0.0,0.0,9.87,2.07,0.0
20230905:0011,0.0,0.0,9.59,2.14,0.0
20230905:0111,0.0,0.0,9.46,2.14,0.0
20230905:0211,0.0,0.0,9.37,2.14,0.0
20230905:0311,0.0,0.0,9.15,2.0,0.0
20230905:0411,0.0,0.0,9.1,1.93,0.0
20230905:0511,3.56,4.1,8.97,1.86,0.0
20230905:0611,35.59,11.24,8.89,1.93,0.0
20230905:0711,115.63,18.19,9.5,2.14,0.0
20230905:0811,148.3,24.55,9.54,2.0,0.0
20230905:0911,298.51,29.85,10.06,2.14,0.0
20230905:1011,234.88,33.58,10.65,2.48,0.0
20230905:1111,233.99,35.31,10.96,2.62,0.0
20230905:1211,218.86,34.8,11.01,2.41,0.0
20230905:1311,741.06,32.12,10.89,2.14,0.0
20230905:1411,206.79,27.63,10.67,1.93,0.0
20230905:1511,501.68,21.8,10.35,1.79,0.0
20230905:1611,292.31,15.11,9.95,1.66,0.0
20230905:1711,39.15,8.03,9.4,1.31,0.0
20230905:1811,0.0,0.0,8.97,1.1,0.0
20230905:1911,0.0,0.0,8.36,0.9,0.0
20230905:2011,0.0,0.0,8.42,0.69,0.0
20230905:2111,0.0,0.0,7.95,0.55,0.0
20230905:2211,0.0,0.0,7.46,0.14,0.0
20230905:2311,0.0,0.0,6.99,0.48,0.0
20230906:0011,0.0,0.0,6.38,0.69,0.0
20230906:0111,0.0,0.0,6.24,0.9,0.0
20230906:0211,0.0,0.0,4.53,1.17,0.0
20230906:0311,0.0,0.0,4.47,1.24,0.0
20230906:0411,0.0,0.0,3.84,1.31,0.0
20230906:0511,20.46,3.81,2.66,1.38,0.0
20230906:0611,46.26,10.95,3.14,1.24,0.0
20230906:0711,360.7,17.9,6.26,1.03,0.0
20230906:0811,564.98,24.25,9.67,0.83,0.0
20230906:0911,782.19,29.52,11.58,0.62,0.0
20230906:1011,72.95,33.23,13.03,0.55,0.0
20230906:1111,249.11,34.94,14.11,1.03,0.0
20230906:1211,121.89,34.42,14.58,1.1,0.0
20230906:1311,870.31,31.74,14.59,1.03,0.0
20230906:1411,705.69,27.25,14.39,0.83,0.0
20230906:1511,526.97,21.42,14.07,0.69,0.0
20230906:1611,299.26,14.74,13.92,0.41,0.0
20230906:1711,38.26,7.66,13.46,0.14,0.0
20230906:1811,0.0,0.0,13.06,0.28,0.0
20230906:1911,0.0,0.0,12.78,0.48,0.0
20230906:2011,0.0,0.0,11.74,0.76,0.0
20230906:2111,0.0,0.0,10.92,0.83,0.0
20230906:2211,0.0,0.0,10.33,0.9,0.0
20230906:2311,0.0,0.0,9.99,0.9,0.0
20230907:0011,0.0,0.0,9.81,1.03,0.0
20230907:0111,0.0,0.0,9.49,1.1,0.0
20230907:0211,0.0,0.0,9.41,1.03,0.0
20230907:0311,0.0,0.0,9.41,0.97,0.0
20230907:0411,0.0,0.0,9.6,0.9,0.0
20230907:0511,5.34,3.53,9.78,0.83,0.0
20230907:0611,11.57,10.67,10.26,0.76,0.0
20230907:0711,111.15,17.61,10.46,0.55,0.0
20230907:0811,128.03,23.94,12.12,0.21,0.0
20230907:0911,300.87,29.19,13.05,0.48,0.0
20230907:1011,229.54,32.88,14.13,1.03,0.0
20230907:1111,167.26,34.58,14.73,1.38,0.0
20230907:1211,185.05,34.04,15.18,1.45,0.0
20230907:1311,78.67,31.36,15.38,1.45,0.0
20230907:1411,138.51,26.87,15.35,1.45,0.0
20230907:1511,137.65,21.05,15.24,1.31,0.0
20230907:1611,57.13,14.37,14.91,0.9,0.0
20230907:1711,9.79,7.29,14.65,0.62,0.0
20230907:1811,0.0,0.0,14.07,0.41,0.0
20230907:1911,0.0,0.0,12.51,0.41,0.0
20230907:2011,0.0,0.0,12.06,0.55,0.0
20230907:2111,0.0,0.0,11.76,0.69,0.0
20230907:2211,0.0,0.0,11.37,0.83,0.0
20230907:2311,0.0,0.0,11.06,0.9,0.0
20230908:0011,0.0,0.0,10.75,0.97,0.0
20230908:0111,0.0,0.0,10.23,1.03,0.0
20230908:0211,0.0,0.0,10.16,1.03,0.0
20230908:0311,0.0,0.0,9.96,1.03,0.0
20230908:0411,0.0,0.0,10.35,0.97,0.0
20230908:0511,6.23,3.24,10.61,0.9,0.0
20230908:0611,33.81,10.38,10.91,0.83,0.0
20230908:0711,112.93,17.32,10.07,0.83,0.0
20230908:0811,260.82,23.63,13.13,0.55,0.0
20230908:0911,483.39,28.86,14.49,0.83,0.0
20230908:1011,137.01,32.53,15.54,1.17,0.0
20230908:1111,87.19,34.2,16.39,1.38,0.0
20230908:1211,88.97,33.66,16.98,1.59,0.0
20230908:1311,778.32,30.97,17.31,1.59,0.0
20230908:1411,640.38,26.49,17.36,1.45,0.0
20230908:1511,450.24,20.67,17.16,1.31,0.0
20230908:1611,274.84,14.0,16.69,0.97,0.0
20230908:1711,34.7,6.92,16.06,0.55,0.0
20230908:1811,0.0,0.0,15.37,0.21,0.0
20230908:1911,0.0,0.0,14.65,0.21,0.0
20230908:2011,0.0,0.0,13.94,0.55,0.0
20230908:2111,0.0,0.0,13.1,0.76,0.0
20230908:2211,0.0,0.0,12.36,0.9,0.0
20230908:2311,0.0,0.0,11.79,1.03,0.0
20230909:0011,0.0,0.0,11.22,1.1,0.0
20230909:0111,0.0,0.0,10.72,1.17,0.0
20230909:0211,0.0,0.0,10.34,1.24,0.0
20230909:0311,0.0,0.0,9.75,1.31,0.0
20230909:0411,0.0,0.0,9.41,1.31,0.0
20230909:0511,3.56,2.95,9.46,1.31,0.0
20230909:0611,59.61,10.09,9.21,1.31,0.0
20230909:0711,310.48,17.02,10.46,1.1,0.0
20230909:0811,458.31,23.32,13.48,0.97,0.0
20230909:0911,527.16,28.53,15.21,0.9,0.0
20230909:1011,121.89,32.18,16.3,0.97,0.0
20230909:1111,85.41,33.83,17.07,1.24,0.0
20230909:1211,95.2,33.28,17.52,1.52,0.0
20230909:1311,765.85,30.59,17.72,1.72,0.0
20230909:1411,508.7,26.1,17.58,1.86,0.0
20230909:1511,400.85,20.29,17.28,1.86,0.0
20230909:1611,59.61,13.62,16.78,1.59,0.0
20230909:1711,34.7,6.54,16.05,1.38,0.0
20230909:1811,0.0,0.0,14.97,1.24,0.0
20230909:1911,0.0,0.0,13.89,1.17,0.0
20230909:2011,0.0,0.0,13.67,1.1,0.0
20230909:2111,0.0,0.0,13.49,1.1,0.0
20230909:2211,0.0,0.0,12.99,0.97,0.0
20230909:2311,0.0,0.0,12.6,1.03,0.0
20230910:0011,0.0,0.0,11.55,1.24,0.0
20230910:0111,0.0,0.0,10.93,1.38,0.0
20230910:0211,0.0,0.0,10.74,1.38,0.0
20230910:0311,0.0,0.0,10.67,1.38,0.0
20230910:0411,0.0,0.0,10.77,1.45,0.0
20230910:0511,1.78,2.66,10.72,1.31,0.0
20230910:0611,40.93,9.81,10.69,1.31,0.0
20230910:0711,194.02,16.72,10.79,1.59,0.0
20230910:0811,107.71,23.01,10.9,1.52,0.0
20230910:0911,75.86,28.2,10.96,1.59,0.0
20230910:1011,78.29,31.82,11.13,1.52,0.0
20230910:1111,73.84,33.46,11.87,1.79,0.0
20230910:1211,89.86,32.89,12.93,2.14,0.0
20230910:1311,65.56,30.2,12.88,1.86,0.0
20230910:1411,56.19,25.72,13.19,1.86,0.0
20230910:1511,91.78,19.91,13.13,1.59,0.0
20230910:1611,65.84,13.25,12.67,1.45,0.0
20230910:1711,5.34,6.17,12.05,1.24,0.0
20230910:1811,0.0,0.0,11.59,0.97,0.0
20230910:1911,0.0,0.0,10.68,0.83,0.0
20230910:2011,0.0,0.0,10.34,0.48,0.0
20230910:2111,0.0,0.0,10.36,0.48,0.0
20230910:2211,0.0,0.0,10.24,0.62,0.0
20230910:2311,0.0,0.0,9.86,0.76,0.0
20230911:0011,0.0,0.0,9.59,0.83,0.0
20230911:0111,0.0,0.0,9.32,0.9,0.0
20230911:0211,0.0,0.0,8.64,1.1,0.0
20230911:0311,0.0,0.0,8.22,1.17,0.0
20230911:0411,0.0,0.0,8.13,1.17,0.0
20230911:0511,3.56,2.38,8.42,1.24,0.0
20230911:0611,9.79,9.52,9.05,1.59,0.0
20230911:0711,27.16,16.43,9.16,1.45,0.0
20230911:0811,44.02,22.69,9.74,1.45,0.0
20230911:0911,45.89,27.86,10.34,1.52,0.0
20230911:1011,58.72,31.46,11.17,1.38,0.0
20230911:1111,49.82,33.08,12.58,2.14,0.0
20230911:1211,41.81,32.5,13.03,2.41,0.0
20230911:1311,59.0,29.81,13.75,1.38,0.0
20230911:1411,33.72,25.33,14.16,1.66,0.0
20230911:1511,24.35,19.53,13.96,2.07,0.0
20230911:1611,62.28,12.87,13.04,1.66,0.0
20230911:1711,18.68,5.79,12.69,1.79,0.0
20230911:1811,0.0,0.0,11.53,1.93,0.0
20230911:1911,0.0,0.0,10.46,1.31,0.0
20230911:2011,0.0,0.0,10.09,1.24,0.0
20230911:2111,0.0,0.0,9.71,1.24,0.0
20230911:2211,0.0,0.0,9.27,1.31,0.0
20230911:2311,0.0,0.0,8.66,1.38,0.0
20230912:0011,0.0,0.0,8.14,1.24,0.0
20230912:0111,0.0,0.0,7.32,1.38,0.0
20230912:0211,0.0,0.0,6.45,1.24,0.0
20230912:0311,0.0,0.0,5.46,1.45,0.0
20230912:0411,0.0,0.0,4.87,0.97,0.0
20230912:0511,8.9,2.09,4.6,1.03,0.0
20230912:0611,53.38,9.22,4.26,0.9,0.0
20230912:0711,84.14,16.13,5.32,0.9,0.0
20230912:0811,123.55,22.38,5.11,1.31,0.0
20230912:0911,180.09,27.53,5.53,1.59,0.0
20230912:1011,83.63,31.11,6.56,1.79,0.0
20230912:1111,226.87,32.7,6.69,2.21,0.0
20230912:1211,222.42,32.12,6.51,2.28,0.0
20230912:1311,428.71,29.42,6.68,2.34,0.0
20230912:1411,127.35,24.94,6.57,2.21,0.0
20230912:1511,115.93,19.14,6.35,2.21,0.0
20230912:1611,80.07,12.49,5.8,1.86,0.0
20230912:1711,14.23,5.41,5.36,1.79,0.0
20230912:1811,0.0,0.0,4.58,1.52,0.0
20230912:1911,0.0,0.0,3.61,1.31,0.0
20230912:2011,0.0,0.0,2.94,1.24,0.0
20230912:2111,0.0,0.0,2.6,1.24,0.0
20230912:2211,0.0,0.0,2.19,1.1,0.0
20230912:2311,0.0,0.0,1.56,0.97,0.0
20230913:0011,0.0,0.0,1.33,0.97,0.0
20230913:0111,0.0,0.0,1.35,0.97,0.0
20230913:0211,0.0,0.0,1.12,0.83,0.0
20230913:0311,0.0,0.0,0.99,1.03,0.0
20230913:0411,0.0,0.0,0.73,0.97,0.0
20230913:0511,0.89,1.79,0.9,0.97,0.0
20230913:0611,55.16,8.93,0.69,0.76,0.0
20230913:0711,207.23,15.83,1.93,0.76,0.0
20230913:0811,477.17,22.06,2.65,0.76,0.0
20230913:0911,619.68,27.19,3.62,0.83,0.0
20230913:1011,102.31,30.75,4.02,1.03,0.0
20230913:1111,121.89,32.33,4.33,0.97,0.0
20230913:1211,137.9,31.73,5.03,1.03,0.0
20230913:1311,746.46,29.02,5.28,0.97,0.0
20230913:1411,564.11,24.55,5.49,1.1,0.0
20230913:1511,457.45,18.76,5.41,1.03,0.0
20230913:1611,56.94,12.11,4.88,0.76,0.0
20230913:1711,26.69,5.03,4.71,0.48,0.0
20230913:1811,0.0,0.0,4.44,0.21,0.0
20230913:1911,0.0,0.0,4.32,0.07,0.0
20230913:2011,0.0,0.0,4.07,0.48,0.0
20230913:2111,0.0,0.0,3.86,0.62,0.0
20230913:2211,0.0,0.0,3.72,0.76,0.0
20230913:2311,0.0,0.0,3.49,0.83,0.0
20230914:0011,0.0,0.0,3.22,0.97,0.0
20230914:0111,0.0,0.0,3.06,1.03,0.0
20230914:0211,0.0,0.0,2.97,1.1,0.0
20230914:0311,0.0,0.0,2.83,1.1,0.0
20230914:0411,0.0,0.0,2.68,1.1,0.0
20230914:0511,0.89,1.5,2.23,1.24,0.0
20230914:0611,19.57,8.64,1.85,1.24,0.0
20230914:0711,88.97,15.52,1.81,1.17,0.0
20230914:0811,262.98,21.74,3.1,1.24,0.0
20230914:0911,314.04,26.85,4.05,1.17,0.0
20230914:1011,216.19,30.39,5.14,1.31,0.0
20230914:1111,227.76,31.95,6.11,2.0,0.0
20230914:1211,199.29,31.33,6.64,1.93,0.0
20230914:1311,101.15,28.63,6.76,1.79,0.0
20230914:1411,53.38,24.16,7.04,2.28,0.0
20230914:1511,35.59,18.37,6.72,2.28,0.0
20230914:1611,57.83,11.72,6.09,1.24,0.0
20230914:1711,25.8,4.65,5.6,1.17,0.0
20230914:1811,0.0,0.0,4.97,0.97,0.0
20230914:1911,0.0,0.0,4.28,0.97,0.0
20230914:2011,0.0,0.0,4.13,0.9,0.0
20230914:2111,0.0,0.0,3.88,0.97,0.0
20230914:2211,0.0,0.0,3.64,0.97,0.0
20230914:2311,0.0,0.0,3.56,0.97,0.0
20230915:0011,0.0,0.0,3.59,0.97,0.0
20230915:0111,0.0,0.0,3.67,0.97,0.0
20230915:0211,0.0,0.0,3.5,0.9,0.0
20230915:0311,0.0,0.0,3.33,0.9,0.0
20230915:0411,0.0,0.0,3.09,0.9,0.0
20230915:0511,0.0,0.0,2.63,0.97,0.0
20230915:0611,23.13,8.34,2.67,0.9,0.0
20230915:0711,50.71,15.22,4.5,0.83,0.0
20230915:0811,85.23,21.43,5.81,1.86,0.0
20230915:0911,364.04,26.51,6.2,2.34,0.0
20230915:1011,171.71,30.02,6.67,2.55,0.0
20230915:1111,160.14,31.57,7.06,2.76,0.0
20230915:1211,200.18,30.94,7.25,2.76,0.0
20230915:1311,160.33,28.23,7.55,2.97,0.0
20230915:1411,172.32,23.77,7.5,2.62,0.0
20230915:1511,130.41,17.98,7.15,2.48,0.0
20230915:1611,72.95,11.34,6.6,2.14,0.0
20230915:1711,3.56,4.27,6.1,1.93,0.0
20230915:1811,0.0,0.0,5.49,1.31,0.0
20230915:1911,0.0,0.0,5.09,1.17,0.0
20230915:2011,0.0,0.0,4.56,1.03,0.0
20230915:2111,0.0,0.0,4.6,1.1,0.0
20230915:2211,0.0,0.0,4.62,0.97,0.0
20230915:2311,0.0,0.0,4.49,0.9,0.0
20230916:0011,0.0,0.0,4.3,0.76,0.0
20230916:0111,0.0,0.0,4.29,0.76,0.0
20230916:0211,0.0,0.0,4.18,0.76,0.0
20230916:0311,0.0,0.0,4.06,0.83,0.0
20230916:0411,0.0,0.0,3.91,0.9,0.0
20230916:0511,0.0,0.0,3.83,0.83,0.0
20230916:0611,12.46,8.05,3.81,0.76,0.0
20230916:0711,19.57,14.92,3.87,0.69,0.0
20230916:0811,46.83,21.11,4.09,0.76,0.0
20230916:0911,113.32,26.17,4.29,0.76,0.0
20230916:1011,171.71,29.66,4.67,0.76,0.0
20230916:1111,148.58,31.18,4.82,0.69,0.0
20230916:1211,103.2,30.55,5.26,0.69,0.0
20230916:1311,103.02,27.84,5.36,0.76,0.0
20230916:1411,119.94,23.37,5.34,0.76,0.0
20230916:1511,73.99,17.59,5.14,0.97,0.0
20230916:1611,41.81,10.96,5.06,0.97,0.0
20230916:1711,19.57,3.88,4.86,0.97,0.0
20230916:1811,0.0,0.0,4.12,0.76,0.0
20230916:1911,0.0,0.0,4.24,0.55,0.0
20230916:2011,0.0,0.0,3.92,0.34,0.0
20230916:2111,0.0,0.0,3.64,0.28,0.0
20230916:2211,0.0,0.0,3.41,0.34,0.0
20230916:2311,0.0,0.0,3.08,0.48,0.0
20230917:0011,0.0,0.0,2.43,0.62,0.0
20230917:0111,0.0,0.0,2.23,0.83,0.0
20230917:0211,0.0,0.0,2.03,0.97,0.0
20230917:0311,0.0,0.0,1.21,1.1,0.0
20230917:0411,0.0,0.0,-0.28,1.24,0.0
20230917:0511,0.0,0.0,-0.95,1.38,0.0
20230917:0611,43.59,7.75,-0.45,1.45,0.0
20230917:0711,56.05,14.61,1.68,1.24,0.0
20230917:0811,84.52,20.78,3.41,1.1,0.0
20230917:0911,718.35,25.83,4.95,0.9,0.0
20230917:1011,61.39,29.3,6.38,0.76,0.0
20230917:1111,80.96,30.8,7.51,0.76,0.0
20230917:1211,101.42,30.15,8.31,0.9,0.0
20230917:1311,768.53,27.44,8.87,0.9,0.0
20230917:1411,611.61,22.98,9.19,0.83,0.0
20230917:1511,448.38,17.2,9.33,0.76,0.0
20230917:1611,44.48,10.57,9.18,0.69,0.0
20230917:1711,19.57,3.5,8.84,0.55,0.0
20230917:1811,0.0,0.0,8.05,0.69,0.0
20230917:1911,0.0,0.0,6.71,0.97,0.0
20230917:2011,0.0,0.0,5.97,1.17,0.0
20230917:2111,0.0,0.0,5.02,1.31,0.0
20230917:2211,0.0,0.0,4.23,1.38,0.0
20230917:2311,0.0,0.0,2.87,1.45,0.0
20230918:0011,0.0,0.0,2.08,1.45,0.0
20230918:0111,0.0,0.0,2.07,1.52,0.0
20230918:0211,0.0,0.0,2.26,1.59,0.0
20230918:0311,0.0,0.0,2.8,1.59,0.0
20230918:0411,0.0,0.0,3.5,1.79,0.0
20230918:0511,0.0,0.0,3.82,1.79,0.0
20230918:0611,16.9,7.46,4.23,1.79,0.0
20230918:0711,73.84,14.3,5.11,1.93,0.0
20230918:0811,33.81,20.46,5.52,1.86,0.0
20230918:0911,32.03,25.49,5.83,1.93,0.0
20230918:1011,77.4,28.93,6.04,2.34,0.0
20230918:1111,87.19,30.42,6.11,1.86,0.0
20230918:1211,105.87,29.76,6.34,1.93,0.0
20230918:1311,100.21,27.04,6.76,2.14,0.0
20230918:1411,51.51,22.58,6.65,1.93,0.0
20230918:1511,50.57,16.81,6.68,2.07,0.0
20230918:1611,16.01,10.18,6.55,1.93,0.0
20230918:1711,2.67,3.12,6.06,2.14,0.0
20230918:1811,0.0,0.0,5.86,2.07,0.0
20230918:1911,0.0,0.0,5.82,2.41,0.0
20230918:2011,0.0,0.0,5.71,1.86,0.0
20230918:2111,0.0,0.0,5.71,1.72,0.0
20230918:2211,0.0,0.0,5.81,1.79,0.0
20230918:2311,0.0,0.0,5.81,1.66,0.0
20230919:0011,0.0,0.0,5.85,1.45,0.0
20230919:0111,0.0,0.0,5.71,1.45,0.0
20230919:0211,0.0,0.0,5.57,1.31,0.0
20230919:0311,0.0,0.0,5.27,1.31,0.0
20230919:0411,0.0,0.0,5.23,1.17,0.0
20230919:0511,0.0,0.0,5.23,1.17,0.0
20230919:0611,7.12,7.16,5.56,1.03,0.0
20230919:0711,18.68,14.0,6.61,0.83,0.0
20230919:0811,35.59,20.14,7.11,0.28,0.0
20230919:0911,71.17,25.14,6.71,1.66,0.0
20230919:1011,53.38,28.56,5.72,2.28,0.0
20230919:1111,58.72,30.03,3.42,1.79,0.0
20230919:1211,38.26,29.36,2.22,2.21,0.0
20230919:1311,86.3,26.64,1.89,1.72,0.0
20230919:1411,53.38,22.19,2.08,1.72,0.0
20230919:1511,74.93,16.42,2.23,1.93,0.0
20230919:1611,61.39,9.8,2.34,2.0,0.0
20230919:1711,10.68,2.73,2.29,1.79,0.0
20230919:1811,0.0,0.0,2.28,1.38,0.0
20230919:1911,0.0,0.0,2.19,1.31,0.0
20230919:2011,0.0,0.0,1.85,1.1,0.0
20230919:2111,0.0,0.0,1.61,1.1,0.0
20230919:2211,0.0,0.0,0.94,1.31,0.0
20230919:2311,0.0,0.0,1.08,1.17,0.0
20230920:0011,0.0,0.0,0.78,1.17,0.0
20230920:0111,0.0,0.0,1.02,1.1,0.0
20230920:0211,0.0,0.0,1.17,1.03,0.0
20230920:0311,0.0,0.0,1.2,0.9,0.0
20230920:0411,0.0,0.0,1.09,0.69,0.0
20230920:0511,0.0,0.0,1.09,0.69,0.0
20230920:0611,40.93,6.86,0.99,0.69,0.0
20230920:0711,57.83,13.69,2.43,0.9,0.0
20230920:0811,132.56,19.81,3.43,1.1,0.0
20230920:0911,112.1,24.8,3.61,1.24,0.0
20230920:1011,53.38,28.2,4.19,1.66,0.0
20230920:1111,38.26,29.65,4.36,1.45,0.0
20230920:1211,46.26,28.97,4.65,1.38,0.0
20230920:1311,96.98,26.24,5.0,1.45,0.0
20230920:1411,67.62,21.79,5.18,1.52,0.0
20230920:1511,97.84,16.03,5.4,1.38,0.0
20230920:1611,37.37,9.41,5.51,1.45,0.0
20230920:1711,5.34,2.35,5.45,1.59,0.0
20230920:1811,0.0,0.0,5.3,1.59,0.0
20230920:1911,0.0,0.0,5.29,1.52,0.0
20230920:2011,0.0,0.0,5.33,1.45,0.0
20230920:2111,0.0,0.0,5.44,1.45,0.0
20230920:2211,0.0,0.0,5.58,1.59,0.0
20230920:2311,0.0,0.0,5.66,1.52,0.0
20230921:0011,0.0,0.0,5.87,1.59,0.0
20230921:0111,0.0,0.0,5.7,1.59,0.0
20230921:0211,0.0,0.0,5.79,1.45,0.0
20230921:0311,0.0,0.0,5.94,1.52,0.0
20230921:0411,0.0,0.0,5.98,1.45,0.0
20230921:0511,0.0,0.0,6.16,1.45,0.0
20230921:0611,6.23,6.56,6.24,1.24,0.0
20230921:0711,30.25,13.38,6.56,1.38,0.0
20230921:0811,24.02,19.49,7.67,1.17,0.0
20230921:0911,66.73,24.45,8.03,0.83,0.0
20230921:1011,68.51,27.83,8.49,0.34,0.0
20230921:1111,69.39,29.26,8.65,0.48,0.0
20230921:1211,54.27,28.57,8.87,1.31,0.0
20230921:1311,179.72,25.85,8.73,0.69,0.0
20230921:1411,149.47,21.39,8.86,0.83,0.0
20230921:1511,149.76,15.64,9.21,0.76,0.0
20230921:1611,18.68,9.02,8.87,0.48,0.0
20230921:1711,5.34,1.96,8.58,0.28,0.0
20230921:1811,0.0,0.0,8.18,0.28,0.0
20230921:1911,0.0,0.0,7.81,0.69,0.0
20230921:2011,0.0,0.0,7.67,0.69,0.0
20230921:2111,0.0,0.0,7.33,0.76,0.0
20230921:2211,0.0,0.0,7.27,0.83,0.0
20230921:2311,0.0,0.0,7.15,0.83,0.0
20230922:0011,0.0,0.0,6.89,0.9,0.0
20230922:0111,0.0,0.0,6.7,0.9,0.0
20230922:0211,0.0,0.0,6.91,0.69,0.0
20230922:0311,0.0,0.0,6.58,0.76,0.0
20230922:0411,0.0,0.0,6.45,0.69,0.0
20230922:0511,0.0,0.0,6.12,0.76,0.0
20230922:0611,6.23,6.26,5.88,0.69,0.0
20230922:0711,48.04,13.07,5.39,0.41,0.0
20230922:0811,133.45,19.16,6.17,0.21,0.0
20230922:0911,170.82,24.1,6.68,0.62,0.0
20230922:1011,195.73,27.46,6.97,0.55,0.0
20230922:1111,193.95,28.87,7.38,0.69,0.0
20230922:1211,186.83,28.17,8.36,0.83,0.0
20230922:1311,179.72,25.45,8.75,1.03,0.0
20230922:1411,147.69,21.0,8.83,1.03,0.0
20230922:1511,282.46,15.25,8.67,1.1,0.0
20230922:1611,47.15,8.63,8.17,0.9,0.0
20230922:1711,4.45,1.57,7.63,0.76,0.0
20230922:1811,0.0,0.0,7.15,0.34,0.0
20230922:1911,0.0,0.0,7.16,0.48,0.0
20230922:2011,0.0,0.0,6.63,0.41,0.0
20230922:2111,0.0,0.0,6.29,0.41,0.0
20230922:2211,0.0,0.0,5.96,0.41,0.0
20230922:2311,0.0,0.0,5.71,0.48,0.0
20230923:0011,0.0,0.0,5.35,0.55,0.0
20230923:0111,0.0,0.0,5.03,0.62,0.0
20230923:0211,0.0,0.0,4.67,0.62,0.0
20230923:0311,0.0,0.0,4.28,0.62,0.0
20230923:0411,0.0,0.0,4.06,0.69,0.0
20230923:0511,0.0,0.0,3.88,0.76,0.0
20230923:0611,34.7,5.96,3.8,0.76,0.0
20230923:0711,75.62,12.76,3.66,0.69,0.0
20230923:0811,130.78,18.83,4.54,0.97,0.0
20230923:0911,112.99,23.76,4.97,1.45,0.0
20230923:1011,127.22,27.09,5.35,1.86,0.0
20230923:1111,137.9,28.49,5.45,2.0,0.0
20230923:1211,142.35,27.78,5.6,2.07,0.0
20230923:1311,130.78,25.05,5.48,1.86,0.0
20230923:1411,84.52,20.6,5.72,2.0,0.0
20230923:1511,71.18,14.85,5.5,2.0,0.0
20230923:1611,48.93,8.25,5.03,1.86,0.0
20230923:1711,0.89,1.19,4.53,1.72,0.0
20230923:1811,0.0,0.0,3.76,1.52,0.0
20230923:1911,0.0,0.0,3.75,1.38,0.0
20230923:2011,0.0,0.0,3.47,1.31,0.0
20230923:2111,0.0,0.0,3.34,1.38,0.0
20230923:2211,0.0,0.0,2.95,1.38,0.0
20230923:2311,0.0,0.0,2.68,1.38,0.0
20230924:0011,0.0,0.0,2.06,1.52,0.0
20230924:0111,0.0,0.0,1.33,1.59,0.0
20230924:0211,0.0,0.0,0.99,1.45,0.0
20230924:0311,0.0,0.0,0.5,1.38,0.0
20230924:0411,0.0,0.0,0.2,1.38,0.0
20230924:0511,0.0,0.0,0.31,1.31,0.0
20230924:0611,29.36,5.66,0.8,1.31,0.0
20230924:0711,83.63,12.45,1.88,1.66,0.0
20230924:0811,128.11,18.51,2.1,1.38,0.0
20230924:0911,145.91,23.41,2.7,0.97,0.0
20230924:1011,169.93,26.72,3.55,0.97,0.0
20230924:1111,167.26,28.1,4.38,0.97,0.0
20230924:1211,176.16,27.38,5.48,1.03,0.0
20230924:1311,175.27,24.65,6.44,1.03,0.0
20230924:1411,96.09,20.2,6.93,1.03,0.0
20230924:1511,57.13,14.46,7.02,0.76,0.0
20230924:1611,9.79,7.86,6.73,0.62,0.0
20230924:1711,0.0,0.0,6.46,0.83,0.0
20230924:1811,0.0,0.0,6.06,0.97,0.0
20230924:1911,0.0,0.0,5.62,0.97,0.0
20230924:2011,0.0,0.0,5.36,1.03,0.0
20230924:2111,0.0,0.0,5.49,1.1,0.0
20230924:2211,0.0,0.0,5.52,1.24,0.0
20230924:2311,0.0,0.0,5.72,1.45,0.0
20230925:0011,0.0,0.0,5.7,1.52,0.0
20230925:0111,0.0,0.0,5.69,1.66,0.0
20230925:0211,0.0,0.0,5.72,1.66,0.0
20230925:0311,0.0,0.0,5.91,1.59,0.0
20230925:0411,0.0,0.0,5.99,1.52,0.0
20230925:0511,0.0,0.0,6.2,1.52,0.0
20230925:0611,30.25,5.35,6.4,1.52,0.0
20230925:0711,45.37,12.13,7.09,1.31,0.0
20230925:0811,67.62,18.18,7.89,1.93,0.0
20230925:0911,55.16,23.06,8.26,2.14,0.0
20230925:1011,33.81,26.35,9.0,1.52,0.0
20230925:1111,47.15,27.71,9.24,2.0,0.0
20230925:1211,50.71,26.98,9.76,2.34,0.0
20230925:1311,55.16,24.25,10.12,2.69,0.0
20230925:1411,24.02,19.81,10.01,2.48,0.0
20230925:1511,59.94,14.07,9.85,2.14,0.0
20230925:1611,32.03,7.47,9.15,2.07,0.0
20230925:1711,0.0,0.0,8.2,1.79,0.0
20230925:1811,0.0,0.0,6.76,1.72,0.0
20230925:1911,0.0,0.0,5.6,1.59,0.0
20230925:2011,0.0,0.0,5.36,1.66,0.0
20230925:2111,0.0,0.0,5.46,1.66,0.0
20230925:2211,0.0,0.0,5.67,1.72,0.0
20230925:2311,0.0,0.0,5.73,1.79,0.0
20230926:0011,0.0,0.0,5.52,1.59,0.0
20230926:0111,0.0,0.0,5.66,1.52,0.0
20230926:0211,0.0,0.0,5.63,1.38,0.0
20230926:0311,0.0,0.0,5.52,1.31,0.0
20230926:0411,0.0,0.0,5.58,1.17,0.0
20230926:0511,0.0,0.0,5.66,1.1,0.0
20230926:0611,28.47,5.05,5.81,1.03,0.0
20230926:0711,78.29,11.82,5.82,0.9,0.0
20230926:0811,117.44,17.85,6.91,0.83,0.0
20230926:0911,135.23,22.71,7.62,1.03,0.0
20230926:1011,144.13,25.98,8.26,1.17,0.0
20230926:1111,174.38,27.32,9.21,1.17,0.0
20230926:1211,143.24,26.58,9.97,1.1,0.0
20230926:1311,113.88,23.85,10.64,1.24,0.0
20230926:1411,136.12,19.41,11.05,1.31,0.0
20230926:1511,310.03,13.68,11.06,1.31,0.0
20230926:1611,43.59,7.08,10.67,1.03,0.0
20230926:1711,0.0,0.0,9.67,1.03,0.0
20230926:1811,0.0,0.0,9.01,1.1,0.0
20230926:1911,0.0,0.0,8.75,1.03,0.0
20230926:2011,0.0,0.0,8.4,1.1,0.0
20230926:2111,0.0,0.0,7.97,1.1,0.0
20230926:2211,0.0,0.0,7.18,1.24,0.0
20230926:2311,0.0,0.0,6.32,1.38,0.0
20230927:0011,0.0,0.0,6.27,1.31,0.0
20230927:0111,0.0,0.0,6.09,1.24,0.0
20230927:0211,0.0,0.0,5.99,1.24,0.0
20230927:0311,0.0,0.0,5.89,1.17,0.0
20230927:0411,0.0,0.0,5.92,1.03,0.0
20230927:0511,0.0,0.0,5.81,0.9,0.0
20230927:0611,4.45,4.75,6.0,0.83,0.0
20230927:0711,26.69,11.51,7.02,0.69,0.0
20230927:0811,31.14,17.52,6.65,0.76,0.0
20230927:0911,78.29,22.36,6.78,1.03,0.0
20230927:1011,83.63,25.61,6.62,1.38,0.0
20230927:1111,98.75,26.94,6.68,1.72,0.0
20230927:1211,48.04,26.19,7.26,2.0,0.0
20230927:1311,64.95,23.45,7.75,1.86,0.0
20230927:1411,42.7,19.01,8.06,2.07,0.0
20230927:1511,122.73,13.29,7.83,1.52,0.0
20230927:1611,22.24,6.7,7.36,1.1,0.0
20230927:1711,0.0,0.0,6.73,0.9,0.0
20230927:1811,0.0,0.0,6.26,0.55,0.0
20230927:1911,0.0,0.0,5.55,0.69,0.0
20230927:2011,0.0,0.0,5.33,0.83,0.0
20230927:2111,0.0,0.0,4.97,1.03,0.0
20230927:2211,0.0,0.0,4.21,1.24,0.0
20230927:2311,0.0,0.0,4.05,1.31,0.0
20230928:0011,0.0,0.0,3.84,1.45,0.0
20230928:0111,0.0,0.0,3.88,1.52,0.0
20230928:0211,0.0,0.0,3.92,1.52,0.0
20230928:0311,0.0,0.0,3.78,1.66,0.0
20230928:0411,0.0,0.0,3.78,1.79,0.0
20230928:0511,0.0,0.0,3.89,1.79,0.0
20230928:0611,24.02,4.44,3.87,1.79,0.0
20230928:0711,62.28,11.19,5.01,1.79,0.0
20230928:0811,38.26,17.19,6.57,2.0,0.0
20230928:0911,36.48,22.0,7.07,2.0,0.0
20230928:1011,32.03,25.24,7.95,2.48,0.0
20230928:1111,33.81,26.55,7.97,1.86,0.0
20230928:1211,40.04,25.79,8.29,1.86,0.0
20230928:1311,52.49,23.05,8.35,1.66,0.0
20230928:1411,23.13,18.62,8.29,1.38,0.0
20230928:1511,68.8,12.9,8.14,1.24,0.0
20230928:1611,24.02,6.31,8.01,1.17,0.0
20230928:1711,0.0,0.0,7.64,1.17,0.0
20230928:1811,0.0,0.0,7.51,1.31,0.0
20230928:1911,0.0,0.0,7.71,1.59,0.0
20230928:2011,0.0,0.0,7.47,1.52,0.0
20230928:2111,0.0,0.0,7.54,1.59,0.0
20230928:2211,0.0,0.0,7.36,1.38,0.0
20230928:2311,0.0,0.0,7.29,1.52,0.0
20230929:0011,0.0,0.0,6.88,1.24,0.0
20230929:0111,0.0,0.0,6.75,1.1,0.0
20230929:0211,0.0,0.0,7.09,0.83,0.0
20230929:0311,0.0,0.0,7.03,0.69,0.0
20230929:0411,0.0,0.0,6.48,0.62,0.0
20230929:0511,0.0,0.0,6.3,0.69,0.0
20230929:0611,14.23,4.14,5.98,0.69,0.0
20230929:0711,27.58,10.88,6.19,0.55,0.0
20230929:0811,53.38,16.85,6.66,0.62,0.0
20230929:0911,49.82,21.65,7.63,1.24,0.0
20230929:1011,127.22,24.86,8.0,1.72,0.0
20230929:1111,61.39,26.16,8.06,1.66,0.0
20230929:1211,105.87,25.39,8.32,2.0,0.0
20230929:1311,50.71,22.65,8.11,1.59,0.0
20230929:1411,89.86,18.22,7.96,1.59,0.0
20230929:1511,73.11,12.51,7.37,1.03,0.0
20230929:1611,5.34,5.93,7.16,1.24,0.0
20230929:1711,0.0,0.0,6.47,1.03,0.0
20230929:1811,0.0,0.0,5.41,1.1,0.0
20230929:1911,0.0,0.0,5.66,0.76,0.0
20230929:2011,0.0,0.0,5.43,0.83,0.0
20230929:2111,0.0,0.0,4.82,1.03,0.0
20230929:2211,0.0,0.0,4.31,1.1,0.0
20230929:2311,0.0,0.0,3.76,1.38,0.0
20230930:0011,0.0,0.0,3.54,1.38,0.0
20230930:0111,0.0,0.0,3.22,1.45,0.0
20230930:0211,0.0,0.0,3.13,1.66,0.0
20230930:0311,0.0,0.0,2.78,1.52,0.0
20230930:0411,0.0,0.0,2.61,1.45,0.0
20230930:0511,0.0,0.0,2.52,1.52,0.0
20230930:0611,15.12,3.83,2.85,1.38,0.0
20230930:0711,45.37,10.56,3.59,1.03,0.0
20230930:0811,72.06,16.52,4.24,1.45,0.0
20230930:0911,96.98,21.3,5.04,1.45,0.0
20230930:1011,106.76,24.49,5.34,1.66,0.0
20230930:1111,98.75,25.77,5.52,1.72,0.0
20230930:1211,103.2,25.0,5.42,1.52,0.0
20230930:1311,70.28,22.25,5.27,1.66,0.0
20230930:1411,119.22,17.83,4.97,1.66,0.0
20230930:1511,80.02,12.12,5.48,1.79,0.0
20230930:1611,16.9,5.54,5.02,1.24,0.0
20230930:1711,0.0,0.0,4.85,1.38,0.0
20230930:1811,0.0,0.0,4.7,1.31,0.0
20230930:1911,0.0,0.0,5.43,1.79,0.0
20230930:2011,0.0,0.0,5.44,1.93,0.0
20230930:2111,0.0,0.0,5.5,1.79,0.0
20230930:2211,0.0,0.0,5.21,1.79,0.0
20230930:2311,0.0,0.0,4.88,1.59,0.0
20231001:0011,0.0,0.0,4.53,1.24,0.0
20231001:0111,0.0,0.0,4.41,1.1,0.0
20231001:0211,0.0,0.0,4.26,1.24,0.0
20231001:0311,0.0,0.0,4.07,1.24,0.0
20231001:0411,0.0,0.0,4.04,1.24,0.0
20231001:0511,0.0,0.0,3.93,1.1,0.0
20231001:0611,10.68,3.53,3.64,1.03,0.0
20231001:0711,65.84,10.24,3.63,1.17,0.0
20231001:0811,110.32,16.19,3.75,1.17,0.0
20231001:0911,150.36,20.95,4.24,0.83,0.0
20231001:1011,165.48,24.12,4.82,0.62,0.0
20231001:1111,164.59,25.39,5.66,0.55,0.0
20231001:1211,118.33,24.6,6.61,0.9,0.0
20231001:1311,130.78,21.85,7.1,0.9,0.0
20231001:1411,111.21,17.43,7.2,0.69,0.0
20231001:1511,62.4,11.73,7.07,0.83,0.0
20231001:1611,20.46,5.16,6.88,0.41,0.0
20231001:1711,0.0,0.0,6.67,0.34,0.0
20231001:1811,0.0,0.0,6.57,0.48,0.0
20231001:1911,0.0,0.0,5.46,0.76,0.0
20231001:2011,0.0,0.0,5.29,0.69,0.0
20231001:2111,0.0,0.0,5.1,0.69,0.0
20231001:2211,0.0,0.0,4.92,0.76,0.0
20231001:2311,0.0,0.0,4.86,0.69,0.0
20231002:0011,0.0,0.0,4.93,0.55,0.0
20231002:0111,0.0,0.0,4.56,0.41,0.0
20231002:0211,0.0,0.0,4.53,0.62,0.0
20231002:0311,0.0,0.0,4.06,0.83,0.0
20231002:0411,0.0,0.0,3.74,0.97,0.0
20231002:0511,0.0,0.0,3.58,1.03,0.0
20231002:0611,16.01,3.22,3.47,1.03,0.0
20231002:0711,64.95,9.93,4.41,1.24,0.0
20231002:0811,96.98,15.86,4.6,1.31,0.0
20231002:0911,128.11,20.6,4.79,1.31,0.0
20231002:1011,153.91,23.75,5.56,1.52,0.0
20231002:1111,94.31,25.0,5.94,1.66,0.0
20231002:1211,153.02,24.21,5.88,1.72,0.0
20231002:1311,153.91,21.46,5.85,1.59,0.0
20231002:1411,74.73,17.04,5.44,1.45,0.0
20231002:1511,47.77,11.34,4.89,1.24,0.0
20231002:1611,20.46,4.78,4.64,1.03,0.0
20231002:1711,0.0,0.0,4.17,1.03,0.0
20231002:1811,0.0,0.0,3.36,0.97,0.0
20231002:1911,0.0,0.0,3.1,1.1,0.0
20231002:2011,0.0,0.0,3.09,1.03,0.0
20231002:2111,0.0,0.0,2.99,1.03,0.0
20231002:2211,0.0,0.0,2.69,1.1,0.0
20231002:2311,0.0,0.0,2.71,1.03,0.0
20231003:0011,0.0,0.0,2.63,0.97,0.0
20231003:0111,0.0,0.0,2.28,1.03,0.0
20231003:0211,0.0,0.0,2.63,0.9,0.0
20231003:0311,0.0,0.0,2.65,0.76,0.0
20231003:0411,0.0,0.0,2.41,0.62,0.0
20231003:0511,0.0,0.0,2.12,0.62,0.0
20231003:0611,14.23,2.91,1.83,0.69,0.0
20231003:0711,59.61,9.61,1.81,0.62,0.0
20231003:0811,88.08,15.52,2.17,0.76,0.0
20231003:0911,66.73,20.25,3.55,0.76,0.0
20231003:1011,146.8,23.38,4.43,0.97,0.0
20231003:1111,118.33,24.61,5.12,1.59,0.0
20231003:1211,45.37,23.81,5.49,1.86,0.0
20231003:1311,95.2,21.06,5.19,1.66,0.0
20231003:1411,74.73,16.65,5.23,1.59,0.0
20231003:1511,176.98,10.96,4.98,1.52,0.0
20231003:1611,20.46,4.4,4.51,1.1,0.0
20231003:1711,0.0,0.0,3.96,1.03,0.0
20231003:1811,0.0,0.0,2.92,1.1,0.0
20231003:1911,0.0,0.0,2.23,1.31,0.0
20231003:2011,0.0,0.0,1.85,1.38,0.0
20231003:2111,0.0,0.0,1.69,1.45,0.0
20231003:2211,0.0,0.0,1.94,1.38,0.0
20231003:2311,0.0,0.0,1.38,1.38,0.0
20231004:0011,0.0,0.0,1.95,1.72,0.0
20231004:0111,0.0,0.0,1.89,1.79,0.0
20231004:0211,0.0,0.0,1.63,1.52,0.0
20231004:0311,0.0,0.0,1.63,1.86,0.0
20231004:0411,0.0,0.0,1.66,2.0,0.0
20231004:0511,0.0,0.0,1.55,2.14,0.0
20231004:0611,7.12,2.61,1.6,2.0,0.0
20231004:0711,60.5,9.29,2.38,2.07,0.0
20231004:0811,105.87,15.19,2.39,1.93,0.0
20231004:0911,112.99,19.89,2.6,1.72,0.0
20231004:1011,111.21,23.01,2.56,1.86,0.0
20231004:1111,83.63,24.23,2.79,1.79,0.0
20231004:1211,88.08,23.42,3.39,1.93,0.0
20231004:1311,99.64,20.67,3.68,2.0,0.0
20231004:1411,64.06,16.26,3.18,1.93,0.0
20231004:1511,62.48,10.58,3.01,1.52,0.0
20231004:1611,17.79,4.02,2.39,1.31,0.0
20231004:1711,0.0,0.0,1.98,1.03,0.0
20231004:1811,0.0,0.0,1.27,0.69,0.0
20231004:1911,0.0,0.0,0.89,0.69,0.0
20231004:2011,0.0,0.0,0.75,0.76,0.0
20231004:2111,0.0,0.0,0.53,0.9,0.0
20231004:2211,0.0,0.0,0.13,0.9,0.0
20231004:2311,0.0,0.0,-0.32,0.97,0.0
20231005:0011,0.0,0.0,-0.7,1.03,0.0
20231005:0111,0.0,0.0,-1.09,1.03,0.0
20231005:0211,0.0,0.0,-1.55,0.97,0.0
20231005:0311,0.0,0.0,-2.12,0.97,0.0
20231005:0411,0.0,0.0,-2.1,1.03,0.0
20231005:0511,0.0,0.0,-2.29,0.83,0.0
20231005:0611,7.12,2.3,-2.21,0.69,0.0
20231005:0711,55.16,8.98,0.32,0.34,0.0
20231005:0811,100.53,14.86,1.02,0.83,0.0
20231005:0911,136.12,19.54,1.52,1.31,0.0
20231005:1011,133.45,22.64,2.03,1.59,0.0
20231005:1111,148.58,23.84,2.26,1.86,0.0
20231005:1211,143.24,23.03,2.42,1.79,0.0
20231005:1311,145.91,20.28,2.76,1.86,0.0
20231005:1411,84.52,15.87,3.04,1.79,0.0
20231005:1511,61.7,10.19,2.98,1.52,0.0
20231005:1611,16.9,3.64,2.7,1.31,0.0
20231005:1711,0.0,0.0,2.33,1.1,0.0
20231005:1811,0.0,0.0,1.61,0.9,0.0
20231005:1911,0.0,0.0,1.95,0.9,0.0
20231005:2011,0.0,0.0,2.0,0.76,0.0
20231005:2111,0.0,0.0,1.87,0.69,0.0
20231005:2211,0.0,0.0,1.7,0.69,0.0
20231005:2311,0.0,0.0,1.48,0.76,0.0
20231006:0011,0.0,0.0,1.33,0.9,0.0
20231006:0111,0.0,0.0,1.19,1.03,0.0
20231006:0211,0.0,0.0,1.03,1.03,0.0
20231006:0311,0.0,0.0,0.82,1.1,0.0
20231006:0411,0.0,0.0,0.71,1.1,0.0
20231006:0511,0.0,0.0,0.28,1.24,0.0
20231006:0611,1.78,1.99,0.27,1.31,0.0
20231006:0711,9.79,8.66,0.34,1.24,0.0
20231006:0811,42.7,14.52,0.33,1.24,0.0
20231006:0911,44.48,19.19,0.2,1.17,0.0
20231006:1011,64.95,22.27,0.29,1.17,0.0
20231006:1111,31.14,23.46,0.74,1.17,0.0
20231006:1211,29.36,22.63,0.89,0.97,0.0
20231006:1311,25.8,19.89,1.29,0.83,0.0
20231006:1411,21.35,15.49,2.59,0.28,0.0
20231006:1511,24.35,9.81,1.79,1.38,0.0
20231006:1611,5.34,3.26,1.57,1.93,0.0
20231006:1711,0.0,0.0,1.0,1.59,0.0
20231006:1811,0.0,0.0,0.66,1.52,0.0
20231006:1911,0.0,0.0,0.54,1.31,0.0
20231006:2011,0.0,0.0,0.67,1.24,0.0
20231006:2111,0.0,0.0,0.14,1.45,0.0
20231006:2211,0.0,0.0,-0.71,1.79,0.0
20231006:2311,0.0,0.0,-1.42,1.72,0.0
20231007:0011,0.0,0.0,-2.03,1.59,0.0
20231007:0111,0.0,0.0,-2.26,1.45,0.0
20231007:0211,0.0,0.0,-1.91,1.31,0.0
20231007:0311,0.0,0.0,-2.79,1.38,0.0
20231007:0411,0.0,0.0,-3.39,1.45,0.0
20231007:0511,0.0,0.0,-3.64,1.45,0.0
20231007:0611,2.67,1.69,-3.9,1.52,0.0
20231007:0711,46.26,8.34,-3.61,1.59,0.0
20231007:0811,88.08,14.19,-3.6,1.66,0.0
20231007:0911,133.45,18.84,-3.27,1.59,0.0
20231007:1011,136.12,21.9,-2.78,1.66,0.0
20231007:1111,121.0,23.08,-1.83,1.86,0.0
20231007:1211,55.16,22.25,-1.19,2.07,0.0
20231007:1311,88.97,19.5,-1.06,2.07,0.0
20231007:1411,56.05,15.1,-1.37,2.07,0.0
20231007:1511,106.93,9.43,-2.07,1.86,0.0
20231007:1611,8.01,2.89,-2.87,1.45,0.0
20231007:1711,0.0,0.0,-3.26,1.45,0.0
20231007:1811,0.0,0.0,-2.32,1.38,0.0
20231007:1911,0.0,0.0,-2.28,1.17,0.0
20231007:2011,0.0,0.0,-2.23,1.31,0.0
20231007:2111,0.0,0.0,-2.79,1.38,0.0
20231007:2211,0.0,0.0,-2.7,1.31,0.0
20231007:2311,0.0,0.0,-3.58,1.45,0.0
20231008:0011,0.0,0.0,-2.72,1.31,0.0
20231008:0111,0.0,0.0,-4.09,1.59,0.0
20231008:0211,0.0,0.0,-2.75,1.24,0.0
20231008:0311,0.0,0.0,-2.7,1.1,0.0
20231008:0411,0.0,0.0,-3.09,1.31,0.0
20231008:0511,0.0,0.0,-3.51,1.31,0.0
20231008:0611,0.89,1.38,-3.56,1.31,0.0
20231008:0711,50.71,8.02,-3.23,1.45,0.0
20231008:0811,58.72,13.86,-2.63,1.24,0.0
20231008:0911,44.48,18.49,-1.73,1.45,0.0
20231008:1011,123.67,21.53,-1.27,1.45,0.0
20231008:1111,71.17,22.69,-0.92,1.72,0.0
20231008:1211,56.05,21.86,-0.82,1.59,0.0
20231008:1311,48.93,19.11,-0.68,1.72,0.0
20231008:1411,18.68,14.72,-0.88,1.52,0.0
20231008:1511,58.52,9.06,-1.44,1.31,0.0
20231008:1611,5.34,2.52,-1.58,1.1,0.0
20231008:1711,0.0,0.0,-1.15,0.9,0.0
20231008:1811,0.0,0.0,-1.44,0.76,0.0
20231008:1911,0.0,0.0,-1.8,0.76,0.0
20231008:2011,0.0,0.0,-1.78,1.03,0.0
20231008:2111,0.0,0.0,-2.0,0.69,0.0
20231008:2211,0.0,0.0,-2.03,0.62,0.0
20231008:2311,0.0,0.0,-2.04,0.76,0.0
20231009:0011,0.0,0.0,-2.11,0.69,0.0
20231009:0111,0.0,0.0,-2.05,0.62,0.0
20231009:0211,0.0,0.0,-2.2,0.76,0.0
20231009:0311,0.0,0.0,-2.34,0.69,0.0
20231009:0411,0.0,0.0,-2.5,0.69,0.0
20231009:0511,0.0,0.0,-2.61,0.76,0.0
20231009:0611,0.0,0.0,-2.72,0.76,0.0
20231009:0711,15.12,7.71,-2.28,0.55,0.0
20231009:0811,40.93,13.53,-1.87,0.62,0.0
20231009:0911,113.88,18.14,-1.42,0.62,0.0
20231009:1011,54.27,21.16,-1.47,1.03,0.0
20231009:1111,55.16,22.31,0.0,1.31,0.0
20231009:1211,44.48,21.47,0.36,1.52,0.0
20231009:1311,40.04,18.72,0.45,1.66,0.0
20231009:1411,83.63,14.34,0.36,1.66,0.0
20231009:1511,15.92,8.68,0.33,1.66,0.0
20231009:1611,1.78,2.15,0.11,1.45,0.0
20231009:1711,0.0,0.0,-0.02,1.38,0.0
20231009:1811,0.0,0.0,-0.21,1.31,0.0
20231009:1911,0.0,0.0,-0.45,1.1,0.0
20231009:2011,0.0,0.0,-0.38,1.17,0.0
20231009:2111,0.0,0.0,-0.39,1.17,0.0
20231009:2211,0.0,0.0,-0.28,1.24,0.0
20231009:2311,0.0,0.0,-0.32,1.1,0.0
20231010:0011,0.0,0.0,-0.43,1.1,0.0
20231010:0111,0.0,0.0,-0.38,1.1,0.0
20231010:0211,0.0,0.0,-0.24,0.83,0.0
20231010:0311,0.0,0.0,-0.06,0.76,0.0
20231010:0411,0.0,0.0,-0.06,0.83,0.0
20231010:0511,0.0,0.0,0.09,0.9,0.0
20231010:0611,0.0,0.0,0.19,0.97,0.0
20231010:0711,11.57,7.39,1.01,0.76,0.0
20231010:0811,37.37,13.19,1.23,0.9,0.0
20231010:0911,34.7,17.78,1.74,0.9,0.0
20231010:1011,60.5,20.79,2.24,0.97,0.0
20231010:1111,44.48,21.93,2.79,1.1,0.0
20231010:1211,39.15,21.08,2.96,1.24,0.0
20231010:1311,23.13,18.34,2.99,1.24,0.0
20231010:1411,18.68,13.96,3.21,1.17,0.0
20231010:1511,9.37,8.31,3.12,1.24,0.0
20231010:1611,4.45,1.78,3.96,0.97,0.0
20231010:1711,0.0,0.0,4.24,0.97,0.0
20231010:1811,0.0,0.0,4.74,1.1,0.0
20231010:1911,0.0,0.0,4.67,1.1,0.0
20231010:2011,0.0,0.0,4.3,1.38,0.0
20231010:2111,0.0,0.0,3.76,1.72,0.0
20231010:2211,0.0,0.0,3.64,2.0,0.0
20231010:2311,0.0,0.0,3.38,2.21,0.0
20231011:0011,0.0,0.0,3.18,2.34,0.0
20231011:0111,0.0,0.0,2.54,2.34,0.0
20231011:0211,0.0,0.0,2.16,2.55,0.0
20231011:0311,0.0,0.0,1.33,2.07,0.0
20231011:0411,0.0,0.0,-0.03,1.86,0.0
20231011:0511,0.0,0.0,-1.26,1.86,0.0
20231011:0611,0.0,0.0,-1.69,1.66,0.0
20231011:0711,10.68,7.07,-0.94,1.24,0.0
20231011:0811,19.57,12.86,-1.42,2.0,0.0
20231011:0911,31.14,17.44,-0.18,2.07,0.0
20231011:1011,51.6,20.43,0.36,2.14,0.0
20231011:1111,28.47,21.56,0.69,1.79,0.0
20231011:1211,54.27,20.7,0.44,1.93,0.0
20231011:1311,48.93,17.95,0.35,2.07,0.0
20231011:1411,18.68,13.58,0.02,2.41,0.0
20231011:1511,22.48,7.94,-0.18,2.21,0.0
20231011:1611,0.89,1.42,-0.47,1.72,0.0
20231011:1711,0.0,0.0,-0.77,1.38,0.0
20231011:1811,0.0,0.0,-1.51,1.72,0.0
20231011:1911,0.0,0.0,-1.59,1.66,0.0
20231011:2011,0.0,0.0,-2.45,1.17,0.0
20231011:2111,0.0,0.0,-2.66,1.03,0.0
20231011:2211,0.0,0.0,-2.51,0.97,0.0
20231011:2311,0.0,0.0,-1.99,1.52,0.0
20231012:0011,0.0,0.0,-1.88,1.45,0.0
20231012:0111,0.0,0.0,-2.32,1.79,0.0
20231012:0211,0.0,0.0,-2.56,1.66,0.0
20231012:0311,0.0,0.0,-2.52,1.79,0.0
20231012:0411,0.0,0.0,-2.7,1.66,0.0
20231012:0511,0.0,0.0,-2.41,1.93,0.0
20231012:0611,0.0,0.0,-1.95,2.21,0.0
20231012:0711,22.24,6.75,-2.06,1.93,0.0
20231012:0811,56.05,12.53,-2.09,1.66,0.0
20231012:0911,22.24,17.09,-1.59,1.72,0.0
20231012:1011,43.59,20.06,-1.27,1.52,0.0
20231012:1111,27.58,21.18,-0.86,2.28,0.0
20231012:1211,26.69,20.32,-0.6,2.41,0.0
20231012:1311,22.24,17.57,-0.58,2.21,0.0
20231012:1411,19.57,13.2,-0.74,2.21,0.0
20231012:1511,8.43,7.57,-0.96,1.93,0.0
20231012:1611,0.0,0.0,-1.49,1.66,0.0
20231012:1711,0.0,0.0,-2.5,1.59,0.0
20231012:1811,0.0,0.0,-2.84,1.52,0.0
20231012:1911,0.0,0.0,-2.59,1.59,0.0
20231012:2011,0.0,0.0,-2.92,1.31,0.0
20231012:2111,0.0,0.0,-2.94,1.31,0.0
20231012:2211,0.0,0.0,-2.95,1.17,0.0
20231012:2311,0.0,0.0,-2.99,1.1,0.0
20231013:0011,0.0,0.0,-2.97,1.1,0.0
20231013:0111,0.0,0.0,-3.13,1.17,0.0
20231013:0211,0.0,0.0,-3.39,1.31,0.0
20231013:0311,0.0,0.0,-3.62,1.45,0.0
20231013:0411,0.0,0.0,-3.42,1.45,0.0
20231013:0511,0.0,0.0,-3.24,1.45,0.0
20231013:0611,0.0,0.0,-3.09,1.45,0.0
20231013:0711,19.57,6.44,-2.55,1.45,0.0
20231013:0811,21.35,12.2,-2.33,1.38,0.0
20231013:0911,48.93,16.74,-2.24,1.45,0.0
20231013:1011,48.04,19.7,-1.11,1.38,0.0
20231013:1111,44.48,20.8,0.03,1.38,0.0
20231013:1211,45.37,19.94,0.81,1.45,0.0
20231013:1311,27.58,17.2,0.6,1.38,0.0
20231013:1411,19.57,12.83,0.92,1.38,0.0
20231013:1511,8.43,7.2,0.6,1.31,0.0
20231013:1611,0.0,0.0,0.32,1.31,0.0
20231013:1711,0.0,0.0,0.36,1.17,0.0
20231013:1811,0.0,0.0,0.59,1.03,0.0
20231013:1911,0.0,0.0,0.39,0.76,0.0
20231013:2011,0.0,0.0,-0.68,1.17,0.0
20231013:2111,0.0,0.0,0.08,0.9,0.0
20231013:2211,0.0,0.0,-0.02,0.83,0.0
20231013:2311,0.0,0.0,-0.35,0.76,0.0
20231014:0011,0.0,0.0,-1.05,1.24,0.0
20231014:0111,0.0,0.0,-1.96,1.24,0.0
20231014:0211,0.0,0.0,-2.55,1.45,0.0
20231014:0311,0.0,0.0,-2.07,1.24,0.0
20231014:0411,0.0,0.0,-1.89,0.76,0.0
20231014:0511,0.0,0.0,-2.22,0.62,0.0
20231014:0611,0.0,0.0,-2.23,0.76,0.0
20231014:0711,8.01,6.12,-3.1,1.31,0.0
20231014:0811,26.69,11.87,-3.63,1.59,0.0
20231014:0911,23.13,16.39,-3.02,1.93,0.0
20231014:1011,24.91,19.34,-2.19,2.0,0.0
20231014:1111,36.48,20.43,-1.7,2.41,0.0
20231014:1211,88.97,19.56,-1.45,2.34,0.0
20231014:1311,21.35,16.82,-1.12,2.28,0.0
20231014:1411,39.15,12.46,-1.06,2.14,0.0
20231014:1511,7.49,6.84,-1.54,1.45,0.0
20231014:1611,0.0,0.0,-1.65,1.24,0.0
20231014:1711,0.0,0.0,-1.54,1.45,0.0
20231014:1811,0.0,0.0,-1.45,1.79,0.0
20231014:1911,0.0,0.0,-1.16,1.38,0.0
20231014:2011,0.0,0.0,-1.22,1.72,0.0
20231014:2111,0.0,0.0,-1.32,1.38,0.0
20231014:2211,0.0,0.0,-1.78,1.52,0.0
20231014:2311,0.0,0.0,-2.36,1.45,0.0
20231015:0011,0.0,0.0,-2.07,1.45,0.0
20231015:0111,0.0,0.0,-2.4,1.52,0.0
20231015:0211,0.0,0.0,-2.63,1.52,0.0
20231015:0311,0.0,0.0,-3.03,1.52,0.0
20231015:0411,0.0,0.0,-2.84,1.59,0.0
20231015:0511,0.0,0.0,-3.51,1.38,0.0
20231015:0611,0.0,0.0,-3.8,1.38,0.0
20231015:0711,25.8,5.81,-3.05,1.24,0.0
20231015:0811,14.23,11.54,-3.02,1.24,0.0
20231015:0911,20.46,16.04,-3.12,1.17,0.0
20231015:1011,24.91,18.97,-2.85,1.24,0.0
20231015:1111,26.69,20.06,-2.06,1.1,0.0
20231015:1211,24.91,19.19,-1.8,1.1,0.0
20231015:1311,21.35,16.45,-1.76,1.31,0.0
20231015:1411,71.17,12.09,-1.91,1.17,0.0
20231015:1511,36.66,6.48,-2.07,1.17,0.0
20231015:1611,0.0,0.0,-2.86,1.31,0.0
20231015:1711,0.0,0.0,-3.51,1.24,0.0
20231015:1811,0.0,0.0,-3.84,1.24,0.0
20231015:1911,0.0,0.0,-3.46,1.45,0.0
20231015:2011,0.0,0.0,-3.56,1.24,0.0
20231015:2111,0.0,0.0,-3.66,1.24,0.0
20231015:2211,0.0,0.0,-3.86,1.31,0.0
20231015:2311,0.0,0.0,-3.63,1.17,0.0
20231016:0011,0.0,0.0,-3.63,1.17,0.0
20231016:0111,0.0,0.0,-3.67,1.17,0.0
20231016:0211,0.0,0.0,-4.14,1.24,0.0
20231016:0311,0.0,0.0,-4.25,1.24,0.0
20231016:0411,0.0,0.0,-4.43,1.45,0.0
20231016:0511,0.0,0.0,-4.58,1.31,0.0
20231016:0611,0.0,0.0,-4.25,1.24,0.0
20231016:0711,8.9,5.49,-4.6,1.45,0.0
20231016:0811,29.36,11.21,-4.51,1.66,0.0
20231016:0911,47.15,15.7,-3.73,2.0,0.0
20231016:1011,31.14,18.62,-3.25,2.07,0.0
20231016:1111,25.8,19.69,-2.97,2.14,0.0
20231016:1211,32.03,18.81,-2.6,2.14,0.0
20231016:1311,30.25,16.08,-2.35,2.07,0.0
20231016:1411,14.23,11.73,-2.25,1.93,0.0
20231016:1511,11.24,6.12,-2.21,1.79,0.0
20231016:1611,0.0,0.0,-2.33,1.31,0.0
20231016:1711,0.0,0.0,-2.57,1.17,0.0
20231016:1811,0.0,0.0,-2.64,1.17,0.0
20231016:1911,0.0,0.0,-2.21,1.24,0.0
20231016:2011,0.0,0.0,-2.18,1.24,0.0
20231016:2111,0.0,0.0,-1.95,1.45,0.0
20231016:2211,0.0,0.0,-2.08,1.24,0.0
20231016:2311,0.0,0.0,-1.85,1.24,0.0
20231017:0011,0.0,0.0,-1.72,1.17,0.0
20231017:0111,0.0,0.0,-1.56,1.31,0.0
20231017:0211,0.0,0.0,-1.5,1.17,0.0
20231017:0311,0.0,0.0,-1.61,1.38,0.0
20231017:0411,0.0,0.0,-1.51,1.31,0.0
20231017:0511,0.0,0.0,-1.35,1.24,0.0
20231017:0611,0.0,0.0,-1.31,1.17,0.0
20231017:0711,18.68,5.18,-0.98,1.17,0.0
20231017:0811,32.92,10.88,-0.98,1.17,0.0
20231017:0911,19.57,15.35,-0.85,1.03,0.0
20231017:1011,24.02,18.26,-0.6,1.38,0.0
20231017:1111,24.91,19.32,-0.46,1.38,0.0
20231017:1211,24.02,18.44,-0.03,1.59,0.0
20231017:1311,19.57,15.71,0.06,1.66,0.0
20231017:1411,34.7,11.37,0.46,1.59,0.0
20231017:1511,249.57,5.77,0.34,1.79,0.0
20231017:1611,0.0,0.0,-0.32,1.24,0.0
20231017:1711,0.0,0.0,-0.41,1.17,0.0
20231017:1811,0.0,0.0,-0.57,1.24,0.0
20231017:1911,0.0,0.0,0.0,1.17,0.0
20231017:2011,0.0,0.0,0.04,1.03,0.0
20231017:2111,0.0,0.0,0.04,0.97,0.0
20231017:2211,0.0,0.0,0.13,0.76,0.0
20231017:2311,0.0,0.0,0.05,0.62,0.0
20231018:0011,0.0,0.0,0.2,0.55,0.0
20231018:0111,0.0,0.0,0.33,0.34,0.0
20231018:0211,0.0,0.0,0.02,0.21,0.0
20231018:0311,0.0,0.0,-0.89,0.76,0.0
20231018:0411,0.0,0.0,-2.46,1.31,0.0
20231018:0511,0.0,0.0,-2.83,1.59,0.0
20231018:0611,0.0,0.0,-3.46,1.66,0.0
20231018:0711,8.01,4.86,-3.86,1.79,0.0
20231018:0811,29.36,10.55,-3.92,1.86,0.0
20231018:0911,89.86,15.01,-3.5,1.79,0.0
20231018:1011,101.42,17.9,-2.88,1.66,0.0
20231018:1111,92.53,18.96,-2.25,1.52,0.0
20231018:1211,99.64,18.07,-1.86,1.31,0.0
20231018:1311,40.93,15.34,-1.82,1.17,0.0
20231018:1411,48.04,11.01,-1.7,1.24,0.0
20231018:1511,30.5,5.42,-1.65,1.24,0.0
20231018:1611,0.0,0.0,-1.72,1.31,0.0
20231018:1711,0.0,0.0,-1.91,1.38,0.0
20231018:1811,0.0,0.0,-2.12,1.38,0.0
20231018:1911,0.0,0.0,-3.24,1.52,0.0
20231018:2011,0.0,0.0,-3.44,1.52,0.0
20231018:2111,0.0,0.0,-4.69,1.59,0.0
20231018:2211,0.0,0.0,-5.63,1.66,0.0
20231018:2311,0.0,0.0,-6.66,1.72,0.0
20231019:0011,0.0,0.0,-6.71,1.66,0.0
20231019:0111,0.0,0.0,-7.11,1.66,0.0
20231019:0211,0.0,0.0,-7.16,1.72,0.0
20231019:0311,0.0,0.0,-7.48,1.72,0.0
20231019:0411,0.0,0.0,-7.81,1.72,0.0
20231019:0511,0.0,0.0,-7.78,1.72,0.0
20231019:0611,0.0,0.0,-7.3,1.79,0.0
20231019:0711,4.45,4.55,-7.35,1.79,0.0
20231019:0811,12.46,10.22,-7.35,1.93,0.0
20231019:0911,18.68,14.67,-7.25,2.0,0.0
20231019:1011,23.13,17.55,-6.95,2.0,0.0
20231019:1111,54.27,18.59,-6.88,2.0,0.0
20231019:1211,38.26,17.71,-6.89,2.0,0.0
20231019:1311,36.48,14.98,-6.87,1.93,0.0
20231019:1411,27.58,10.65,-6.98,1.86,0.0
20231019:1511,249.12,5.07,-7.13,1.86,0.0
20231019:1611,0.0,0.0,-6.99,1.93,0.0
20231019:1711,0.0,0.0,-6.31,1.86,0.0
20231019:1811,0.0,0.0,-6.36,1.86,0.0
20231019:1911,0.0,0.0,-6.12,1.72,0.0
20231019:2011,0.0,0.0,-6.26,1.79,0.0
20231019:2111,0.0,0.0,-6.78,1.86,0.0
20231019:2211,0.0,0.0,-6.62,1.86,0.0
20231019:2311,0.0,0.0,-6.7,1.86,0.0
20231020:0011,0.0,0.0,-8.48,2.07,0.0
20231020:0111,0.0,0.0,-8.85,2.07,0.0
20231020:0211,0.0,0.0,-8.26,1.93,0.0
20231020:0311,0.0,0.0,-8.75,2.0,0.0
20231020:0411,0.0,0.0,-8.31,1.93,0.0
20231020:0511,0.0,0.0,-7.94,1.86,0.0
20231020:0611,0.0,0.0,-8.66,2.0,0.0
20231020:0711,4.45,4.24,-8.42,2.0,0.0
20231020:0811,11.57,9.9,-8.89,2.07,0.0
20231020:0911,18.68,14.33,-9.06,2.14,0.0
20231020:1011,22.24,17.19,-8.91,2.21,0.0
20231020:1111,112.1,18.23,-8.34,2.14,0.0
20231020:1211,38.26,17.35,-7.89,2.21,0.0
20231020:1311,35.59,14.62,-7.46,2.14,0.0
20231020:1411,34.7,10.3,-7.17,2.0,0.0
20231020:1511,238.42,4.72,-6.5,1.79,0.0
20231020:1611,0.0,0.0,-5.95,1.72,0.0
20231020:1711,0.0,0.0,-5.98,1.79,0.0
20231020:1811,0.0,0.0,-6.61,1.93,0.0
20231020:1911,0.0,0.0,-8.59,2.34,0.0
20231020:2011,0.0,0.0,-8.3,2.21,0.0
20231020:2111,0.0,0.0,-9.35,2.55,0.0
20231020:2211,0.0,0.0,-9.22,2.48,0.0
20231020:2311,0.0,0.0,-9.16,2.41,0.0
20231021:0011,0.0,0.0,-9.57,2.41,0.0
20231021:0111,0.0,0.0,-9.34,2.28,0.0
20231021:0211,0.0,0.0,-9.31,2.21,0.0
20231021:0311,0.0,0.0,-9.37,2.28,0.0
20231021:0411,0.0,0.0,-9.39,2.28,0.0
20231021:0511,0.0,0.0,-9.16,2.21,0.0
20231021:0611,0.0,0.0,-9.06,2.21,0.0
20231021:0711,17.79,3.93,-9.28,2.76,0.0
20231021:0811,57.83,9.57,-9.09,2.83,0.0
20231021:0911,48.93,13.99,-8.69,2.62,0.0
20231021:1011,24.02,16.84,-8.16,2.48,0.0
20231021:1111,23.13,17.87,-7.11,2.55,0.0
20231021:1211,22.24,16.99,-6.35,2.41,0.0
20231021:1311,28.47,14.26,-6.0,2.28,0.0
20231021:1411,23.13,9.95,-5.91,2.14,0.0
20231021:1511,4.68,4.38,-5.82,2.14,0.0
20231021:1611,0.0,0.0,-5.69,2.07,0.0
20231021:1711,0.0,0.0,-5.66,2.07,0.0
20231021:1811,0.0,0.0,-5.49,2.0,0.0
20231021:1911,0.0,0.0,-5.7,2.14,0.0
20231021:2011,0.0,0.0,-5.52,2.0,0.0
20231021:2111,0.0,0.0,-5.33,1.93,0.0
20231021:2211,0.0,0.0,-5.28,1.93,0.0
20231021:2311,0.0,0.0,-5.26,2.0,0.0
20231022:0011,0.0,0.0,-5.03,1.93,0.0
20231022:0111,0.0,0.0,-4.54,1.79,0.0
20231022:0211,0.0,0.0,-4.54,1.79,0.0
20231022:0311,0.0,0.0,-4.44,1.72,0.0
20231022:0411,0.0,0.0,-4.17,1.66,0.0
20231022:0511,0.0,0.0,-3.85,1.59,0.0
20231022:0611,0.0,0.0,-3.81,1.59,0.0
20231022:0711,12.46,3.61,-3.25,1.59,0.0
20231022:0811,58.72,9.25,-2.72,1.52,0.0
20231022:0911,36.48,13.66,-2.21,1.45,0.0
20231022:1011,44.48,16.49,-1.8,1.38,0.0
20231022:1111,22.24,17.52,-1.15,1.38,0.0
20231022:1211,21.35,16.63,-0.62,1.31,0.0
20231022:1311,16.9,13.91,0.22,1.17,0.0
20231022:1411,11.57,9.61,0.26,1.1,0.0
20231022:1511,12.46,4.05,0.2,1.1,0.0
20231022:1611,0.0,0.0,-0.06,1.03,0.0
20231022:1711,0.0,0.0,-0.42,1.1,0.0
20231022:1811,0.0,0.0,-0.67,1.1,0.0
20231022:1911,0.0,0.0,0.04,1.03,0.0
20231022:2011,0.0,0.0,0.03,1.03,0.0
20231022:2111,0.0,0.0,0.01,0.97,0.0
20231022:2211,0.0,0.0,0.07,0.9,0.0
20231022:2311,0.0,0.0,-0.28,0.9,0.0
20231023:0011,0.0,0.0,-0.11,0.83,0.0
20231023:0111,0.0,0.0,-0.57,0.9,0.0
20231023:0211,0.0,0.0,-0.6,0.9,0.0
20231023:0311,0.0,0.0,-0.45,0.9,0.0
20231023:0411,0.0,0.0,-0.32,0.9,0.0
20231023:0511,0.0,0.0,-0.74,0.97,0.0
20231023:0611,0.0,0.0,-0.78,0.97,0.0
20231023:0711,2.67,3.31,0.27,0.55,0.0
20231023:0811,32.03,8.93,0.76,0.41,0.0
20231023:0911,34.7,13.32,1.64,0.14,0.0
20231023:1011,40.04,16.15,1.98,0.0,0.0
20231023:1111,40.04,17.17,2.46,0.28,0.0
20231023:1211,20.46,16.28,2.68,0.55,0.0
20231023:1311,16.9,13.56,2.61,0.55,0.0
20231023:1411,25.8,9.26,2.42,0.34,0.0
20231023:1511,3.56,3.71,2.25,0.28,0.0
20231023:1611,0.0,0.0,2.17,0.07,0.0
20231023:1711,0.0,0.0,2.14,0.41,0.0
20231023:1811,0.0,0.0,2.01,0.55,0.0
20231023:1911,0.0,0.0,1.74,0.55,0.0
20231023:2011,0.0,0.0,1.81,0.69,0.0
20231023:2111,0.0,0.0,1.75,0.76,0.0
20231023:2211,0.0,0.0,1.62,0.83,0.0
20231023:2311,0.0,0.0,1.42,0.9,0.0
20231024:0011,0.0,0.0,1.38,0.97,0.0
20231024:0111,0.0,0.0,0.73,1.03,0.0
20231024:0211,0.0,0.0,0.65,1.1,0.0
20231024:0311,0.0,0.0,0.69,1.1,0.0
20231024:0411,0.0,0.0,0.4,1.17,0.0
20231024:0511,0.0,0.0,-0.21,1.24,0.0
20231024:0611,0.0,0.0,-0.85,1.31,0.0
20231024:0711,2.67,3.0,-0.27,1.17,0.0
20231024:0811,9.79,8.61,0.11,1.17,0.0
20231024:0911,16.01,12.99,0.94,1.1,0.0
20231024:1011,20.46,15.81,1.63,1.03,0.0
20231024:1111,21.35,16.82,2.13,1.03,0.0
20231024:1211,40.04,15.92,2.13,1.03,0.0
20231024:1311,36.48,13.22,2.36,0.97,0.0
20231024:1411,28.47,8.93,2.28,0.97,0.0
20231024:1511,13.35,3.38,2.09,0.97,0.0
20231024:1611,0.0,0.0,1.82,0.97,0.0
20231024:1711,0.0,0.0,1.49,0.97,0.0
20231024:1811,0.0,0.0,1.16,1.1,0.0
20231024:1911,0.0,0.0,0.89,1.1,0.0
20231024:2011,0.0,0.0,0.67,1.17,0.0
20231024:2111,0.0,0.0,0.54,1.17,0.0
20231024:2211,0.0,0.0,0.13,1.31,0.0
20231024:2311,0.0,0.0,0.13,1.24,0.0
20231025:0011,0.0,0.0,-0.2,1.24,0.0
20231025:0111,0.0,0.0,-0.13,1.31,0.0
20231025:0211,0.0,0.0,-0.36,1.31,0.0
20231025:0311,0.0,0.0,-0.57,1.31,0.0
20231025:0411,0.0,0.0,-0.83,1.38,0.0
20231025:0511,0.0,0.0,-0.68,1.31,0.0
20231025:0611,0.0,0.0,-1.01,1.45,0.0
20231025:0711,8.9,2.69,-1.26,1.45,0.0
20231025:0811,8.9,8.29,-1.14,1.45,0.0
20231025:0911,15.12,12.66,-1.33,1.45,0.0
20231025:1011,62.28,15.46,-1.42,1.66,0.0
20231025:1111,40.04,16.47,-0.98,1.66,0.0
20231025:1211,39.15,15.58,-0.72,1.59,0.0
20231025:1311,35.59,12.87,-0.56,1.59,0.0
20231025:1411,41.81,8.59,-0.04,1.38,0.0
20231025:1511,10.68,3.06,-0.41,1.45,0.0
20231025:1611,0.0,0.0,-0.57,1.38,0.0
20231025:1711,0.0,0.0,-0.94,1.38,0.0
20231025:1811,0.0,0.0,-1.24,1.38,0.0
20231025:1911,0.0,0.0,-1.46,1.38,0.0
20231025:2011,0.0,0.0,-1.73,1.45,0.0
20231025:2111,0.0,0.0,-1.83,1.31,0.0
20231025:2211,0.0,0.0,-1.98,1.31,0.0
20231025:2311,0.0,0.0,-2.18,1.31,0.0
20231026:0011,0.0,0.0,-2.31,1.24,0.0
20231026:0111,0.0,0.0,-2.41,1.24,0.0
20231026:0211,0.0,0.0,-2.54,1.17,0.0
20231026:0311,0.0,0.0,-2.74,1.17,0.0
20231026:0411,0.0,0.0,-2.93,1.17,0.0
20231026:0511,0.0,0.0,-3.12,1.17,0.0
20231026:0611,0.0,0.0,-3.28,1.24,0.0
20231026:0711,1.78,2.39,-3.71,1.31,0.0
20231026:0811,8.9,7.97,-3.72,1.24,0.0
20231026:0911,15.12,12.33,-3.53,1.31,0.0
20231026:1011,19.57,15.13,-3.08,1.31,0.0
20231026:1111,21.35,16.12,-2.58,1.24,0.0
20231026:1211,37.37,15.23,-2.15,1.1,0.0
20231026:1311,34.7,12.53,-1.86,1.03,0.0
20231026:1411,26.69,8.26,-1.78,0.9,0.0
20231026:1511,9.79,2.74,-2.0,0.83,0.0
20231026:1611,0.0,0.0,-2.43,0.83,0.0
20231026:1711,0.0,0.0,-2.88,0.9,0.0
20231026:1811,0.0,0.0,-3.19,0.97,0.0
20231026:1911,0.0,0.0,-4.63,1.03,0.0
20231026:2011,0.0,0.0,-5.0,1.17,0.0
20231026:2111,0.0,0.0,-5.65,1.31,0.0
20231026:2211,0.0,0.0,-6.18,1.38,0.0
20231026:2311,0.0,0.0,-6.51,1.38,0.0
20231027:0011,0.0,0.0,-6.78,1.45,0.0
20231027:0111,0.0,0.0,-6.58,1.38,0.0
20231027:0211,0.0,0.0,-6.41,1.31,0.0
20231027:0311,0.0,0.0,-6.44,1.31,0.0
20231027:0411,0.0,0.0,-6.75,1.38,0.0
20231027:0511,0.0,0.0,-6.95,1.38,0.0
20231027:0611,0.0,0.0,-7.22,1.38,0.0
20231027:0711,7.12,2.08,-7.44,1.45,0.0
20231027:0811,8.9,7.66,-6.75,1.38,0.0
20231027:0911,15.12,12.0,-5.72,1.31,0.0
20231027:1011,95.2,14.79,-4.35,1.24,0.0
20231027:1111,38.26,15.78,-3.46,1.1,0.0
20231027:1211,37.37,14.89,-2.93,1.03,0.0
20231027:1311,15.12,12.2,-2.73,0.97,0.0
20231027:1411,51.6,7.94,-2.9,0.97,0.0
20231027:1511,8.01,2.42,-3.11,0.97,0.0
20231027:1611,0.0,0.0,-3.38,1.03,0.0
20231027:1711,0.0,0.0,-3.66,1.03,0.0
20231027:1811,0.0,0.0,-3.86,1.03,0.0
20231027:1911,0.0,0.0,-4.84,1.17,0.0
20231027:2011,0.0,0.0,-4.93,1.17,0.0
20231027:2111,0.0,0.0,-5.13,1.1,0.0
20231027:2211,0.0,0.0,-5.23,1.17,0.0
20231027:2311,0.0,0.0,-5.5,1.03,0.0
20231028:0011,0.0,0.0,-5.68,1.03,0.0
20231028:0111,0.0,0.0,-5.92,1.03,0.0
20231028:0211,0.0,0.0,-6.57,1.03,0.0
20231028:0311,0.0,0.0,-7.28,1.1,0.0
20231028:0411,0.0,0.0,-7.93,1.31,0.0
20231028:0511,0.0,0.0,-8.48,1.38,0.0
20231028:0611,0.0,0.0,-8.84,1.52,0.0
20231028:0711,0.89,1.78,-8.22,1.31,0.0
20231028:0811,24.02,7.35,-7.94,1.31,0.0
20231028:0911,47.15,11.68,-7.1,1.24,0.0
20231028:1011,18.68,14.46,-6.27,1.17,0.0
20231028:1111,38.26,15.45,-5.17,1.03,0.0
20231028:1211,50.71,14.56,-4.44,1.03,0.0
20231028:1311,16.01,11.87,-4.02,0.97,0.0
20231028:1411,8.9,7.61,-3.94,0.9,0.0
20231028:1511,1.78,2.11,-4.17,0.83,0.0
20231028:1611,0.0,0.0,-4.63,0.9,0.0
20231028:1711,0.0,0.0,-5.06,0.97,0.0
20231028:1811,0.0,0.0,-5.77,1.1,0.0
20231028:1911,0.0,0.0,-6.91,1.24,0.0
20231028:2011,0.0,0.0,-7.23,1.38,0.0
20231028:2111,0.0,0.0,-8.02,1.45,0.0
20231028:2211,0.0,0.0,-8.45,1.52,0.0
20231028:2311,0.0,0.0,-9.26,1.52,0.0
20231029:0011,0.0,0.0,-9.93,1.66,0.0
20231029:0111,0.0,0.0,-11.04,1.66,0.0
20231029:0211,0.0,0.0,-12.12,1.72,0.0
20231029:0311,0.0,0.0,-12.76,1.79,0.0
20231029:0411,0.0,0.0,-13.11,1.86,0.0
20231029:0511,0.0,0.0,-13.42,1.86,0.0
20231029:0611,0.0,0.0,-13.67,1.93,0.0
20231029:0711,3.56,1.48,-14.19,2.0,0.0
20231029:0811,8.01,7.04,-13.74,1.93,0.0
20231029:0911,14.23,11.36,-12.01,1.86,0.0
20231029:1011,24.02,14.13,-8.5,1.72,0.0
20231029:1111,34.7,15.11,-5.35,1.59,0.0
20231029:1211,33.81,14.22,-3.96,1.45,0.0
20231029:1311,18.68,11.54,-3.43,1.38,0.0
20231029:1411,20.46,7.3,-3.6,1.31,0.0
20231029:1511,4.45,1.8,-4.24,1.38,0.0
20231029:1611,0.0,0.0,-4.94,1.52,0.0
20231029:1711,0.0,0.0,-5.66,1.59,0.0
20231029:1811,0.0,0.0,-6.31,1.66,0.0
20231029:1911,0.0,0.0,-7.25,1.79,0.0
20231029:2011,0.0,0.0,-7.8,1.79,0.0
20231029:2111,0.0,0.0,-8.25,1.79,0.0
20231029:2211,0.0,0.0,-9.64,1.79,0.0
20231029:2311,0.0,0.0,-9.65,1.79,0.0
20231030:0011,0.0,0.0,-10.39,1.79,0.0
20231030:0111,0.0,0.0,-10.35,1.79,0.0
20231030:0211,0.0,0.0,-10.12,1.79,0.0
20231030:0311,0.0,0.0,-10.0,1.72,0.0
20231030:0411,0.0,0.0,-9.88,1.79,0.0
20231030:0511,0.0,0.0,-9.78,1.72,0.0
20231030:0611,0.0,0.0,-9.71,1.72,0.0
20231030:0711,0.0,0.0,-9.47,1.79,0.0
20231030:0811,34.7,6.73,-9.15,1.72,0.0
20231030:0911,22.24,11.04,-8.5,1.66,0.0
20231030:1011,29.36,13.8,-7.97,1.66,0.0
20231030:1111,24.91,14.78,-7.63,1.72,0.0
20231030:1211,21.35,13.89,-7.16,1.66,0.0
20231030:1311,21.35,11.22,-6.76,1.59,0.0
20231030:1411,8.9,6.98,-6.34,1.52,0.0
20231030:1511,0.89,1.49,-6.2,1.45,0.0
20231030:1611,0.0,0.0,-6.03,1.38,0.0
20231030:1711,0.0,0.0,-6.31,1.38,0.0
20231030:1811,0.0,0.0,-6.72,1.45,0.0
20231030:1911,0.0,0.0,-7.36,1.45,0.0
20231030:2011,0.0,0.0,-7.7,1.52,0.0
20231030:2111,0.0,0.0,-7.38,1.45,0.0
20231030:2211,0.0,0.0,-8.14,1.45,0.0
20231030:2311,0.0,0.0,-9.16,1.52,0.0
20231031:0011,0.0,0.0,-10.12,1.59,0.0
20231031:0111,0.0,0.0,-11.55,1.66,0.0
20231031:0211,0.0,0.0,-12.18,1.66,0.0
20231031:0311,0.0,0.0,-12.23,1.66,0.0
20231031:0411,0.0,0.0,-12.7,1.72,0.0
20231031:0511,0.0,0.0,-12.63,1.72,0.0
20231031:0611,0.0,0.0,-12.41,1.72,0.0
20231031:0711,0.0,0.0,-15.71,1.93,0.0
20231031:0811,38.26,6.42,-15.21,1.86,0.0
20231031:0911,53.38,10.72,-13.54,1.79,0.0
20231031:1011,44.48,13.47,-10.3,1.66,0.0
20231031:1111,74.73,14.45,-8.11,1.52,0.0
20231031:1211,32.03,13.57,-7.86,1.66,0.0
20231031:1311,75.62,10.9,-7.24,1.59,0.0
20231031:1411,21.35,6.67,-6.11,1.38,0.0
20231031:1511,0.0,0.0,-6.28,1.17,0.0
20231031:1611,0.0,0.0,-6.77,1.24,0.0
20231031:1711,0.0,0.0,-7.37,1.38,0.0
20231031:1811,0.0,0.0,-7.83,1.45,0.0
20231031:1911,0.0,0.0,-8.03,1.24,0.0
20231031:2011,0.0,0.0,-8.43,1.24,0.0
20231031:2111,0.0,0.0,-8.75,1.24,0.0
20231031:2211,0.0,0.0,-8.91,1.31,0.0
20231031:2311,0.0,0.0,-9.21,1.38,0.0
20231101:0011,0.0,0.0,-9.46,1.31,0.0
20231101:0111,0.0,0.0,-9.47,1.31,0.0
20231101:0211,0.0,0.0,-9.58,1.24,0.0
20231101:0311,0.0,0.0,-9.82,1.24,0.0
20231101:0411,0.0,0.0,-10.0,1.31,0.0
20231101:0511,0.0,0.0,-10.53,1.31,0.0
20231101:0611,0.0,0.0,-11.3,1.45,0.0
20231101:0711,0.0,0.0,-10.31,1.24,0.0
20231101:0811,6.23,6.12,-10.22,1.24,0.0
20231101:0911,12.46,10.41,-9.83,1.24,0.0
20231101:1011,16.9,13.15,-9.01,1.31,0.0
20231101:1111,39.15,14.13,-8.25,1.17,0.0
20231101:1211,37.37,13.25,-7.72,1.31,0.0
20231101:1311,72.06,10.59,-7.9,1.52,0.0
20231101:1411,29.36,6.37,-7.88,1.45,0.0
20231101:1511,0.0,0.0,-8.58,1.52,0.0
20231101:1611,0.0,0.0,-9.73,1.72,0.0
20231101:1711,0.0,0.0,-12.23,1.86,0.0
20231101:1811,0.0,0.0,-13.63,2.07,0.0
20231101:1911,0.0,0.0,-11.61,1.93,0.0
20231101:2011,0.0,0.0,-11.03,1.93,0.0
20231101:2111,0.0,0.0,-10.44,1.93,0.0
20231101:2211,0.0,0.0,-10.25,2.07,0.0
20231101:2311,0.0,0.0,-9.71,2.0,0.0
20231102:0011,0.0,0.0,-9.37,2.07,0.0
20231102:0111,0.0,0.0,-8.83,2.07,0.0
20231102:0211,0.0,0.0,-8.59,2.14,0.0
20231102:0311,0.0,0.0,-8.34,2.14,0.0
20231102:0411,0.0,0.0,-8.2,2.21,0.0
20231102:0511,0.0,0.0,-8.27,2.21,0.0
20231102:0611,0.0,0.0,-8.13,2.28,0.0
20231102:0711,0.0,0.0,-7.64,2.14,0.0
20231102:0811,27.58,5.81,-7.19,2.14,0.0
20231102:0911,11.57,10.1,-6.62,2.14,0.0
20231102:1011,88.08,12.84,-6.07,2.14,0.0
20231102:1111,30.25,13.81,-5.22,2.21,0.0
20231102:1211,21.35,12.93,-4.76,2.28,0.0
20231102:1311,35.59,10.28,-4.72,2.28,0.0
20231102:1411,31.14,6.07,-4.81,2.21,0.0
20231102:1511,0.0,0.0,-5.53,2.0,0.0
20231102:1611,0.0,0.0,-6.01,2.07,0.0
20231102:1711,0.0,0.0,-6.01,2.14,0.0
20231102:1811,0.0,0.0,-5.99,2.14,0.0
20231102:1911,0.0,0.0,-5.74,2.21,0.0
20231102:2011,0.0,0.0,-5.53,2.55,0.0
20231102:2111,0.0,0.0,-5.31,2.62,0.0
20231102:2211,0.0,0.0,-5.12,2.62,0.0
20231102:2311,0.0,0.0,-5.07,2.28,0.0
20231103:0011,0.0,0.0,-5.16,2.28,0.0
20231103:0111,0.0,0.0,-5.17,2.34,0.0
20231103:0211,0.0,0.0,-5.06,2.21,0.0
20231103:0311,0.0,0.0,-4.95,2.14,0.0
20231103:0411,0.0,0.0,-4.86,2.07,0.0
20231103:0511,0.0,0.0,-4.73,2.0,0.0
20231103:0611,0.0,0.0,-4.6,2.14,0.0
20231103:0711,0.0,0.0,-4.13,2.07,0.0
20231103:0811,5.34,5.52,-3.99,2.0,0.0
20231103:0911,19.57,9.79,-3.88,2.14,0.0
20231103:1011,23.13,12.52,-3.41,2.28,0.0
20231103:1111,32.03,13.49,-3.06,2.34,0.0
20231103:1211,88.97,12.62,-2.87,2.34,0.0
20231103:1311,47.15,9.97,-2.97,2.21,0.0
20231103:1411,34.7,5.77,-3.01,2.21,0.0
20231103:1511,0.0,0.0,-3.24,2.07,0.0
20231103:1611,0.0,0.0,-3.64,2.07,0.0
20231103:1711,0.0,0.0,-4.03,1.93,0.0
20231103:1811,0.0,0.0,-4.04,1.86,0.0
20231103:1911,0.0,0.0,-3.76,1.86,0.0
20231103:2011,0.0,0.0,-3.74,1.86,0.0
20231103:2111,0.0,0.0,-3.86,2.0,0.0
20231103:2211,0.0,0.0,-3.87,1.93,0.0
20231103:2311,0.0,0.0,-3.88,2.0,0.0
20231104:0011,0.0,0.0,-3.75,1.93,0.0
20231104:0111,0.0,0.0,-3.89,2.0,0.0
20231104:0211,0.0,0.0,-4.14,2.07,0.0
20231104:0311,0.0,0.0,-4.04,2.07,0.0
20231104:0411,0.0,0.0,-3.81,2.07,0.0
20231104:0511,0.0,0.0,-3.29,1.93,0.0
20231104:0611,0.0,0.0,-3.14,1.93,0.0
20231104:0711,0.0,0.0,-2.55,1.79,0.0
20231104:0811,30.25,5.22,-2.45,1.79,0.0
20231104:0911,53.38,9.48,-2.13,1.79,0.0
20231104:1011,84.52,12.21,-1.59,1.72,0.0
20231104:1111,90.75,13.18,-1.09,1.72,0.0
20231104:1211,26.69,12.31,-0.61,1.59,0.0
20231104:1311,11.57,9.67,-0.36,1.52,0.0
20231104:1411,5.34,5.48,-0.23,1.38,0.0
20231104:1511,0.0,0.0,-0.15,1.31,0.0
20231104:1611,0.0,0.0,-0.32,1.31,0.0
20231104:1711,0.0,0.0,-0.69,1.31,0.0
20231104:1811,0.0,0.0,-1.32,1.38,0.0
20231104:1911,0.0,0.0,-0.74,1.38,0.0
20231104:2011,0.0,0.0,-0.37,1.24,0.0
20231104:2111,0.0,0.0,-0.48,1.24,0.0
20231104:2211,0.0,0.0,-1.09,1.24,0.0
20231104:2311,0.0,0.0,-1.64,1.31,0.0
20231105:0011,0.0,0.0,-2.24,1.38,0.0
20231105:0111,0.0,0.0,-2.63,1.38,0.0
20231105:0211,0.0,0.0,-3.15,1.38,0.0
20231105:0311,0.0,0.0,-2.69,1.31,0.0
20231105:0411,0.0,0.0,-2.76,1.31,0.0
20231105:0511,0.0,0.0,-3.02,1.31,0.0
20231105:0611,0.0,0.0,-2.78,1.31,0.0
20231105:0711,0.0,0.0,-2.4,1.24,0.0
20231105:0811,7.12,4.93,-2.03,1.17,0.0
20231105:0911,12.46,9.18,-1.45,1.1,0.0
20231105:1011,23.13,11.91,-0.65,1.03,0.0
20231105:1111,77.4,12.88,-0.02,0.83,0.0
20231105:1211,15.12,12.01,0.26,0.83,0.0
20231105:1311,52.49,9.38,0.38,0.76,0.0
20231105:1411,18.68,5.2,0.19,0.69,0.0
20231105:1511,0.0,0.0,-0.03,0.83,0.0
20231105:1611,0.0,0.0,-0.88,0.83,0.0
20231105:1711,0.0,0.0,-1.29,0.9,0.0
20231105:1811,0.0,0.0,-1.39,0.9,0.0
20231105:1911,0.0,0.0,-1.49,0.97,0.0
20231105:2011,0.0,0.0,-1.48,0.97,0.0
20231105:2111,0.0,0.0,-1.72,0.97,0.0
20231105:2211,0.0,0.0,-1.88,0.9,0.0
20231105:2311,0.0,0.0,-1.71,0.9,0.0
20231106:0011,0.0,0.0,-1.78,0.9,0.0
20231106:0111,0.0,0.0,-1.93,0.9,0.0
20231106:0211,0.0,0.0,-2.23,0.83,0.0
20231106:0311,0.0,0.0,-2.29,0.83,0.0
20231106:0411,0.0,0.0,-2.34,0.83,0.0
20231106:0511,0.0,0.0,-2.58,0.9,0.0
20231106:0611,0.0,0.0,-2.69,0.9,0.0
20231106:0711,0.0,0.0,-3.06,0.97,0.0
20231106:0811,19.57,4.64,-3.26,0.97,0.0
20231106:0911,56.94,8.89,-2.83,0.9,0.0
20231106:1011,53.38,11.6,-2.34,0.83,0.0
20231106:1111,17.79,12.57,-1.84,0.76,0.0
20231106:1211,50.71,11.71,-1.82,0.69,0.0
20231106:1311,53.38,9.09,-1.85,0.62,0.0
20231106:1411,8.9,4.92,-2.66,0.76,0.0
20231106:1511,0.0,0.0,-3.52,0.97,0.0
20231106:1611,0.0,0.0,-4.32,1.1,0.0
20231106:1711,0.0,0.0,-4.84,1.17,0.0
20231106:1811,0.0,0.0,-5.25,1.24,0.0
20231106:1911,0.0,0.0,-4.98,1.17,0.0
20231106:2011,0.0,0.0,-4.66,1.17,0.0
20231106:2111,0.0,0.0,-5.01,1.17,0.0
20231106:2211,0.0,0.0,-4.78,1.1,0.0
20231106:2311,0.0,0.0,-5.11,1.1,0.0
20231107:0011,0.0,0.0,-5.17,1.1,0.0
20231107:0111,0.0,0.0,-4.95,1.1,0.0
20231107:0211,0.0,0.0,-5.09,1.1,0.0
20231107:0311,0.0,0.0,-5.32,1.1,0.0
20231107:0411,0.0,0.0,-5.11,1.03,0.0
20231107:0511,0.0,0.0,-5.21,1.03,0.0
20231107:0611,0.0,0.0,-5.55,1.1,0.0
20231107:0711,0.0,0.0,-4.17,0.9,0.0
20231107:0811,19.57,4.35,-3.93,0.9,0.0
20231107:0911,54.27,8.59,-3.42,0.76,0.0
20231107:1011,35.59,11.3,-2.19,0.62,0.0
20231107:1111,57.83,12.27,-1.65,0.48,0.0
20231107:1211,14.23,11.42,-1.55,0.41,0.0
20231107:1311,10.68,8.8,-1.6,0.34,0.0
20231107:1411,17.79,4.64,-2.24,0.48,0.0
20231107:1511,0.0,0.0,-3.7,0.83,0.0
20231107:1611,0.0,0.0,-4.04,0.97,0.0
20231107:1711,0.0,0.0,-4.92,1.03,0.0
20231107:1811,0.0,0.0,-5.35,1.1,0.0
20231107:1911,0.0,0.0,-4.38,1.1,0.0
20231107:2011,0.0,0.0,-4.17,1.03,0.0
20231107:2111,0.0,0.0,-4.84,1.17,0.0
20231107:2211,0.0,0.0,-4.86,1.1,0.0
20231107:2311,0.0,0.0,-4.97,1.17,0.0
20231108:0011,0.0,0.0,-5.04,1.17,0.0
20231108:0111,0.0,0.0,-5.31,1.24,0.0
20231108:0211,0.0,0.0,-5.44,1.24,0.0
20231108:0311,0.0,0.0,-5.66,1.31,0.0
20231108:0411,0.0,0.0,-5.78,1.45,0.0
20231108:0511,0.0,0.0,-6.09,1.38,0.0
20231108:0611,0.0,0.0,-6.2,1.45,0.0
20231108:0711,0.0,0.0,-5.75,1.31,0.0
20231108:0811,3.56,4.06,-5.47,1.31,0.0
20231108:0911,9.79,8.3,-4.75,1.17,0.0
20231108:1011,13.35,11.01,-3.89,1.1,0.0
20231108:1111,36.48,11.98,-3.06,1.03,0.0
20231108:1211,34.7,11.13,-2.64,1.03,0.0
20231108:1311,31.14,8.52,-2.46,0.97,0.0
20231108:1411,16.9,4.38,-3.25,1.1,0.0
20231108:1511,0.0,0.0,-4.64,1.31,0.0
20231108:1611,0.0,0.0,-5.7,1.52,0.0
20231108:1711,0.0,0.0,-7.03,1.66,0.0
20231108:1811,0.0,0.0,-8.36,1.79,0.0
20231108:1911,0.0,0.0,-7.29,1.72,0.0
20231108:2011,0.0,0.0,-6.65,1.79,0.0
20231108:2111,0.0,0.0,-5.94,1.72,0.0
20231108:2211,0.0,0.0,-6.19,1.79,0.0
20231108:2311,0.0,0.0,-5.55,1.66,0.0
20231109:0011,0.0,0.0,-5.41,1.59,0.0
20231109:0111,0.0,0.0,-5.13,1.59,0.0
20231109:0211,0.0,0.0,-5.36,1.59,0.0
20231109:0311,0.0,0.0,-5.24,1.52,0.0
20231109:0411,0.0,0.0,-4.92,1.38,0.0
20231109:0511,0.0,0.0,-4.57,1.31,0.0
20231109:0611,0.0,0.0,-4.53,1.31,0.0
20231109:0711,0.0,0.0,-4.49,1.45,0.0
20231109:0811,8.9,3.78,-4.41,1.52,0.0
20231109:0911,50.71,8.01,-3.97,1.45,0.0
20231109:1011,21.35,10.72,-3.44,1.38,0.0
20231109:1111,14.23,11.69,-2.8,1.24,0.0
20231109:1211,13.35,10.84,-2.58,1.24,0.0
20231109:1311,40.04,8.25,-2.01,1.17,0.0
20231109:1411,3.56,4.11,-1.94,1.03,0.0
20231109:1511,0.0,0.0,-2.14,0.97,0.0
20231109:1611,0.0,0.0,-2.51,1.03,0.0
20231109:1711,0.0,0.0,-2.77,1.1,0.0
20231109:1811,0.0,0.0,-2.95,1.17,0.0
20231109:1911,0.0,0.0,-3.43,1.17,0.0
20231109:2011,0.0,0.0,-3.53,1.17,0.0
20231109:2111,0.0,0.0,-3.58,1.17,0.0
20231109:2211,0.0,0.0,-3.66,1.24,0.0
20231109:2311,0.0,0.0,-3.72,1.24,0.0
20231110:0011,0.0,0.0,-3.91,1.31,0.0
20231110:0111,0.0,0.0,-4.08,1.31,0.0
20231110:0211,0.0,0.0,-4.28,1.38,0.0
20231110:0311,0.0,0.0,-4.54,1.38,0.0
20231110:0411,0.0,0.0,-4.43,1.45,0.0
20231110:0511,0.0,0.0,-4.4,1.38,0.0
20231110:0611,0.0,0.0,-4.24,1.31,0.0
20231110:0711,0.0,0.0,-3.83,1.24,0.0
20231110:0811,8.01,3.5,-3.46,1.31,0.0
20231110:0911,50.71,7.73,-2.98,1.17,0.0
20231110:1011,49.82,10.43,-2.33,1.17,0.0
20231110:1111,80.07,11.41,-1.75,1.1,0.0
20231110:1211,12.46,10.56,-1.38,1.24,0.0
20231110:1311,9.79,7.98,-1.09,1.1,0.0
20231110:1411,3.56,3.85,-1.17,0.83,0.0
20231110:1511,0.0,0.0,-1.51,0.83,0.0
20231110:1611,0.0,0.0,-1.95,0.83,0.0
20231110:1711,0.0,0.0,-2.53,0.97,0.0
20231110:1811,0.0,0.0,-2.94,1.03,0.0
20231110:1911,0.0,0.0,-3.42,1.1,0.0
20231110:2011,0.0,0.0,-3.38,0.97,0.0
20231110:2111,0.0,0.0,-3.28,1.03,0.0
20231110:2211,0.0,0.0,-3.34,1.03,0.0
20231110:2311,0.0,0.0,-3.55,1.1,0.0
20231111:0011,0.0,0.0,-3.8,1.1,0.0
20231111:0111,0.0,0.0,-4.23,1.17,0.0
20231111:0211,0.0,0.0,-4.4,1.24,0.0
20231111:0311,0.0,0.0,-4.67,1.24,0.0
20231111:0411,0.0,0.0,-4.73,1.31,0.0
20231111:0511,0.0,0.0,-4.93,1.38,0.0
20231111:0611,0.0,0.0,-5.12,1.38,0.0
20231111:0711,0.0,0.0,-5.77,1.31,0.0
20231111:0811,2.67,3.23,-5.66,1.38,0.0
20231111:0911,9.79,7.45,-5.21,1.38,0.0
20231111:1011,26.69,10.15,-4.53,1.38,0.0
20231111:1111,40.04,11.13,-4.0,1.31,0.0
20231111:1211,12.46,10.29,-3.63,1.24,0.0
20231111:1311,8.9,7.71,-3.55,1.24,0.0
20231111:1411,3.56,3.6,-3.62,1.17,0.0
20231111:1511,0.0,0.0,-3.92,1.24,0.0
20231111:1611,0.0,0.0,-4.38,1.31,0.0
20231111:1711,0.0,0.0,-4.62,1.31,0.0
20231111:1811,0.0,0.0,-4.72,1.31,0.0
20231111:1911,0.0,0.0,-4.07,1.17,0.0
20231111:2011,0.0,0.0,-4.05,1.17,0.0
20231111:2111,0.0,0.0,-4.2,1.24,0.0
20231111:2211,0.0,0.0,-4.45,1.24,0.0
20231111:2311,0.0,0.0,-4.78,1.31,0.0
20231112:0011,0.0,0.0,-5.01,1.31,0.0
20231112:0111,0.0,0.0,-5.18,1.24,0.0
20231112:0211,0.0,0.0,-5.37,1.24,0.0
20231112:0311,0.0,0.0,-5.59,1.24,0.0
20231112:0411,0.0,0.0,-6.03,1.31,0.0
20231112:0511,0.0,0.0,-6.7,1.38,0.0
20231112:0611,0.0,0.0,-7.09,1.45,0.0
20231112:0711,0.0,0.0,-5.75,1.31,0.0
20231112:0811,4.45,2.96,-6.1,1.38,0.0
20231112:0911,8.01,7.17,-6.36,1.31,0.0
20231112:1011,36.48,9.87,-5.67,1.31,0.0
20231112:1111,25.8,10.85,-5.05,1.17,0.0
20231112:1211,11.57,10.02,-4.69,1.1,0.0
20231112:1311,8.01,7.46,-4.58,1.03,0.0
20231112:1411,10.68,3.35,-4.99,0.97,0.0
20231112:1511,0.0,0.0,-5.99,1.17,0.0
20231112:1611,0.0,0.0,-6.76,1.24,0.0
20231112:1711,0.0,0.0,-7.09,1.31,0.0
20231112:1811,0.0,0.0,-7.48,1.31,0.0
20231112:1911,0.0,0.0,-7.94,1.38,0.0
20231112:2011,0.0,0.0,-9.44,1.45,0.0
20231112:2111,0.0,0.0,-10.12,1.45,0.0
20231112:2211,0.0,0.0,-10.28,1.45,0.0
20231112:2311,0.0,0.0,-10.47,1.45,0.0
20231113:0011,0.0,0.0,-10.64,1.45,0.0
20231113:0111,0.0,0.0,-10.92,1.45,0.0
20231113:0211,0.0,0.0,-11.05,1.45,0.0
20231113:0311,0.0,0.0,-11.18,1.52,0.0
20231113:0411,0.0,0.0,-11.31,1.52,0.0
20231113:0511,0.0,0.0,-11.42,1.59,0.0
20231113:0611,0.0,0.0,-11.35,1.59,0.0
20231113:0711,0.0,0.0,-11.66,1.66,0.0
20231113:0811,5.34,2.69,-11.86,1.72,0.0
20231113:0911,16.9,6.9,-11.5,1.66,0.0
20231113:1011,17.79,9.6,-10.62,1.59,0.0
20231113:1111,40.04,10.58,-9.82,1.45,0.0
20231113:1211,64.95,9.76,-9.23,1.38,0.0
20231113:1311,46.26,7.2,-9.22,1.45,0.0
20231113:1411,2.67,3.11,-9.86,1.59,0.0
20231113:1511,0.0,0.0,-10.66,1.66,0.0
20231113:1611,0.0,0.0,-11.21,1.72,0.0
20231113:1711,0.0,0.0,-11.55,1.72,0.0
20231113:1811,0.0,0.0,-11.91,1.72,0.0
20231113:1911,0.0,0.0,-9.12,1.52,0.0
20231113:2011,0.0,0.0,-8.51,1.52,0.0
20231113:2111,0.0,0.0,-8.59,1.59,0.0
20231113:2211,0.0,0.0,-8.23,1.52,0.0
20231113:2311,0.0,0.0,-7.55,1.45,0.0
20231114:0011,0.0,0.0,-7.55,1.38,0.0
20231114:0111,0.0,0.0,-7.42,1.38,0.0
20231114:0211,0.0,0.0,-7.76,1.38,0.0
20231114:0311,0.0,0.0,-7.7,1.38,0.0
20231114:0411,0.0,0.0,-7.76,1.38,0.0
20231114:0511,0.0,0.0,-8.08,1.38,0.0
20231114:0611,0.0,0.0,-8.75,1.38,0.0
20231114:0711,0.0,0.0,-7.84,1.24,0.0
20231114:0811,2.67,2.43,-8.14,1.31,0.0
20231114:0911,9.79,6.64,-8.1,1.31,0.0
20231114:1011,18.68,9.33,-7.71,1.24,0.0
20231114:1111,18.68,10.32,-7.43,1.17,0.0
20231114:1211,11.57,9.5,-7.28,1.17,0.0
20231114:1311,8.01,6.96,-7.1,1.1,0.0
20231114:1411,2.67,2.88,-7.6,1.1,0.0
20231114:1511,0.0,0.0,-8.66,1.24,0.0
20231114:1611,0.0,0.0,-9.77,1.31,0.0
20231114:1711,0.0,0.0,-10.2,1.31,0.0
20231114:1811,0.0,0.0,-11.84,1.45,0.0
20231114:1911,0.0,0.0,-12.12,1.45,0.0
20231114:2011,0.0,0.0,-12.41,1.45,0.0
20231114:2111,0.0,0.0,-12.56,1.38,0.0
20231114:2211,0.0,0.0,-12.79,1.38,0.0
20231114:2311,0.0,0.0,-12.75,1.38,0.0
20231115:0011,0.0,0.0,-12.5,1.31,0.0
20231115:0111,0.0,0.0,-12.67,1.31,0.0
20231115:0211,0.0,0.0,-12.87,1.24,0.0
20231115:0311,0.0,0.0,-12.18,1.17,0.0
20231115:0411,0.0,0.0,-11.86,1.1,0.0
20231115:0511,0.0,0.0,-11.62,1.1,0.0
20231115:0611,0.0,0.0,-11.04,1.1,0.0
20231115:0711,0.0,0.0,-10.62,1.17,0.0
20231115:0811,3.56,2.17,-11.35,1.17,0.0
20231115:0911,40.04,6.37,-10.96,1.03,0.0
20231115:1011,20.46,9.07,-9.47,0.83,0.0
20231115:1111,56.05,10.06,-8.38,0.69,0.0
20231115:1211,48.93,9.25,-7.57,0.55,0.0
20231115:1311,24.91,6.71,-7.66,0.62,0.0
20231115:1411,4.45,2.65,-8.24,0.76,0.0
20231115:1511,0.0,0.0,-9.07,0.97,0.0
20231115:1611,0.0,0.0,-9.72,1.1,0.0
20231115:1711,0.0,0.0,-10.25,1.17,0.0
20231115:1811,0.0,0.0,-10.68,1.24,0.0
20231115:1911,0.0,0.0,-10.16,1.31,0.0
20231115:2011,0.0,0.0,-11.06,1.31,0.0
20231115:2111,0.0,0.0,-11.89,1.38,0.0
20231115:2211,0.0,0.0,-13.02,1.52,0.0
20231115:2311,0.0,0.0,-13.42,1.52,0.0
20231116:0011,0.0,0.0,-13.85,1.59,0.0
20231116:0111,0.0,0.0,-13.86,1.59,0.0
20231116:0211,0.0,0.0,-13.84,1.59,0.0
20231116:0311,0.0,0.0,-14.42,1.66,0.0
20231116:0411,0.0,0.0,-14.98,1.66,0.0
20231116:0511,0.0,0.0,-15.08,1.66,0.0
20231116:0611,0.0,0.0,-14.99,1.59,0.0
20231116:0711,0.0,0.0,-14.47,1.66,0.0
20231116:0811,1.78,1.92,-14.44,1.59,0.0
20231116:0911,6.23,6.12,-13.68,1.45,0.0
20231116:1011,17.79,8.81,-12.02,1.31,0.0
20231116:1111,16.9,9.8,-10.46,1.24,0.0
20231116:1211,11.57,9.0,-9.95,1.24,0.0
20231116:1311,7.12,6.48,-9.09,1.1,0.0
20231116:1411,1.78,2.42,-9.5,1.03,0.0
20231116:1511,0.0,0.0,-9.92,1.1,0.0
20231116:1611,0.0,0.0,-10.43,1.17,0.0
20231116:1711,0.0,0.0,-10.77,1.24,0.0
20231116:1811,0.0,0.0,-10.81,1.24,0.0
20231116:1911,0.0,0.0,-9.6,1.1,0.0
20231116:2011,0.0,0.0,-9.54,1.03,0.0
20231116:2111,0.0,0.0,-10.01,1.1,0.0
20231116:2211,0.0,0.0,-10.62,1.24,0.0
20231116:2311,0.0,0.0,-11.26,1.38,0.0
20231117:0011,0.0,0.0,-12.23,1.45,0.0
20231117:0111,0.0,0.0,-13.04,1.45,0.0
20231117:0211,0.0,0.0,-14.05,1.59,0.0
20231117:0311,0.0,0.0,-14.97,1.59,0.0
20231117:0411,0.0,0.0,-15.55,1.59,0.0
20231117:0511,0.0,0.0,-16.0,1.66,0.0
20231117:0611,0.0,0.0,-16.18,1.72,0.0
20231117:0711,0.0,0.0,-17.14,1.72,0.0
20231117:0811,4.45,1.67,-17.48,1.79,0.0
20231117:0911,37.37,5.86,-17.13,1.66,0.0
20231117:1011,46.26,8.56,-16.68,1.59,0.0
20231117:1111,52.49,9.55,-15.9,1.52,0.0
20231117:1211,28.47,8.76,-15.47,1.52,0.0
20231117:1311,22.24,6.25,-15.19,1.59,0.0
20231117:1411,7.12,2.21,-15.6,1.66,0.0
20231117:1511,0.0,0.0,-16.53,1.72,0.0
20231117:1611,0.0,0.0,-17.77,1.79,0.0
20231117:1711,0.0,0.0,-18.91,1.79,0.0
20231117:1811,0.0,0.0,-19.73,1.79,0.0
20231117:1911,0.0,0.0,-17.4,1.72,0.0
20231117:2011,0.0,0.0,-17.14,1.72,0.0
20231117:2111,0.0,0.0,-17.91,1.79,0.0
20231117:2211,0.0,0.0,-17.85,1.79,0.0
20231117:2311,0.0,0.0,-17.26,1.72,0.0
20231118:0011,0.0,0.0,-16.14,1.66,0.0
20231118:0111,0.0,0.0,-15.58,1.72,0.0
20231118:0211,0.0,0.0,-15.08,1.66,0.0
20231118:0311,0.0,0.0,-15.29,1.72,0.0
20231118:0411,0.0,0.0,-15.18,1.72,0.0
20231118:0511,0.0,0.0,-14.77,1.72,0.0
20231118:0611,0.0,0.0,-14.62,1.72,0.0
20231118:0711,0.0,0.0,-17.69,1.86,0.0
20231118:0811,0.89,1.42,-18.05,1.86,0.0
20231118:0911,33.81,5.62,-16.84,1.79,0.0
20231118:1011,48.04,8.31,-15.39,1.72,0.0
20231118:1111,10.68,9.31,-13.92,1.66,0.0
20231118:1211,9.79,8.53,-12.77,1.66,0.0
20231118:1311,35.59,6.03,-11.94,1.66,0.0
20231118:1411,1.78,2.0,-11.92,1.66,0.0
20231118:1511,0.0,0.0,-12.21,1.72,0.0
20231118:1611,0.0,0.0,-12.76,1.79,0.0
20231118:1711,0.0,0.0,-13.21,1.79,0.0
20231118:1811,0.0,0.0,-13.35,1.79,0.0
20231118:1911,0.0,0.0,-14.39,1.86,0.0
20231118:2011,0.0,0.0,-14.02,1.86,0.0
20231118:2111,0.0,0.0,-13.63,1.86,0.0
20231118:2211,0.0,0.0,-12.85,1.79,0.0
20231118:2311,0.0,0.0,-12.15,1.72,0.0
20231119:0011,0.0,0.0,-11.63,1.72,0.0
20231119:0111,0.0,0.0,-11.38,1.72,0.0
20231119:0211,0.0,0.0,-11.26,1.72,0.0
20231119:0311,0.0,0.0,-11.43,1.72,0.0
20231119:0411,0.0,0.0,-11.65,1.72,0.0
20231119:0511,0.0,0.0,-11.86,1.72,0.0
20231119:0611,0.0,0.0,-11.8,1.72,0.0
20231119:0711,0.0,0.0,-10.64,1.66,0.0
20231119:0811,0.0,0.0,-10.52,1.59,0.0
20231119:0911,5.34,5.37,-10.21,1.52,0.0
20231119:1011,8.9,8.07,-9.9,1.45,0.0
20231119:1111,52.49,9.07,-9.51,1.38,0.0
20231119:1211,9.79,8.3,-9.31,1.31,0.0
20231119:1311,6.23,5.81,-9.19,1.31,0.0
20231119:1411,0.89,1.79,-9.29,1.38,0.0
20231119:1511,0.0,0.0,-11.07,1.52,0.0
20231119:1611,0.0,0.0,-13.41,1.66,0.0
20231119:1711,0.0,0.0,-13.94,1.79,0.0
20231119:1811,0.0,0.0,-14.6,1.79,0.0
20231119:1911,0.0,0.0,-9.03,1.31,0.0
20231119:2011,0.0,0.0,-9.79,1.31,0.0
20231119:2111,0.0,0.0,-9.7,1.38,0.0
20231119:2211,0.0,0.0,-9.85,1.38,0.0
20231119:2311,0.0,0.0,-10.18,1.45,0.0
20231120:0011,0.0,0.0,-10.77,1.52,0.0
20231120:0111,0.0,0.0,-12.24,1.59,0.0
20231120:0211,0.0,0.0,-13.07,1.66,0.0
20231120:0311,0.0,0.0,-13.8,1.72,0.0
20231120:0411,0.0,0.0,-13.99,1.66,0.0
20231120:0511,0.0,0.0,-14.16,1.66,0.0
20231120:0611,0.0,0.0,-13.69,1.66,0.0
20231120:0711,0.0,0.0,-13.24,1.59,0.0
20231120:0811,0.0,0.0,-13.32,1.66,0.0
20231120:0911,11.57,5.13,-13.22,1.59,0.0
20231120:1011,13.35,7.83,-13.19,1.59,0.0
20231120:1111,10.68,8.84,-12.16,1.52,0.0
20231120:1211,8.9,8.08,-11.43,1.52,0.0
20231120:1311,22.24,5.6,-11.46,1.59,0.0
20231120:1411,0.89,1.59,-11.83,1.59,0.0
20231120:1511,0.0,0.0,-12.36,1.59,0.0
20231120:1611,0.0,0.0,-12.91,1.59,0.0
20231120:1711,0.0,0.0,-13.31,1.59,0.0
20231120:1811,0.0,0.0,-13.29,1.59,0.0
20231120:1911,0.0,0.0,-11.82,1.45,0.0
20231120:2011,0.0,0.0,-11.9,1.45,0.0
20231120:2111,0.0,0.0,-12.67,1.59,0.0
20231120:2211,0.0,0.0,-13.4,1.59,0.0
20231120:2311,0.0,0.0,-13.78,1.66,0.0
20231121:0011,0.0,0.0,-14.09,1.66,0.0
20231121:0111,0.0,0.0,-14.37,1.66,0.0
20231121:0211,0.0,0.0,-15.22,1.72,0.0
20231121:0311,0.0,0.0,-15.92,1.86,0.0
20231121:0411,0.0,0.0,-16.57,1.86,0.0
20231121:0511,0.0,0.0,-16.77,1.86,0.0
20231121:0611,0.0,0.0,-17.37,1.86,0.0
20231121:0711,0.0,0.0,-18.06,1.86,0.0
20231121:0811,0.0,0.0,-19.42,1.93,0.0
20231121:0911,5.34,4.9,-19.62,1.79,0.0
20231121:1011,9.79,7.6,-18.99,1.72,0.0
20231121:1111,9.79,8.62,-17.24,1.59,0.0
20231121:1211,33.81,7.86,-15.22,1.38,0.0
20231121:1311,9.79,5.39,-12.61,1.17,0.0
20231121:1411,0.89,1.4,-11.7,1.03,0.0
20231121:1511,0.0,0.0,-11.66,1.03,0.0
20231121:1611,0.0,0.0,-11.69,0.97,0.0
20231121:1711,0.0,0.0,-11.37,0.9,0.0
20231121:1811,0.0,0.0,-11.4,1.03,0.0
20231121:1911,0.0,0.0,-12.44,1.1,0.0
20231121:2011,0.0,0.0,-11.73,1.03,0.0
20231121:2111,0.0,0.0,-11.11,1.03,0.0
20231121:2211,0.0,0.0,-10.87,0.97,0.0
20231121:2311,0.0,0.0,-10.46,0.83,0.0
20231122:0011,0.0,0.0,-9.54,0.83,0.0
20231122:0111,0.0,0.0,-8.96,0.9,0.0
20231122:0211,0.0,0.0,-8.18,0.76,0.0
20231122:0311,0.0,0.0,-7.41,0.76,0.0
20231122:0411,0.0,0.0,-6.71,0.9,0.0
20231122:0511,0.0,0.0,-6.34,1.03,0.0
20231122:0611,0.0,0.0,-5.95,1.1,0.0
20231122:0711,0.0,0.0,-5.34,1.1,0.0
20231122:0811,0.0,0.0,-4.99,1.17,0.0
20231122:0911,4.45,4.67,-4.42,1.17,0.0
20231122:1011,10.68,7.38,-3.87,1.17,0.0
20231122:1111,22.24,8.4,-3.3,1.1,0.0
20231122:1211,17.79,7.65,-4.14,1.59,0.0
20231122:1311,20.46,5.2,-3.98,1.59,0.0
20231122:1411,0.0,0.0,-3.98,1.59,0.0
20231122:1511,0.0,0.0,-4.65,1.86,0.0
20231122:1611,0.0,0.0,-5.36,2.28,0.0
20231122:1711,0.0,0.0,-5.15,1.79,0.0
20231122:1811,0.0,0.0,-5.27,1.79,0.0
20231122:1911,0.0,0.0,-4.75,1.93,0.0
20231122:2011,0.0,0.0,-4.49,1.72,0.0
20231122:2111,0.0,0.0,-4.36,1.72,0.0
20231122:2211,0.0,0.0,-4.62,1.93,0.0
20231122:2311,0.0,0.0,-4.74,2.21,0.0
20231123:0011,0.0,0.0,-4.64,2.34,0.0
20231123:0111,0.0,0.0,-4.77,2.28,0.0
20231123:0211,0.0,0.0,-5.07,2.28,0.0
20231123:0311,0.0,0.0,-5.4,2.28,0.0
20231123:0411,0.0,0.0,-5.43,2.41,0.0
20231123:0511,0.0,0.0,-5.62,2.48,0.0
20231123:0611,0.0,0.0,-6.14,2.34,0.0
20231123:0711,0.0,0.0,-6.14,2.14,0.0
20231123:0811,0.0,0.0,-6.51,1.86,0.0
20231123:0911,4.45,4.45,-6.42,1.45,0.0
20231123:1011,8.01,7.16,-6.65,1.45,0.0
20231123:1111,9.79,8.18,-6.78,1.72,0.0
20231123:1211,8.01,7.45,-6.79,1.45,0.0
20231123:1311,7.12,5.0,-6.81,1.31,0.0
20231123:1411,0.0,0.0,-6.56,1.24,0.0
20231123:1511,0.0,0.0,-6.74,1.38,0.0
20231123:1611,0.0,0.0,-7.27,1.52,0.0
20231123:1711,0.0,0.0,-8.27,1.93,0.0
20231123:1811,0.0,0.0,-8.44,2.34,0.0
20231123:1911,0.0,0.0,-8.09,1.66,0.0
20231123:2011,0.0,0.0,-8.4,1.59,0.0
20231123:2111,0.0,0.0,-8.98,1.66,0.0
20231123:2211,0.0,0.0,-9.2,1.66,0.0
20231123:2311,0.0,0.0,-9.3,1.45,0.0
20231124:0011,0.0,0.0,-9.43,1.24,0.0
20231124:0111,0.0,0.0,-9.29,1.1,0.0
20231124:0211,0.0,0.0,-9.0,0.97,0.0
20231124:0311,0.0,0.0,-8.73,0.69,0.0
20231124:0411,0.0,0.0,-8.72,0.55,0.0
20231124:0511,0.0,0.0,-8.7,0.83,0.0
20231124:0611,0.0,0.0,-9.42,1.17,0.0
20231124:0711,0.0,0.0,-9.06,1.31,0.0
20231124:0811,0.0,0.0,-8.77,1.38,0.0
20231124:0911,4.45,4.23,-8.37,1.38,0.0
20231124:1011,8.01,6.94,-7.79,1.31,0.0
20231124:1111,8.9,7.98,-7.52,1.17,0.0
20231124:1211,8.01,7.25,-7.65,1.24,0.0
20231124:1311,4.45,4.82,-7.92,1.24,0.0
20231124:1411,0.0,0.0,-7.88,1.17,0.0
20231124:1511,0.0,0.0,-8.03,1.1,0.0
20231124:1611,0.0,0.0,-8.16,0.9,0.0
20231124:1711,0.0,0.0,-8.4,0.97,0.0
20231124:1811,0.0,0.0,-8.44,0.97,0.0
20231124:1911,0.0,0.0,-8.0,0.69,0.0
20231124:2011,0.0,0.0,-7.84,0.83,0.0
20231124:2111,0.0,0.0,-7.83,0.97,0.0
20231124:2211,0.0,0.0,-8.19,1.1,0.0
20231124:2311,0.0,0.0,-8.35,1.24,0.0
20231125:0011,0.0,0.0,-8.17,1.31,0.0
20231125:0111,0.0,0.0,-8.04,1.24,0.0
20231125:0211,0.0,0.0,-8.01,1.17,0.0
20231125:0311,0.0,0.0,-8.01,1.1,0.0
20231125:0411,0.0,0.0,-8.08,0.97,0.0
20231125:0511,0.0,0.0,-8.17,0.97,0.0
20231125:0611,0.0,0.0,-7.88,0.97,0.0
20231125:0711,0.0,0.0,-7.16,1.03,0.0
20231125:0811,0.0,0.0,-6.84,0.97,0.0
20231125:0911,3.56,4.02,-6.48,0.9,0.0
20231125:1011,7.12,6.74,-6.89,0.83,0.0
20231125:1111,8.9,7.77,-6.59,0.83,0.0
20231125:1211,8.01,7.06,-6.21,0.9,0.0
20231125:1311,4.45,4.64,-5.87,0.97,0.0
20231125:1411,0.0,0.0,-5.87,0.97,0.0
20231125:1511,0.0,0.0,-6.15,0.9,0.0
20231125:1611,0.0,0.0,-6.77,0.83,0.0
20231125:1711,0.0,0.0,-8.33,0.83,0.0
20231125:1811,0.0,0.0,-8.84,0.9,0.0
20231125:1911,0.0,0.0,-7.91,0.83,0.0
20231125:2011,0.0,0.0,-7.67,0.69,0.0
20231125:2111,0.0,0.0,-7.56,0.69,0.0
20231125:2211,0.0,0.0,-7.52,0.69,0.0
20231125:2311,0.0,0.0,-7.57,0.55,0.0
20231126:0011,0.0,0.0,-7.53,0.55,0.0
20231126:0111,0.0,0.0,-7.44,0.55,0.0
20231126:0211,0.0,0.0,-7.49,0.41,0.0
20231126:0311,0.0,0.0,-7.69,0.41,0.0
20231126:0411,0.0,0.0,-7.9,0.48,0.0
20231126:0511,0.0,0.0,-7.95,0.55,0.0
20231126:0611,0.0,0.0,-8.15,0.69,0.0
20231126:0711,0.0,0.0,-6.61,0.34,0.0
20231126:0811,0.0,0.0,-6.72,0.48,0.0
20231126:0911,5.34,3.81,-6.88,0.62,0.0
20231126:1011,8.9,6.53,-6.98,0.76,0.0
20231126:1111,21.35,7.58,-7.25,0.83,0.0
20231126:1211,7.12,6.87,-8.35,1.1,0.0
20231126:1311,4.45,4.47,-9.14,1.31,0.0
20231126:1411,0.0,0.0,-9.68,1.38,0.0
20231126:1511,0.0,0.0,-10.23,1.52,0.0
20231126:1611,0.0,0.0,-10.91,1.66,0.0
20231126:1711,0.0,0.0,-12.79,1.79,0.0
20231126:1811,0.0,0.0,-13.07,1.79,0.0
20231126:1911,0.0,0.0,-11.11,1.66,0.0
20231126:2011,0.0,0.0,-10.98,1.59,0.0
20231126:2111,0.0,0.0,-10.97,1.52,0.0
20231126:2211,0.0,0.0,-11.04,1.52,0.0
20231126:2311,0.0,0.0,-11.47,1.52,0.0
20231127:0011,0.0,0.0,-12.13,1.52,0.0
20231127:0111,0.0,0.0,-12.73,1.59,0.0
20231127:0211,0.0,0.0,-13.92,1.72,0.0
20231127:0311,0.0,0.0,-14.45,1.72,0.0
20231127:0411,0.0,0.0,-15.24,1.79,0.0
20231127:0511,0.0,0.0,-15.94,1.79,0.0
20231127:0611,0.0,0.0,-16.44,1.79,0.0
20231127:0711,0.0,0.0,-16.8,1.86,0.0
20231127:0811,0.0,0.0,-16.84,1.86,0.0
20231127:0911,3.56,3.61,-16.79,1.86,0.0
20231127:1011,13.35,6.34,-16.79,1.86,0.0
20231127:1111,24.91,7.39,-16.89,1.86,0.0
20231127:1211,23.13,6.7,-16.82,1.79,0.0
20231127:1311,15.12,4.3,-17.39,1.79,0.0
20231127:1411,0.0,0.0,-17.79,1.86,0.0
20231127:1511,0.0,0.0,-18.54,1.93,0.0
20231127:1611,0.0,0.0,-18.95,1.93,0.0
20231127:1711,0.0,0.0,-19.32,2.0,0.0
20231127:1811,0.0,0.0,-19.71,2.0,0.0
20231127:1911,0.0,0.0,-18.84,1.86,0.0
20231127:2011,0.0,0.0,-19.2,1.93,0.0
20231127:2111,0.0,0.0,-19.63,1.93,0.0
20231127:2211,0.0,0.0,-20.05,1.93,0.0
20231127:2311,0.0,0.0,-20.09,1.79,0.0
20231128:0011,0.0,0.0,-20.08,1.79,0.0
20231128:0111,0.0,0.0,-20.14,1.79,0.0
20231128:0211,0.0,0.0,-20.04,1.72,0.0
20231128:0311,0.0,0.0,-19.82,1.66,0.0
20231128:0411,0.0,0.0,-20.22,1.72,0.0
20231128:0511,0.0,0.0,-20.89,1.79,0.0
20231128:0611,0.0,0.0,-21.56,1.79,0.0
20231128:0711,0.0,0.0,-21.66,1.79,0.0
20231128:0811,0.0,0.0,-22.16,1.79,0.0
20231128:0911,3.56,3.42,-22.71,1.79,0.0
20231128:1011,6.23,6.15,-22.57,1.79,0.0
20231128:1111,8.01,7.21,-22.11,1.72,0.0
20231128:1211,7.12,6.53,-21.23,1.66,0.0
20231128:1311,4.45,4.15,-20.01,1.59,0.0
20231128:1411,0.0,0.0,-19.53,1.59,0.0
20231128:1511,0.0,0.0,-18.56,1.59,0.0
20231128:1611,0.0,0.0,-19.93,1.72,0.0
20231128:1711,0.0,0.0,-19.31,1.72,0.0
20231128:1811,0.0,0.0,-18.9,1.79,0.0
20231128:1911,0.0,0.0,-16.94,1.86,0.0
20231128:2011,0.0,0.0,-16.1,1.86,0.0
20231128:2111,0.0,0.0,-15.23,1.86,0.0
20231128:2211,0.0,0.0,-14.54,1.79,0.0
20231128:2311,0.0,0.0,-14.42,1.79,0.0
20231129:0011,0.0,0.0,-14.19,1.72,0.0
20231129:0111,0.0,0.0,-13.96,1.66,0.0
20231129:0211,0.0,0.0,-13.82,1.59,0.0
20231129:0311,0.0,0.0,-14.44,1.59,0.0
20231129:0411,0.0,0.0,-15.09,1.59,0.0
20231129:0511,0.0,0.0,-15.98,1.66,0.0
20231129:0611,0.0,0.0,-16.1,1.72,0.0
20231129:0711,0.0,0.0,-16.15,1.86,0.0
20231129:0811,0.0,0.0,-16.12,1.86,0.0
20231129:0911,9.79,3.23,-16.06,1.79,0.0
20231129:1011,6.23,5.96,-15.65,1.72,0.0
20231129:1111,8.01,7.04,-15.79,1.79,0.0
20231129:1211,7.12,6.36,-15.59,1.72,0.0
20231129:1311,3.56,4.0,-15.15,1.72,0.0
20231129:1411,0.0,0.0,-14.57,1.66,0.0
20231129:1511,0.0,0.0,-15.36,1.66,0.0
20231129:1611,0.0,0.0,-15.59,1.72,0.0
20231129:1711,0.0,0.0,-15.45,1.72,0.0
20231129:1811,0.0,0.0,-16.2,1.72,0.0
20231129:1911,0.0,0.0,-14.61,1.66,0.0
20231129:2011,0.0,0.0,-15.15,1.72,0.0
20231129:2111,0.0,0.0,-16.19,1.72,0.0
20231129:2211,0.0,0.0,-18.46,1.79,0.0
20231129:2311,0.0,0.0,-20.24,1.86,0.0
20231130:0011,0.0,0.0,-20.93,1.79,0.0
20231130:0111,0.0,0.0,-20.97,1.79,0.0
20231130:0211,0.0,0.0,-21.97,1.79,0.0
20231130:0311,0.0,0.0,-22.23,1.79,0.0
20231130:0411,0.0,0.0,-22.61,1.86,0.0
20231130:0511,0.0,0.0,-23.08,1.86,0.0
20231130:0611,0.0,0.0,-22.72,1.86,0.0
20231130:0711,0.0,0.0,-22.42,1.79,0.0
20231130:0811,0.0,0.0,-22.08,1.86,0.0
20231130:0911,2.67,3.05,-22.22,1.86,0.0
20231130:1011,6.23,5.79,-21.65,1.86,0.0
20231130:1111,8.01,6.87,-21.65,1.93,0.0
20231130:1211,7.12,6.21,-21.72,1.86,0.0
20231130:1311,3.56,3.85,-21.59,1.86,0.0
20231130:1411,0.0,0.0,-21.95,1.93,0.0
20231130:1511,0.0,0.0,-22.24,1.93,0.0
20231130:1611,0.0,0.0,-22.57,1.93,0.0
20231130:1711,0.0,0.0,-22.71,1.93,0.0
20231130:1811,0.0,0.0,-22.94,1.86,0.0
20231130:1911,0.0,0.0,-22.31,1.86,0.0
20231130:2011,0.0,0.0,-22.63,1.86,0.0
20231130:2111,0.0,0.0,-22.53,1.79,0.0
20231130:2211,0.0,0.0,-22.64,1.79,0.0
20231130:2311,0.0,0.0,-22.75,1.79,0.0
20231201:0011,0.0,0.0,-23.38,1.79,0.0
20231201:0111,0.0,0.0,-23.39,1.86,0.0
20231201:0211,0.0,0.0,-23.2,1.86,0.0
20231201:0311,0.0,0.0,-23.43,1.86,0.0
20231201:0411,0.0,0.0,-24.11,1.86,0.0
20231201:0511,0.0,0.0,-24.91,1.86,0.0
20231201:0611,0.0,0.0,-25.54,1.93,0.0
20231201:0711,0.0,0.0,-24.62,1.93,0.0
20231201:0811,0.0,0.0,-25.14,1.93,0.0
20231201:0911,2.67,2.87,-25.36,1.86,0.0
20231201:1011,6.23,5.62,-24.84,1.86,0.0
20231201:1111,7.12,6.71,-24.26,1.79,0.0
20231201:1211,6.23,6.06,-23.79,1.72,0.0
20231201:1311,3.56,3.71,-23.67,1.72,0.0
20231201:1411,0.0,0.0,-23.95,1.72,0.0
20231201:1511,0.0,0.0,-23.98,1.72,0.0
20231201:1611,0.0,0.0,-23.24,1.72,0.0
20231201:1711,0.0,0.0,-22.28,1.59,0.0
20231201:1811,0.0,0.0,-21.47,1.52,0.0
20231201:1911,0.0,0.0,-14.77,1.03,0.0
20231201:2011,0.0,0.0,-14.32,0.97,0.0
20231201:2111,0.0,0.0,-14.07,0.9,0.0
20231201:2211,0.0,0.0,-13.8,0.9,0.0
20231201:2311,0.0,0.0,-13.79,0.9,0.0
20231202:0011,0.0,0.0,-13.7,0.9,0.0
20231202:0111,0.0,0.0,-13.55,0.9,0.0
20231202:0211,0.0,0.0,-13.38,0.9,0.0
20231202:0311,0.0,0.0,-13.19,0.9,0.0
20231202:0411,0.0,0.0,-13.06,0.9,0.0
20231202:0511,0.0,0.0,-13.07,0.9,0.0
20231202:0611,0.0,0.0,-12.96,0.9,0.0
20231202:0711,0.0,0.0,-12.81,0.97,0.0
20231202:0811,0.0,0.0,-12.86,1.03,0.0
20231202:0911,2.67,2.7,-13.1,1.03,0.0
20231202:1011,5.34,5.45,-13.24,1.1,0.0
20231202:1111,9.79,6.55,-13.74,1.1,0.0
20231202:1211,6.23,5.91,-13.65,1.1,0.0
20231202:1311,3.56,3.59,-13.6,1.1,0.0
20231202:1411,0.0,0.0,-13.63,1.1,0.0
20231202:1511,0.0,0.0,-13.74,1.17,0.0
20231202:1611,0.0,0.0,-13.85,1.17,0.0
20231202:1711,0.0,0.0,-14.1,1.17,0.0
20231202:1811,0.0,0.0,-14.35,1.24,0.0
20231202:1911,0.0,0.0,-14.87,1.38,0.0
20231202:2011,0.0,0.0,-15.09,1.38,0.0
20231202:2111,0.0,0.0,-15.41,1.45,0.0
20231202:2211,0.0,0.0,-16.26,1.52,0.0
20231202:2311,0.0,0.0,-16.6,1.52,0.0
20231203:0011,0.0,0.0,-16.6,1.52,0.0
20231203:0111,0.0,0.0,-16.92,1.52,0.0
20231203:0211,0.0,0.0,-17.68,1.59,0.0
20231203:0311,0.0,0.0,-18.33,1.59,0.0
20231203:0411,0.0,0.0,-19.02,1.59,0.0
20231203:0511,0.0,0.0,-21.21,1.72,0.0
20231203:0611,0.0,0.0,-22.32,1.79,0.0
20231203:0711,0.0,0.0,-21.92,1.79,0.0
20231203:0811,0.0,0.0,-22.38,1.79,0.0
20231203:0911,9.79,2.54,-22.76,1.79,0.0
20231203:1011,20.46,5.3,-22.4,1.72,0.0
20231203:1111,24.02,6.4,-22.01,1.66,0.0
20231203:1211,21.35,5.78,-21.66,1.66,0.0
20231203:1311,13.35,3.46,-21.9,1.66,0.0
20231203:1411,0.0,0.0,-22.18,1.66,0.0
20231203:1511,0.0,0.0,-22.41,1.72,0.0
20231203:1611,0.0,0.0,-22.54,1.72,0.0
20231203:1711,0.0,0.0,-22.84,1.79,0.0
20231203:1811,0.0,0.0,-23.09,1.79,0.0
20231203:1911,0.0,0.0,-22.21,1.79,0.0
20231203:2011,0.0,0.0,-22.01,1.79,0.0
20231203:2111,0.0,0.0,-22.09,1.79,0.0
20231203:2211,0.0,0.0,-22.07,1.79,0.0
20231203:2311,0.0,0.0,-22.8,1.79,0.0
20231204:0011,0.0,0.0,-23.02,1.79,0.0
20231204:0111,0.0,0.0,-23.2,1.79,0.0
20231204:0211,0.0,0.0,-23.55,1.86,0.0
20231204:0311,0.0,0.0,-23.59,1.86,0.0
20231204:0411,0.0,0.0,-23.7,1.86,0.0
20231204:0511,0.0,0.0,-23.94,1.86,0.0
20231204:0611,0.0,0.0,-23.92,1.86,0.0
20231204:0711,0.0,0.0,-23.5,1.86,0.0
20231204:0811,0.0,0.0,-24.04,1.93,0.0
20231204:0911,1.78,2.38,-23.93,1.86,0.0
20231204:1011,5.34,5.14,-23.44,1.86,0.0
20231204:1111,7.12,6.26,-22.97,1.86,0.0
20231204:1211,6.23,5.65,-22.8,1.86,0.0
20231204:1311,2.67,3.35,-22.96,1.86,0.0
20231204:1411,0.0,0.0,-23.26,1.86,0.0
20231204:1511,0.0,0.0,-23.63,1.93,0.0
20231204:1611,0.0,0.0,-23.78,1.93,0.0
20231204:1711,0.0,0.0,-23.92,1.93,0.0
20231204:1811,0.0,0.0,-24.08,1.93,0.0
20231204:1911,0.0,0.0,-23.96,1.93,0.0
20231204:2011,0.0,0.0,-23.87,1.86,0.0
20231204:2111,0.0,0.0,-23.96,1.93,0.0
20231204:2211,0.0,0.0,-23.81,1.86,0.0
20231204:2311,0.0,0.0,-23.91,1.86,0.0
20231205:0011,0.0,0.0,-23.99,1.86,0.0
20231205:0111,0.0,0.0,-24.22,1.86,0.0
20231205:0211,0.0,0.0,-24.13,1.86,0.0
20231205:0311,0.0,0.0,-24.25,1.86,0.0
20231205:0411,0.0,0.0,-24.55,1.93,0.0
20231205:0511,0.0,0.0,-24.48,1.93,0.0
20231205:0611,0.0,0.0,-24.6,1.93,0.0
20231205:0711,0.0,0.0,-24.46,2.0,0.0
20231205:0811,0.0,0.0,-24.54,2.0,0.0
20231205:0911,1.78,2.23,-24.5,2.0,0.0
20231205:1011,5.34,5.0,-23.69,1.93,0.0
20231205:1111,7.12,6.13,-22.25,1.79,0.0
20231205:1211,6.23,5.53,-20.66,1.72,0.0
20231205:1311,2.67,3.24,-19.49,1.66,0.0
20231205:1411,0.0,0.0,-18.59,1.59,0.0
20231205:1511,0.0,0.0,-18.4,1.59,0.0
20231205:1611,0.0,0.0,-18.46,1.59,0.0
20231205:1711,0.0,0.0,-18.18,1.59,0.0
20231205:1811,0.0,0.0,-18.23,1.66,0.0
20231205:1911,0.0,0.0,-20.82,1.72,0.0
20231205:2011,0.0,0.0,-20.14,1.66,0.0
20231205:2111,0.0,0.0,-19.31,1.66,0.0
20231205:2211,0.0,0.0,-18.48,1.59,0.0
20231205:2311,0.0,0.0,-18.44,1.52,0.0
20231206:0011,0.0,0.0,-18.41,1.52,0.0
20231206:0111,0.0,0.0,-18.28,1.52,0.0
20231206:0211,0.0,0.0,-18.38,1.52,0.0
20231206:0311,0.0,0.0,-18.53,1.52,0.0
20231206:0411,0.0,0.0,-18.71,1.52,0.0
20231206:0511,0.0,0.0,-18.55,1.52,0.0
20231206:0611,0.0,0.0,-18.78,1.52,0.0
20231206:0711,0.0,0.0,-21.08,1.72,0.0
20231206:0811,0.0,0.0,-20.71,1.66,0.0
20231206:0911,5.34,2.08,-19.72,1.66,0.0
20231206:1011,10.68,4.86,-19.15,1.59,0.0
20231206:1111,6.23,6.0,-18.86,1.52,0.0
20231206:1211,5.34,5.41,-18.8,1.52,0.0
20231206:1311,2.67,3.14,-18.61,1.52,0.0
20231206:1411,0.0,0.0,-18.53,1.52,0.0
20231206:1511,0.0,0.0,-18.14,1.52,0.0
20231206:1611,0.0,0.0,-17.87,1.52,0.0
20231206:1711,0.0,0.0,-17.68,1.52,0.0
20231206:1811,0.0,0.0,-17.13,1.52,0.0
20231206:1911,0.0,0.0,-16.71,1.52,0.0
20231206:2011,0.0,0.0,-16.23,1.52,0.0
20231206:2111,0.0,0.0,-15.86,1.52,0.0
20231206:2211,0.0,0.0,-15.41,1.45,0.0
20231206:2311,0.0,0.0,-15.14,1.45,0.0
20231207:0011,0.0,0.0,-14.91,1.38,0.0
20231207:0111,0.0,0.0,-15.0,1.38,0.0
20231207:0211,0.0,0.0,-15.08,1.45,0.0
20231207:0311,0.0,0.0,-15.04,1.45,0.0
20231207:0411,0.0,0.0,-14.95,1.45,0.0
20231207:0511,0.0,0.0,-15.01,1.45,0.0
20231207:0611,0.0,0.0,-15.03,1.52,0.0
20231207:0711,0.0,0.0,-14.93,1.52,0.0
20231207:0811,0.0,0.0,-15.13,1.52,0.0
20231207:0911,1.78,1.94,-15.16,1.52,0.0
20231207:1011,4.45,4.73,-15.33,1.59,0.0
20231207:1111,6.23,5.88,-15.48,1.59,0.0
20231207:1211,5.34,5.31,-16.28,1.66,0.0
20231207:1311,2.67,3.05,-15.98,1.66,0.0
20231207:1411,0.0,0.0,-16.12,1.72,0.0
20231207:1511,0.0,0.0,-17.94,1.79,0.0
20231207:1611,0.0,0.0,-19.11,1.93,0.0
20231207:1711,0.0,0.0,-20.31,2.14,0.0
20231207:1811,0.0,0.0,-21.17,2.21,0.0
20231207:1911,0.0,0.0,-20.01,2.0,0.0
20231207:2011,0.0,0.0,-19.89,2.07,0.0
20231207:2111,0.0,0.0,-20.04,2.07,0.0
20231207:2211,0.0,0.0,-20.53,2.14,0.0
20231207:2311,0.0,0.0,-20.91,2.14,0.0
20231208:0011,0.0,0.0,-21.37,2.14,0.0
20231208:0111,0.0,0.0,-21.73,2.21,0.0
20231208:0211,0.0,0.0,-22.14,2.21,0.0
20231208:0311,0.0,0.0,-22.22,2.21,0.0
20231208:0411,0.0,0.0,-22.04,2.21,0.0
20231208:0511,0.0,0.0,-22.08,2.21,0.0
20231208:0611,0.0,0.0,-22.03,2.21,0.0
20231208:0711,0.0,0.0,-21.11,2.07,0.0
20231208:0811,0.0,0.0,-21.02,2.14,0.0
20231208:0911,1.78,1.81,-21.0,2.07,0.0
20231208:1011,4.45,4.61,-20.33,2.07,0.0
20231208:1111,11.57,5.77,-19.7,2.0,0.0
20231208:1211,19.57,5.21,-18.7,1.93,0.0
20231208:1311,2.67,2.96,-17.97,1.86,0.0
20231208:1411,0.0,0.0,-17.37,1.86,0.0
20231208:1511,0.0,0.0,-16.46,1.79,0.0
20231208:1611,0.0,0.0,-15.56,1.79,0.0
20231208:1711,0.0,0.0,-14.77,1.72,0.0
20231208:1811,0.0,0.0,-14.28,1.72,0.0
20231208:1911,0.0,0.0,-14.69,1.72,0.0
20231208:2011,0.0,0.0,-13.94,1.66,0.0
20231208:2111,0.0,0.0,-13.04,1.66,0.0
20231208:2211,0.0,0.0,-12.42,1.59,0.0
20231208:2311,0.0,0.0,-12.09,1.59,0.0
20231209:0011,0.0,0.0,-11.66,1.59,0.0
20231209:0111,0.0,0.0,-11.72,1.59,0.0
20231209:0211,0.0,0.0,-11.48,1.59,0.0
20231209:0311,0.0,0.0,-11.36,1.59,0.0
20231209:0411,0.0,0.0,-11.28,1.59,0.0
20231209:0511,0.0,0.0,-11.16,1.59,0.0
20231209:0611,0.0,0.0,-11.04,1.66,0.0
20231209:0711,0.0,0.0,-10.19,1.72,0.0
20231209:0811,0.0,0.0,-9.97,1.66,0.0
20231209:0911,0.89,1.69,-9.89,1.66,0.0
20231209:1011,26.69,4.5,-10.04,1.72,0.0
20231209:1111,27.58,5.67,-9.87,1.66,0.0
20231209:1211,19.57,5.11,-10.22,1.66,0.0
20231209:1311,6.23,2.88,-10.02,1.66,0.0
20231209:1411,0.0,0.0,-9.81,1.66,0.0
20231209:1511,0.0,0.0,-9.65,1.66,0.0
20231209:1611,0.0,0.0,-9.59,1.66,0.0
20231209:1711,0.0,0.0,-9.56,1.66,0.0
20231209:1811,0.0,0.0,-9.38,1.59,0.0
20231209:1911,0.0,0.0,-8.88,1.66,0.0
20231209:2011,0.0,0.0,-8.27,1.52,0.0
20231209:2111,0.0,0.0,-8.03,1.52,0.0
20231209:2211,0.0,0.0,-7.72,1.45,0.0
20231209:2311,0.0,0.0,-7.76,1.45,0.0
20231210:0011,0.0,0.0,-7.76,1.45,0.0
20231210:0111,0.0,0.0,-7.5,1.45,0.0
20231210:0211,0.0,0.0,-7.51,1.38,0.0
20231210:0311,0.0,0.0,-7.52,1.38,0.0
20231210:0411,0.0,0.0,-7.58,1.38,0.0
20231210:0511,0.0,0.0,-7.69,1.38,0.0
20231210:0611,0.0,0.0,-7.9,1.38,0.0
20231210:0711,0.0,0.0,-7.26,1.31,0.0
20231210:0811,0.0,0.0,-7.18,1.24,0.0
20231210:0911,0.89,1.57,-7.16,1.24,0.0
20231210:1011,4.45,4.39,-7.29,1.24,0.0
20231210:1111,5.34,5.57,-7.44,1.24,0.0
20231210:1211,5.34,5.03,-7.68,1.31,0.0
20231210:1311,2.67,2.81,-7.8,1.31,0.0
20231210:1411,0.0,0.0,-7.97,1.38,0.0
20231210:1511,0.0,0.0,-8.12,1.38,0.0
20231210:1611,0.0,0.0,-8.29,1.38,0.0
20231210:1711,0.0,0.0,-8.68,1.45,0.0
20231210:1811,0.0,0.0,-9.08,1.52,0.0
20231210:1911,0.0,0.0,-9.73,1.59,0.0
20231210:2011,0.0,0.0,-9.76,1.59,0.0
20231210:2111,0.0,0.0,-9.91,1.66,0.0
20231210:2211,0.0,0.0,-10.14,1.66,0.0
20231210:2311,0.0,0.0,-10.43,1.66,0.0
20231211:0011,0.0,0.0,-10.7,1.66,0.0
20231211:0111,0.0,0.0,-10.69,1.66,0.0
20231211:0211,0.0,0.0,-11.08,1.66,0.0
20231211:0311,0.0,0.0,-11.58,1.66,0.0
20231211:0411,0.0,0.0,-11.81,1.66,0.0
20231211:0511,0.0,0.0,-11.96,1.66,0.0
20231211:0611,0.0,0.0,-13.53,1.72,0.0
20231211:0711,0.0,0.0,-11.11,1.66,0.0
20231211:0811,0.0,0.0,-11.88,1.66,0.0
20231211:0911,0.89,1.46,-12.97,1.72,0.0
20231211:1011,4.45,4.29,-13.97,1.72,0.0
20231211:1111,5.34,5.48,-15.86,1.72,0.0
20231211:1211,5.34,4.95,-17.54,1.79,0.0
20231211:1311,2.67,2.75,-18.38,1.79,0.0
20231211:1411,0.0,0.0,-19.13,1.86,0.0
20231211:1511,0.0,0.0,-19.64,1.86,0.0
20231211:1611,0.0,0.0,-19.86,1.86,0.0
20231211:1711,0.0,0.0,-20.17,1.86,0.0
20231211:1811,0.0,0.0,-20.22,1.86,0.0
20231211:1911,0.0,0.0,-16.81,1.79,0.0
20231211:2011,0.0,0.0,-16.74,1.72,0.0
20231211:2111,0.0,0.0,-16.43,1.66,0.0
20231211:2211,0.0,0.0,-16.53,1.66,0.0
20231211:2311,0.0,0.0,-16.35,1.59,0.0
20231212:0011,0.0,0.0,-16.45,1.59,0.0
20231212:0111,0.0,0.0,-16.48,1.59,0.0
20231212:0211,0.0,0.0,-16.72,1.59,0.0
20231212:0311,0.0,0.0,-17.26,1.59,0.0
20231212:0411,0.0,0.0,-17.14,1.59,0.0
20231212:0511,0.0,0.0,-17.49,1.59,0.0
20231212:0611,0.0,0.0,-17.55,1.59,0.0
20231212:0711,0.0,0.0,-16.66,1.59,0.0
20231212:0811,0.0,0.0,-17.07,1.59,0.0
20231212:0911,0.89,1.36,-16.84,1.59,0.0
20231212:1011,4.45,4.19,-16.15,1.52,0.0
20231212:1111,5.34,5.4,-15.77,1.52,0.0
20231212:1211,5.34,4.88,-15.5,1.52,0.0
20231212:1311,1.78,2.69,-15.61,1.52,0.0
20231212:1411,0.0,0.0,-15.86,1.52,0.0
20231212:1511,0.0,0.0,-15.99,1.59,0.0
20231212:1611,0.0,0.0,-16.35,1.66,0.0
20231212:1711,0.0,0.0,-16.68,1.66,0.0
20231212:1811,0.0,0.0,-17.08,1.72,0.0
20231212:1911,0.0,0.0,-17.41,1.72,0.0
20231212:2011,0.0,0.0,-17.29,1.72,0.0
20231212:2111,0.0,0.0,-17.33,1.72,0.0
20231212:2211,0.0,0.0,-17.54,1.72,0.0
20231212:2311,0.0,0.0,-17.32,1.66,0.0
20231213:0011,0.0,0.0,-17.6,1.66,0.0
20231213:0111,0.0,0.0,-17.76,1.72,0.0
20231213:0211,0.0,0.0,-17.73,1.66,0.0
20231213:0311,0.0,0.0,-17.94,1.66,0.0
20231213:0411,0.0,0.0,-17.83,1.66,0.0
20231213:0511,0.0,0.0,-17.96,1.72,0.0
20231213:0611,0.0,0.0,-18.1,1.72,0.0
20231213:0711,0.0,0.0,-17.79,1.72,0.0
20231213:0811,0.0,0.0,-17.82,1.72,0.0
20231213:0911,0.0,0.0,-17.8,1.66,0.0
20231213:1011,3.56,4.11,-17.41,1.59,0.0
20231213:1111,5.34,5.32,-16.91,1.52,0.0
20231213:1211,4.45,4.82,-16.7,1.45,0.0
20231213:1311,1.78,2.64,-16.49,1.45,0.0
20231213:1411,0.0,0.0,-16.94,1.52,0.0
20231213:1511,0.0,0.0,-17.21,1.52,0.0
20231213:1611,0.0,0.0,-17.62,1.52,0.0
20231213:1711,0.0,0.0,-17.2,1.52,0.0
20231213:1811,0.0,0.0,-17.08,1.52,0.0
20231213:1911,0.0,0.0,-17.27,1.52,0.0
20231213:2011,0.0,0.0,-16.42,1.45,0.0
20231213:2111,0.0,0.0,-16.05,1.45,0.0
20231213:2211,0.0,0.0,-14.97,1.38,0.0
20231213:2311,0.0,0.0,-14.3,1.38,0.0
20231214:0011,0.0,0.0,-13.19,1.24,0.0
20231214:0111,0.0,0.0,-12.46,1.24,0.0
20231214:0211,0.0,0.0,-12.31,1.17,0.0
20231214:0311,0.0,0.0,-11.97,1.17,0.0
20231214:0411,0.0,0.0,-11.6,1.17,0.0
20231214:0511,0.0,0.0,-11.22,1.1,0.0
20231214:0611,0.0,0.0,-11.0,1.1,0.0
20231214:0711,0.0,0.0,-10.33,1.17,0.0
20231214:0811,0.0,0.0,-9.95,1.03,0.0
20231214:0911,0.0,0.0,-9.88,0.97,0.0
20231214:1011,3.56,4.03,-9.83,0.97,0.0
20231214:1111,9.79,5.26,-9.85,0.9,0.0
20231214:1211,4.45,4.77,-9.59,0.76,0.0
20231214:1311,1.78,2.6,-9.51,0.76,0.0
20231214:1411,0.0,0.0,-9.34,0.76,0.0
20231214:1511,0.0,0.0,-9.12,0.76,0.0
20231214:1611,0.0,0.0,-8.83,0.76,0.0
20231214:1711,0.0,0.0,-8.54,0.69,0.0
20231214:1811,0.0,0.0,-8.32,0.69,0.0
20231214:1911,0.0,0.0,-7.83,0.83,0.0
20231214:2011,0.0,0.0,-7.53,0.76,0.0
20231214:2111,0.0,0.0,-7.18,0.69,0.0
20231214:2211,0.0,0.0,-6.96,0.76,0.0
20231214:2311,0.0,0.0,-6.74,0.76,0.0
20231215:0011,0.0,0.0,-6.47,0.62,0.0
20231215:0111,0.0,0.0,-6.24,0.41,0.0
20231215:0211,0.0,0.0,-6.1,0.34,0.0
20231215:0311,0.0,0.0,-5.9,0.48,0.0
20231215:0411,0.0,0.0,-5.66,0.41,0.0
20231215:0511,0.0,0.0,-5.67,0.41,0.0
20231215:0611,0.0,0.0,-5.65,0.34,0.0
20231215:0711,0.0,0.0,-4.58,0.41,0.0
20231215:0811,0.0,0.0,-4.85,0.48,0.0
20231215:0911,0.0,0.0,-4.69,0.48,0.0
20231215:1011,3.56,3.95,-4.56,0.48,0.0
20231215:1111,5.34,5.2,-4.38,0.41,0.0
20231215:1211,4.45,4.72,-4.03,0.48,0.0
20231215:1311,1.78,2.57,-3.71,0.69,0.0
20231215:1411,0.0,0.0,-3.81,0.62,0.0
20231215:1511,0.0,0.0,-4.12,0.41,0.0
20231215:1611,0.0,0.0,-4.17,0.21,0.0
20231215:1711,0.0,0.0,-3.88,0.34,0.0
20231215:1811,0.0,0.0,-3.49,0.55,0.0
20231215:1911,0.0,0.0,-2.79,0.83,0.0
20231215:2011,0.0,0.0,-2.49,0.83,0.0
20231215:2111,0.0,0.0,-2.3,0.97,0.0
20231215:2211,0.0,0.0,-2.19,1.1,0.0
20231215:2311,0.0,0.0,-2.0,1.1,0.0
20231216:0011,0.0,0.0,-1.85,1.17,0.0
20231216:0111,0.0,0.0,-1.62,1.1,0.0
20231216:0211,0.0,0.0,-1.5,1.03,0.0
20231216:0311,0.0,0.0,-1.38,1.17,0.0
20231216:0411,0.0,0.0,-1.85,1.38,0.0
20231216:0511,0.0,0.0,-2.06,1.45,0.0
20231216:0611,0.0,0.0,-2.02,1.52,0.0
20231216:0711,0.0,0.0,-1.21,1.24,0.0
20231216:0811,0.0,0.0,-1.68,1.45,0.0
20231216:0911,0.0,0.0,-1.39,1.45,0.0
20231216:1011,3.56,3.89,-1.53,1.66,0.0
20231216:1111,5.34,5.14,-1.42,1.72,0.0
20231216:1211,5.34,4.68,-1.36,1.86,0.0
20231216:1311,2.67,2.54,-0.88,2.55,0.0
20231216:1411,0.0,0.0,-0.53,2.69,0.0
20231216:1511,0.0,0.0,-0.46,2.41,0.0
20231216:1611,0.0,0.0,-0.61,2.21,0.0
20231216:1711,0.0,0.0,-0.72,2.07,0.0
20231216:1811,0.0,0.0,-1.16,2.28,0.0
20231216:1911,0.0,0.0,-1.92,1.86,0.0
20231216:2011,0.0,0.0,-2.88,2.07,0.0
20231216:2111,0.0,0.0,-3.23,1.79,0.0
20231216:2211,0.0,0.0,-3.84,2.14,0.0
20231216:2311,0.0,0.0,-4.16,2.21,0.0
20231217:0011,0.0,0.0,-4.28,2.0,0.0
20231217:0111,0.0,0.0,-4.47,1.86,0.0
20231217:0211,0.0,0.0,-4.22,1.59,0.0
20231217:0311,0.0,0.0,-3.46,1.31,0.0
20231217:0411,0.0,0.0,-3.1,0.9,0.0
20231217:0511,0.0,0.0,-3.11,0.9,0.0
20231217:0611,0.0,0.0,-3.01,0.76,0.0
20231217:0711,0.0,0.0,-2.65,0.69,0.0
20231217:0811,0.0,0.0,-2.32,0.69,0.0
20231217:0911,0.0,0.0,-1.8,0.69,0.0
20231217:1011,3.56,3.83,-1.46,0.69,0.0
20231217:1111,5.34,5.1,-1.84,1.17,0.0
20231217:1211,8.9,4.65,-1.63,1.1,0.0
20231217:1311,1.78,2.53,-1.75,1.52,0.0
20231217:1411,0.0,0.0,-1.5,1.31,0.0
20231217:1511,0.0,0.0,-1.22,1.1,0.0
20231217:1611,0.0,0.0,-1.01,1.03,0.0
20231217:1711,0.0,0.0,-0.99,1.03,0.0
20231217:1811,0.0,0.0,-0.86,1.1,0.0
20231217:1911,0.0,0.0,-0.34,1.03,0.0
20231217:2011,0.0,0.0,-0.15,0.97,0.0
20231217:2111,0.0,0.0,-0.04,0.97,0.0
20231217:2211,0.0,0.0,-0.1,1.1,0.0
20231217:2311,0.0,0.0,0.02,1.17,0.0
20231218:0011,0.0,0.0,0.05,1.45,0.0
20231218:0111,0.0,0.0,0.13,1.72,0.0
20231218:0211,0.0,0.0,0.51,2.0,0.0
20231218:0311,0.0,0.0,0.66,2.07,0.0
20231218:0411,0.0,0.0,0.41,1.72,0.0
20231218:0511,0.0,0.0,0.05,2.0,0.0
20231218:0611,0.0,0.0,-0.78,1.86,0.0
20231218:0711,0.0,0.0,0.23,2.0,0.0
20231218:0811,0.0,0.0,0.23,2.07,0.0
20231218:0911,0.0,0.0,0.06,1.93,0.0
20231218:1011,3.56,3.78,-0.5,1.59,0.0
20231218:1111,5.34,5.06,-0.33,1.24,0.0
20231218:1211,21.35,4.63,-0.55,1.38,0.0
20231218:1311,1.78,2.52,-0.79,1.66,0.0
20231218:1411,0.0,0.0,-1.72,1.52,0.0
20231218:1511,0.0,0.0,-1.98,1.52,0.0
20231218:1611,0.0,0.0,-2.11,1.52,0.0
20231218:1711,0.0,0.0,-2.38,1.38,0.0
20231218:1811,0.0,0.0,-1.88,1.52,0.0
20231218:1911,0.0,0.0,-1.43,1.24,0.0
20231218:2011,0.0,0.0,-1.15,1.66,0.0
20231218:2111,0.0,0.0,-1.11,1.66,0.0
20231218:2211,0.0,0.0,-1.42,2.48,0.0
20231218:2311,0.0,0.0,-2.0,3.17,0.0
20231219:0011,0.0,0.0,-3.18,3.93,0.0
20231219:0111,0.0,0.0,-3.85,3.17,0.0
20231219:0211,0.0,0.0,-3.47,3.1,0.0
20231219:0311,0.0,0.0,-3.83,3.17,0.0
20231219:0411,0.0,0.0,-4.18,2.9,0.0
20231219:0511,0.0,0.0,-4.68,2.55,0.0
20231219:0611,0.0,0.0,-5.22,2.0,0.0
20231219:0711,0.0,0.0,-5.19,1.38,0.0
20231219:0811,0.0,0.0,-5.12,1.38,0.0
20231219:0911,0.0,0.0,-5.35,1.1,0.0
20231219:1011,3.56,3.74,-5.41,0.97,0.0
20231219:1111,5.34,5.03,-5.51,0.97,0.0
20231219:1211,7.12,4.61,-5.6,0.97,0.0
20231219:1311,1.78,2.51,-5.75,1.03,0.0
20231219:1411,0.0,0.0,-5.88,1.03,0.0
20231219:1511,0.0,0.0,-6.47,1.24,0.0
20231219:1611,0.0,0.0,-6.25,1.03,0.0
20231219:1711,0.0,0.0,-6.17,0.76,0.0
20231219:1811,0.0,0.0,-6.28,0.55,0.0
20231219:1911,0.0,0.0,-7.73,0.83,0.0
20231219:2011,0.0,0.0,-8.15,1.1,0.0
20231219:2111,0.0,0.0,-8.49,1.1,0.0
20231219:2211,0.0,0.0,-8.23,1.31,0.0
20231219:2311,0.0,0.0,-8.25,1.38,0.0
20231220:0011,0.0,0.0,-7.97,1.31,0.0
20231220:0111,0.0,0.0,-7.99,1.24,0.0
20231220:0211,0.0,0.0,-7.49,1.17,0.0
20231220:0311,0.0,0.0,-7.61,1.03,0.0
20231220:0411,0.0,0.0,-7.59,0.83,0.0
20231220:0511,0.0,0.0,-7.44,0.76,0.0
20231220:0611,0.0,0.0,-7.32,1.03,0.0
20231220:0711,0.0,0.0,-6.97,0.9,0.0
20231220:0811,0.0,0.0,-7.25,1.1,0.0
20231220:0911,0.0,0.0,-7.18,0.97,0.0
20231220:1011,3.56,3.71,-7.1,0.9,0.0
20231220:1111,5.34,5.01,-7.1,1.31,0.0
20231220:1211,4.45,4.61,-7.09,1.38,0.0
20231220:1311,1.78,2.52,-7.06,0.97,0.0
20231220:1411,0.0,0.0,-7.12,0.9,0.0
20231220:1511,0.0,0.0,-7.19,0.69,0.0
20231220:1611,0.0,0.0,-7.18,0.62,0.0
20231220:1711,0.0,0.0,-7.41,0.76,0.0
20231220:1811,0.0,0.0,-7.65,0.69,0.0
20231220:1911,0.0,0.0,-7.46,0.9,0.0
20231220:2011,0.0,0.0,-7.47,0.9,0.0
20231220:2111,0.0,0.0,-7.66,0.9,0.0
20231220:2211,0.0,0.0,-7.84,0.97,0.0
20231220:2311,0.0,0.0,-8.18,1.03,0.0
20231221:0011,0.0,0.0,-8.17,0.97,0.0
20231221:0111,0.0,0.0,-8.59,1.17,0.0
20231221:0211,0.0,0.0,-8.94,1.24,0.0
20231221:0311,0.0,0.0,-9.08,1.38,0.0
20231221:0411,0.0,0.0,-8.97,1.52,0.0
20231221:0511,0.0,0.0,-8.73,1.66,0.0
20231221:0611,0.0,0.0,-8.5,1.72,0.0
20231221:0711,0.0,0.0,-8.53,1.72,0.0
20231221:0811,0.0,0.0,-8.69,1.79,0.0
20231221:0911,0.0,0.0,-9.24,1.79,0.0
20231221:1011,3.56,3.68,-9.56,1.66,0.0
20231221:1111,8.01,5.0,-9.42,1.52,0.0
20231221:1211,4.45,4.61,-9.41,1.38,0.0
20231221:1311,1.78,2.53,-9.41,1.31,0.0
20231221:1411,0.0,0.0,-9.38,1.1,0.0
20231221:1511,0.0,0.0,-9.44,0.9,0.0
20231221:1611,0.0,0.0,-9.13,0.69,0.0
20231221:1711,0.0,0.0,-8.86,0.55,0.0
20231221:1811,0.0,0.0,-8.72,0.34,0.0
20231221:1911,0.0,0.0,-7.51,0.69,0.0
20231221:2011,0.0,0.0,-7.23,0.69,0.0
20231221:2111,0.0,0.0,-6.99,0.76,0.0
20231221:2211,0.0,0.0,-6.9,0.9,0.0
20231221:2311,0.0,0.0,-6.98,0.97,0.0
20231222:0011,0.0,0.0,-7.27,1.03,0.0
20231222:0111,0.0,0.0,-7.72,1.03,0.0
20231222:0211,0.0,0.0,-8.39,1.31,0.0
20231222:0311,0.0,0.0,-8.79,1.45,0.0
20231222:0411,0.0,0.0,-8.56,1.31,0.0
20231222:0511,0.0,0.0,-8.88,1.24,0.0
20231222:0611,0.0,0.0,-9.44,1.38,0.0
20231222:0711,0.0,0.0,-9.63,1.52,0.0
20231222:0811,0.0,0.0,-9.6,1.31,0.0
20231222:0911,0.0,0.0,-9.4,1.17,0.0
20231222:1011,14.23,3.66,-9.72,1.1,0.0
20231222:1111,5.34,4.99,-10.11,1.03,0.0
20231222:1211,4.45,4.61,-10.44,1.03,0.0
20231222:1311,1.78,2.55,-10.73,0.97,0.0
20231222:1411,0.0,0.0,-11.01,0.76,0.0
20231222:1511,0.0,0.0,-11.4,0.48,0.0
20231222:1611,0.0,0.0,-11.72,0.34,0.0
20231222:1711,0.0,0.0,-12.23,0.21,0.0
20231222:1811,0.0,0.0,-12.27,0.34,0.0
20231222:1911,0.0,0.0,-12.78,0.48,0.0
20231222:2011,0.0,0.0,-13.14,0.62,0.0
20231222:2111,0.0,0.0,-13.6,0.76,0.0
20231222:2211,0.0,0.0,-14.05,0.83,0.0
20231222:2311,0.0,0.0,-14.9,0.97,0.0
20231223:0011,0.0,0.0,-15.91,1.1,0.0
20231223:0111,0.0,0.0,-16.51,1.17,0.0
20231223:0211,0.0,0.0,-16.77,1.31,0.0
20231223:0311,0.0,0.0,-17.07,1.38,0.0
20231223:0411,0.0,0.0,-17.72,1.38,0.0
20231223:0511,0.0,0.0,-18.15,1.38,0.0
20231223:0611,0.0,0.0,-18.26,1.38,0.0
20231223:0711,0.0,0.0,-18.16,1.24,0.0
20231223:0811,0.0,0.0,-18.07,1.17,0.0
20231223:0911,0.0,0.0,-16.5,0.97,0.0
20231223:1011,3.56,3.65,-14.83,0.9,0.0
20231223:1111,5.34,5.0,-14.07,0.9,0.0
20231223:1211,4.45,4.63,-13.92,0.9,0.0
20231223:1311,1.78,2.58,-14.27,1.03,0.0
20231223:1411,0.0,0.0,-14.32,1.03,0.0
20231223:1511,0.0,0.0,-14.78,1.1,0.0
20231223:1611,0.0,0.0,-15.74,1.17,0.0
20231223:1711,0.0,0.0,-15.85,1.17,0.0
20231223:1811,0.0,0.0,-16.89,1.24,0.0
20231223:1911,0.0,0.0,-14.14,1.24,0.0
20231223:2011,0.0,0.0,-14.92,1.31,0.0
20231223:2111,0.0,0.0,-17.51,1.52,0.0
20231223:2211,0.0,0.0,-17.71,1.59,0.0
20231223:2311,0.0,0.0,-17.12,1.66,0.0
20231224:0011,0.0,0.0,-16.56,1.66,0.0
20231224:0111,0.0,0.0,-16.31,1.72,0.0
20231224:0211,0.0,0.0,-16.81,1.86,0.0
20231224:0311,0.0,0.0,-16.48,1.86,0.0
20231224:0411,0.0,0.0,-15.68,1.79,0.0
20231224:0511,0.0,0.0,-15.3,1.93,0.0
20231224:0611,0.0,0.0,-14.64,1.79,0.0
20231224:0711,0.0,0.0,-14.8,1.79,0.0
20231224:0811,0.0,0.0,-13.88,1.79,0.0
20231224:0911,0.0,0.0,-13.39,1.86,0.0
20231224:1011,3.56,3.65,-13.09,1.86,0.0
20231224:1111,5.34,5.0,-12.67,1.86,0.0
20231224:1211,4.45,4.65,-12.4,1.72,0.0
20231224:1311,1.78,2.62,-12.35,1.66,0.0
20231224:1411,0.0,0.0,-12.39,1.59,0.0
20231224:1511,0.0,0.0,-12.41,1.59,0.0
20231224:1611,0.0,0.0,-12.42,1.66,0.0
20231224:1711,0.0,0.0,-12.27,1.66,0.0
20231224:1811,0.0,0.0,-12.36,1.66,0.0
20231224:1911,0.0,0.0,-11.55,1.59,0.0
20231224:2011,0.0,0.0,-11.63,1.59,0.0
20231224:2111,0.0,0.0,-11.52,1.72,0.0
20231224:2211,0.0,0.0,-11.41,1.72,0.0
20231224:2311,0.0,0.0,-10.84,1.59,0.0
20231225:0011,0.0,0.0,-10.66,1.59,0.0
20231225:0111,0.0,0.0,-10.39,1.52,0.0
20231225:0211,0.0,0.0,-10.06,1.38,0.0
20231225:0311,0.0,0.0,-9.65,1.17,0.0
20231225:0411,0.0,0.0,-8.8,0.97,0.0
20231225:0511,0.0,0.0,-8.27,0.76,0.0
20231225:0611,0.0,0.0,-7.94,0.76,0.0
20231225:0711,0.0,0.0,-6.92,1.03,0.0
20231225:0811,0.0,0.0,-6.56,1.17,0.0
20231225:0911,0.0,0.0,-6.45,1.17,0.0
20231225:1011,3.56,3.65,-6.78,1.1,0.0
20231225:1111,5.34,5.02,-6.95,1.03,0.0
20231225:1211,4.45,4.68,-7.03,1.1,0.0
20231225:1311,1.78,2.66,-6.91,1.03,0.0
20231225:1411,0.0,0.0,-7.04,1.1,0.0
20231225:1511,0.0,0.0,-6.94,1.03,0.0
20231225:1611,0.0,0.0,-6.95,1.03,0.0
20231225:1711,0.0,0.0,-7.02,0.97,0.0
20231225:1811,0.0,0.0,-7.12,1.03,0.0
20231225:1911,0.0,0.0,-7.54,1.31,0.0
20231225:2011,0.0,0.0,-7.27,1.1,0.0
20231225:2111,0.0,0.0,-7.19,1.03,0.0
20231225:2211,0.0,0.0,-7.21,0.97,0.0
20231225:2311,0.0,0.0,-7.25,0.97,0.0
20231226:0011,0.0,0.0,-7.37,0.97,0.0
20231226:0111,0.0,0.0,-7.62,0.9,0.0
20231226:0211,0.0,0.0,-7.67,0.76,0.0
20231226:0311,0.0,0.0,-7.79,0.48,0.0
20231226:0411,0.0,0.0,-8.0,0.41,0.0
20231226:0511,0.0,0.0,-8.08,0.34,0.0
20231226:0611,0.0,0.0,-8.09,0.28,0.0
20231226:0711,0.0,0.0,-6.96,0.14,0.0
20231226:0811,0.0,0.0,-7.11,0.34,0.0
20231226:0911,0.0,0.0,-7.3,0.41,0.0
20231226:1011,3.56,3.66,-7.25,0.48,0.0
20231226:1111,5.34,5.05,-6.85,0.55,0.0
20231226:1211,4.45,4.72,-6.81,0.62,0.0
20231226:1311,1.78,2.71,-6.7,0.76,0.0
20231226:1411,0.0,0.0,-6.77,0.83,0.0
20231226:1511,0.0,0.0,-6.85,0.9,0.0
20231226:1611,0.0,0.0,-6.94,0.97,0.0
20231226:1711,0.0,0.0,-7.24,1.03,0.0
20231226:1811,0.0,0.0,-7.44,0.97,0.0
20231226:1911,0.0,0.0,-7.39,0.97,0.0
20231226:2011,0.0,0.0,-7.51,0.97,0.0
20231226:2111,0.0,0.0,-8.3,0.9,0.0
20231226:2211,0.0,0.0,-8.76,0.9,0.0
20231226:2311,0.0,0.0,-8.73,1.03,0.0
20231227:0011,0.0,0.0,-9.77,0.97,0.0
20231227:0111,0.0,0.0,-9.51,0.97,0.0
20231227:0211,0.0,0.0,-10.57,0.9,0.0
20231227:0311,0.0,0.0,-10.47,0.83,0.0
20231227:0411,0.0,0.0,-10.62,0.83,0.0
20231227:0511,0.0,0.0,-11.26,0.9,0.0
20231227:0611,0.0,0.0,-12.34,0.9,0.0
20231227:0711,0.0,0.0,-10.14,0.62,0.0
20231227:0811,0.0,0.0,-9.99,0.69,0.0
20231227:0911,0.0,0.0,-10.06,0.69,0.0
20231227:1011,3.56,3.68,-10.36,0.83,0.0
20231227:1111,5.34,5.08,-10.79,1.1,0.0
20231227:1211,22.24,4.77,-11.71,1.24,0.0
20231227:1311,8.9,2.77,-13.48,1.45,0.0
20231227:1411,0.0,0.0,-15.27,1.59,0.0
20231227:1511,0.0,0.0,-16.35,1.93,0.0
20231227:1611,0.0,0.0,-16.39,2.0,0.0
20231227:1711,0.0,0.0,-16.36,2.07,0.0
20231227:1811,0.0,0.0,-16.06,2.07,0.0
20231227:1911,0.0,0.0,-15.66,2.0,0.0
20231227:2011,0.0,0.0,-15.13,2.0,0.0
20231227:2111,0.0,0.0,-14.3,2.0,0.0
20231227:2211,0.0,0.0,-13.47,2.07,0.0
20231227:2311,0.0,0.0,-12.88,2.07,0.0
20231228:0011,0.0,0.0,-12.42,2.14,0.0
20231228:0111,0.0,0.0,-12.05,2.21,0.0
20231228:0211,0.0,0.0,-12.0,2.28,0.0
20231228:0311,0.0,0.0,-11.95,2.28,0.0
20231228:0411,0.0,0.0,-11.88,2.28,0.0
20231228:0511,0.0,0.0,-11.72,2.07,0.0
20231228:0611,0.0,0.0,-11.8,2.0,0.0
20231228:0711,0.0,0.0,-12.3,2.07,0.0
20231228:0811,0.0,0.0,-12.14,1.93,0.0
20231228:0911,0.0,0.0,-12.1,1.93,0.0
20231228:1011,14.23,3.71,-12.04,1.93,0.0
20231228:1111,30.25,5.12,-11.78,1.79,0.0
20231228:1211,20.46,4.82,-11.7,1.72,0.0
20231228:1311,2.67,2.84,-11.8,1.66,0.0
20231228:1411,0.0,0.0,-11.88,1.66,0.0
20231228:1511,0.0,0.0,-12.24,1.79,0.0
20231228:1611,0.0,0.0,-12.13,1.79,0.0
20231228:1711,0.0,0.0,-12.0,1.79,0.0
20231228:1811,0.0,0.0,-11.7,1.86,0.0
20231228:1911,0.0,0.0,-11.4,1.93,0.0
20231228:2011,0.0,0.0,-11.38,1.93,0.0
20231228:2111,0.0,0.0,-11.73,1.93,0.0
20231228:2211,0.0,0.0,-11.51,1.93,0.0
20231228:2311,0.0,0.0,-11.72,1.93,0.0
20231229:0011,0.0,0.0,-11.58,2.0,0.0
20231229:0111,0.0,0.0,-11.73,2.0,0.0
20231229:0211,0.0,0.0,-11.56,1.93,0.0
20231229:0311,0.0,0.0,-11.49,1.86,0.0
20231229:0411,0.0,0.0,-11.19,1.79,0.0
20231229:0511,0.0,0.0,-10.84,1.66,0.0
20231229:0611,0.0,0.0,-10.82,1.66,0.0
20231229:0711,0.0,0.0,-9.9,1.79,0.0
20231229:0811,0.0,0.0,-9.33,1.66,0.0
20231229:0911,0.0,0.0,-8.87,1.59,0.0
20231229:1011,14.23,3.75,-8.52,1.52,0.0
20231229:1111,22.24,5.17,-8.47,1.45,0.0
20231229:1211,18.68,4.88,-8.6,1.38,0.0
20231229:1311,7.12,2.91,-8.7,1.38,0.0
20231229:1411,0.0,0.0,-9.24,1.38,0.0
20231229:1511,0.0,0.0,-9.53,1.38,0.0
20231229:1611,0.0,0.0,-9.67,1.38,0.0
20231229:1711,0.0,0.0,-10.14,1.38,0.0
20231229:1811,0.0,0.0,-10.82,1.38,0.0
20231229:1911,0.0,0.0,-9.6,1.38,0.0
20231229:2011,0.0,0.0,-9.48,1.31,0.0
20231229:2111,0.0,0.0,-9.63,1.31,0.0
20231229:2211,0.0,0.0,-10.1,1.31,0.0
20231229:2311,0.0,0.0,-10.23,1.31,0.0
20231230:0011,0.0,0.0,-10.14,1.31,0.0
20231230:0111,0.0,0.0,-10.03,1.31,0.0
20231230:0211,0.0,0.0,-9.85,1.31,0.0
20231230:0311,0.0,0.0,-9.56,1.31,0.0
20231230:0411,0.0,0.0,-9.56,1.38,0.0
20231230:0511,0.0,0.0,-10.2,1.45,0.0
20231230:0611,0.0,0.0,-11.46,1.52,0.0
20231230:0711,0.0,0.0,-13.82,1.59,0.0
20231230:0811,0.0,0.0,-13.5,1.59,0.0
20231230:0911,0.0,0.0,-13.83,1.59,0.0
20231230:1011,3.56,3.79,-13.94,1.66,0.0
20231230:1111,5.34,5.23,-13.55,1.66,0.0
20231230:1211,4.45,4.95,-13.06,1.59,0.0
20231230:1311,2.67,2.99,-13.24,1.66,0.0
20231230:1411,0.0,0.0,-13.52,1.72,0.0
20231230:1511,0.0,0.0,-14.78,1.79,0.0
20231230:1611,0.0,0.0,-15.77,1.79,0.0
20231230:1711,0.0,0.0,-16.01,1.79,0.0
20231230:1811,0.0,0.0,-15.67,1.86,0.0
20231230:1911,0.0,0.0,-14.88,1.79,0.0
20231230:2011,0.0,0.0,-13.96,1.59,0.0
20231230:2111,0.0,0.0,-14.13,1.72,0.0
20231230:2211,0.0,0.0,-13.8,1.72,0.0
20231230:2311,0.0,0.0,-13.47,1.66,0.0
20231231:0011,0.0,0.0,-13.34,1.66,0.0
20231231:0111,0.0,0.0,-12.96,1.59,0.0
20231231:0211,0.0,0.0,-13.6,1.79,0.0
20231231:0311,0.0,0.0,-13.4,1.79,0.0
20231231:0411,0.0,0.0,-12.99,1.79,0.0
20231231:0511,0.0,0.0,-12.76,1.79,0.0
20231231:0611,0.0,0.0,-12.81,1.86,0.0
20231231:0711,0.0,0.0,-12.27,1.93,0.0
20231231:0811,0.0,0.0,-11.52,1.79,0.0
20231231:0911,0.0,0.0,-11.03,1.79,0.0
20231231:1011,3.56,3.84,-10.67,1.86,0.0
20231231:1111,8.01,5.29,-10.39,1.86,0.0
20231231:1211,28.47,5.03,-10.22,1.86,0.0
20231231:1311,2.67,3.08,-10.08,1.86,0.0
20231231:1411,0.0,0.0,-10.18,1.93,0.0
20231231:1511,0.0,0.0,-10.11,1.86,0.0
20231231:1611,0.0,0.0,-10.23,1.93,0.0
20231231:1711,0.0,0.0,-10.4,1.93,0.0
20231231:1811,0.0,0.0,-10.38,1.93,0.0
20231231:1911,0.0,0.0,-10.13,1.86,0.0
20231231:2011,0.0,0.0,-10.18,1.93,0.0
20231231:2111,0.0,0.0,-10.41,2.0,0.0
20231231:2211,0.0,0.0,-10.59,2.0,0.0
20231231:2311,0.0,0.0,-10.79,2.07,0.0

G(i): Global irradiance on the inclined plane (plane of the array) (W/m2)
H_sun: Sun height (degree)
T2m: 2-m air temperature (degree Celsius)
WS10m: 10-m total wind speed (m/s)
Int: 1 means solar radiation values are reconstructed



PVGIS (c) European Union, 2001-2026